.388,.127
-731.11,126.75
-.0401,.0315
-.0247,.309
-3071.65,935.58
-.385,.495
1.36,.46
-2769.39,530.96
-702.83,113.96
-3024.16,925.85
.399,.118
.343,.164
-2665.08,564.79
.396,.128
-710.52,113.75
-.0356,.0426
.386,.127
-718.16,122.69
1.86,.49
.49,.52
-.737,.257
312.2,7463
1.979,.708
6.124,2.194
-.311,.509
43.35,5.129
-.142,.5659999999999999
.237,.024
.013,.00311
29.17,5.444
3.321,.616
.0165,.0066
.0494,.0142
.0186,.00693
.2462,.8179999999999999
.24,.0293
-.591,.206
.0265,.00657
-.603,.232
6.638,2.156
1.32,.43
.0104,.0068
.0042,.0039
.0048,.0041
.0118,.0066
.0104,.00205
.0468,.0142
.0233,.0128
1843,6859.3
.95,.71
.0008,.0044
1.4,.74
.0063,.0226
-.912,.172
.26,.55
8.862,2.226
.79,.47
2.327,.629
.49,.47
.0207,.00848
47.13,5.602
.049,.0134
.1884,.1483
.011,.0116
-.548,.216
.0166,.00526
2.03,.539
.0083,.0062
.0203,.00859
1.446,.699
.0526,.0135
3.74,.758
2.004,.829
.0252,.00662
.0244,.00915
.03,.0073
.0281,.00731
-.113,.375
.0275,.00726
.0134,.00807
.0475,.0131
.0243,.00716
6.913,2.1
-1.102,.179
-.667,.242
.0227,.00679
.0443,.0134
-.504,.265
43.37,5.069
.0002,.0042
.0429,.0143
.0488,.0143
-6949.2,9093.5
.0363,.0122
1.62,.96
.0253,.00642
.0253,.0136
-.01531,.00434
.00036,.00285
.191,.065
-.09024,.02326
-2715,706
.00066,.00314
-.09121,.02063
.223,.078
-38,480
.109,.0688
-3873,910
-.131,.0283
-.00913,.00315
.00455,.00554
-.00066,.00322
-.00259,.00295
.04084,.03016
.279,.0356
-.00772,.0039
-.114,.0285
651,378
-.0107,.00457
.00325,.02662
-.00638,.00342
.117,.066
.26,.078
.244,.068
-.0051,.00221
.646,.0767
.00055,.01776
.128,.0686
.00068,.00297
.487,.0563
.25,.078
-.07656,.0217
.182,.063
-.02182,.00789
-.0045,.000974
-.007203,.0037
-223,537
-.00431,.00111
-.01039,.00411
-1199,498
.0612,.00324
-.222,.079
.00289,.00661
.0056,.00307
.0274,.00952
2.866,.844
4.17,.917
1.022,1.161
.849,.9330000000000001
.0235,.0215
.003,.00788
4.207,2.807
-.205,.056
15.24,5.164
.0519,.023
.0676,.0693
-.119,.058
.0102,.00725
-.138,.078
10.66,5.831
3.661,2.378
.0119,.0136
1.599,.747
2.238,.828
.00426,.00421
4.191,2.309
1.908,.802
.0266,.00733
.00918,.00883
4.048,1.894
-.123,.056
8.022,2.426
.00275,.00224
.0351,.0188
.111,.0372
8.831,2.016
.00126,.011
.0141,.00368
3.997,1.428
.0239,.0119
2.515,.659
6.373,1.213
5.166,1.109
3.5,1.44
.0169,.00603
1.043,1.439
.00658,.00558
-.083,.037
.0165,.0066
-.369,.137
.0158,.0071
-.63,.191
-.345,.105
.08578,.12013
-.03088,.01525
-.136,.131
.0247,.02271
-.0084,.00478
-.145,.091
-.431,.096
.05763,.08136
-.335,.117
-.03571,.01815
-.03288,.01525
.1162,.05319
-.375,.137
.065,.063
.089,.068
.98,.38
.053,.046
.159,.062
.98,.38
.833,.331
1.734,.429
1.734,.429
.833,.331
.73,.38
.137,.054
-.451,.072
.73,.38
-.519,.059
.505,.239
1.38,.57
1.38,.57
-.297,.054
.751,.127
-.321,.126
-.448,.071
-.308,.055
-.369,.122
-.18,.093
-.507,.059
.087,.075
.019,.047
19.01,4.357
.448,.71
-2.63,.667
.087,.045
3.301,6.605
5.445,4.47
-.11,.613
23.76,5.071
3.212,4.514
.124,3.717
3.459,3.653
-1.765,.6909999999999999
-2.749,.8179999999999999
22.838,5.245
3.574,4.398
2.343,6.598
.23,4.641
.457,4.258
-3.128,.956
.082,.079
.139,.119
.092,.119
.079,.116
-3.35,2.46
-6.57,3.13
-.24,2.04
.015,.046
-.114,.191
3.39,2.23
-2.32,1.78
-2.04,1.79
3.01,2.21
.103,.082
-.011,.202
-2.6,3.54
-.011,.051
-.62,2.02
-.104,.142
.124,.116
-3.05,1.67
-3.43,.8100000000000001
-.88,3.41
3.54,3.73
3.32,.83
-2.83,.59
3.29,.71
-2.42,.59
-1.36,.48
.307,.103
.313,.101
56.14,6.33
.148,.073
.019,.062
.322,.104
.287,.142
.297,.083
.289,.0832
.012,.062
3.58,1.61
.315,.114
.0115,.0049
-.117,.044
.023,.043
-.134,.073
-.137,.063
-.0028,.0068
-.125,.064
.013,.0048
.923,.427
.668,.286
.243,1.129
.5629999999999999,.215
.331,.31
.5570000000000001,.217
.107,.045
-1.986,.908
-2.268,1.194
-.489,.795
-2.752,1.177
-1.983,.9399999999999999
-.766,.827
-1.995,.9409999999999999
-.575,.794
-.85,.778
-1.818,.878
-2.558,1.238
-2.484,1.234
-2.191,.892
-2.757,1.192
-.5659999999999999,.79
-2.15,1.07
-1.79,1.09
-1.69,1.09
-1.7,1.02
-.352,.128
-.345,.131
-.327,.124
-.524,.117
-.327,.124
-.531,.117
-.352,.128
-.345,.131
-.524,.117
-.531,.117
-.0303,.00763
-.486,.147
-1.205,.0442
-.538,.107
-.0303,.00763
-.538,.107
.0944,.062
-.486,.147
-.528,.107
-.528,.107
-1.205,.0442
.0944,.062
-.0736,.154
-.101,.0269
-.00207,.00555
-.021,.00566
-.0736,.154
.00944,.00861
-.00207,.00555
-.101,.0269
-.00877,.00667
-.00877,.00667
-.021,.00566
.00944,.00861
-.00267,.00114
-.0332,.000744
-.172,.0175
-.0494,.00197
-.0494,.00197
-.00267,.00114
-.0322,.000939
-.0332,.000744
-.0322,.000939
-.172,.0175
.00001,.00842
.267,.329
.376,.338
.628,.367
.155,.089
.217,.104
.074,.00894
8.204000000000001,3.558
12.332,6.924
18.254,4.407
8.438000000000001,3.542
3.862,1.057
.326,.04
.095,.037
.314,.046
.028,.039
.115,.046
.241,.042
.261,.076
.014,.071
.12,.037
.301,.063
.284,.085
.321,.054
.331,.072
.049,.039
.147,.03952658
.284,.07636428
.063,.02507818
.081,.0456497
.012,.0111541
.057,.02074401
.072,.08132924
.018,.01119927
.208,.08941053
.082,.02849041
1.476,.39687912
.035,.06358253
.014,.02176125
.003,.00167915
.15,.05970995
.057,.03940186
.123,.03307326
.103,.09105931
.073,.01962885
.118,.07752772
.003,.0018131
.749,.35328994
.156,.06209834
.02,.03877535
.02,.01416601
.051,.03838802
.074,.04
8.186999999999999,3.783
.057,.02149265
.028,.02243437
.027,.0119621
.023,9.013999999999999
.013,.01301853
5.866,2.492
9.971,4.42
6.121,2.825
.06,.03626193
.141,.07781841
.063,.01693996
4.425,2.703
.078,.03872715
.006,.00546215
5.766,2.589
5.769,2.703
.02,.01142409
.088,.03653096
.003,.03230023
.376,.22724142
.15,.085
.618,.3823225
.152,.037
.129,.04482027
.011,.01998308
.003,.07976965
.008,.0064379
.034,.06555393
.007,.27923035
.286,.17895209
.005,.00521853
.016,.00687773
.006,.03216
.041,.01102442
.107,.11787133
.005,.01790068
.071,.02466852
.389,.10459755
.151,.151
.021,.69804369
.113,.05142707
.017,.01789058
.003,.0033325
.016,.00746126
.004,.03002
.134,.04876662
.031,.02451288
.45,.19911504
1.037,.511
3.829,1.815
.51,.25628141
.33,.1441048
.24,.11111111
4.721,1.28
.9370000000000001,.462
1.401,.3767125
.0269,.00840231
.43,.45
-3.99,1.4
-3.13,1.54
.2,.57
-.2969,.9323
-6.39,1.52
-2.38,.79
9.01,1.86
.0409,.7314000000000001
-.637,.242
.68,.99
.29,2.06
-.88,1.79
.2,.93
.74,.91
-2.56,1.44
-1.1434,.2553
-2.29,.88
-.9656,.3811
-.8557,.3425
7.28,1.7
7,1.73
10.05,1.95
10.1,2.18
-.65,2.1
.35,.20385745
7.482,.931
6.99,1.63
1.695,.5590000000000001
-3.27,.78
.33,.48
-2.98,1.48
.4,.45
-.59,1.71
1.71,1.6
8.59,1.74
-.8462,.2187
-3.92,1.26
.0173,.0084
1.42,1.41
.674,.18123071
.0263,.01195455
-6.58,1.46
-3.09,1.54
-.629,.257
-.32,1.62
1,1.27
9.140000000000001,2.43
.26,.92
.2,1.93
1.46,1.2
-5.48,1.52
-.59,.91
-.47,1.67
-1.62,1.19
.39,.45
.3,.95
.0494,.01240801
-.11,.74
.25,.49
.2,.066
.24,.54
9.199999999999999,1.7
-2.87,1.47
-5.01,1.62
1.737,.518
1.53,1.48
1.18,1.45
-5.34,1.34
.4,.92
.0113,.0037
-.31,1.94
.912,.33190413
-2.87,.68
.28,.46
-.2954,.6913
.069,.01855329
.0098,.0038
2.559,.671
.013,.00504692
.0093,.004
-1.6883,.4649
.087,.02339328
.847,.192
-.5371,.2351
-1.2114,.3999
.0116,.012
1.566,.09
.0073,.0039
.6830000000000001,.103
.0167,.0092
1.357,.238
.795,.176
.74,.161
.042,.01129331
.0142,.0053
.0163,.0093
.021,.01299154
.0111,.0043
1.201,.232
-374.096,38.744
.968,.115
126.826,27.069
-.594,.2285
.787,.174
-234.738,32.406
.0095,.00369
.004,.00248873
-.8874,.3026
-1.4918,.8385
.0077,.0037
.0072,.011
-2.536,.334
.001,.00100557
.002,.01666667
.021,.04259481
.97,.33680556
.001,.00142881
.002,.00420076
.01,.03420266
-2.44,.183
.053,.02278249
.011,.01956702
3.16,1.3859649
.54,.33333333
.095,.03300718
.007,.02352063
-.521,.221
-2.337,.17
.022,.01009174
.038,.01988451
.093,.03009482
.041,.01889322
2.7464,1.032
.001,.00076647
.005,.00335378
-1.202,.186
.003,.00875999
.081,.048
.023,.01161616
.036,.016
1.05,.5801105
.003,.00319667
.024,.01066667
.52,.47272727
1.8,1.1842105
.006,.00499851
.055,.04177685
1.61,.88461538
.02,.01498551
.029,.01479619
.024,.01922946
1.38,.8263473099999999
.052,.049
-1.248,.154
-.5764,.266
.011,.00487345
2.6705,.999
.009,.01168831
-2.544,.313
6.12,2.4
.6,.21052632
.094,.03041843
-.516,.193
.004,.01016693
.3,.15706806
-.665,.291
-.91,.84
.31,.5
.0038,.00102178
.041,.0104
.0999,.0106
.84,.82
-.519,.285
.85,.44502618
-.34,.68
.01,.16666667
.0412,.0102
4.1,1.9248826
.067,.405
.058,.047
.1236,.051
.73,.37244898
.315,.574
.042,.02085308
.0166,.0078
1.09,1.1978022
.18,.04839989
.45,.58
.0177,.0074
.1,.25
.331,.10711169
.02,2
.106,.02850216
1.45,1.1417323
1.98,.8959276
.72,.312
.044,.058
.63,.315
1.43,.72588832
.059,.02401045
.62,.23574144
-.07,.43
.0166,.0077
.76,.37073171
.61,.68
.176,.06405167
.54,.27
-.781,.781
.25,.6899999999999999
.13,.0890411
.031,.01077076
.339,.13614458
.187,.11835443
.241,.1012605
-1.194,.453
.171,.13571429
.0405,.0114
.033,.053
2.34,1.2124352
.123,.053
.058,.046
2.45,.53030303
.098,.042
.0075,.0122
.08,.043
.084,.06967908
.022,.00591554
.042,.039
.831,.831
.103,.03998712
.077,.048
.407,.08905908
.368,.12785939
.011,.0035596
.069,.03753215
.0305,.0245
.08,.046
.414,.09118943
.392,.08252632
.019,.038
.4,.08583691
.101,.07291515
.008,.0025888
.005,.00238444
1.91,.7928879
1.941,.5219121799999999
1.59,.38
.15,.43
.135,.072
.614,.30770876
.032,.07656827
.357,.14110672
.053,.39776494
1.067,.49168459
.192,.068
.4,.48
.135,.074
.056,.18175433
.01,.01203437
.192,.066
.368,.1168254
.71,.4
.03,.05882353
.04,.02564103
.02,.02352941
.009,.06628666
.01,.02702703
.459,.18679316
.04,.02484472
.265,.09992195
.022,.00829541
.11,.02925532
.01,.04166667
.001,.00080825
.048,.05309785
.047,.01824655
.17,.04381443
.03,.03846154
.13,.08179869
.06,.0375
1,.6
-.871,.286
-1.412,.401
-1.255,.253
-.744,.301
-.8110000000000001,.267
-.705,.179
.0375,.0195
.0467,.0239
-.033,.081
.083,.087
.0631,.0174
.0489,.0149
.038,.095
-.0985,.0279
-.0669,.0236
-.1162,.172
.0704,.171
-.0745,.0284
-.0839,.037
1.169,.391
1.998,.268
.279,.151
1.093,.278
1.087,.275
.158,.0847
.916,.191
1.997,.266
.889,.202
2.015,.264
.92,.192
.9,.186
.277,3.11
.205,2.24
-68.2,14.36
-22.5,15.34
-14.7,14.86
-50.5,15.99
-181.9,10.94
-33,14.98
-46.4,15.21
-63.6,14.39
.265,3.29
-37,15.15
-75.7,14.77
-103.8,8.73
.337,2.41
-40.5,15.18
-19.9,13.03
-57.2,16.37
.323,2.58
-170,9.56
-193.1,8.949999999999999
.209,2.44
.054,.04
.00865,.000695
-.9399999999999999,1.69
-.96,1.77
-16.3,4.95
.131,.99
.9399999999999999,1.64
-.52,1.66
-11.2,4.43
.039,.044
-38,14.41
4.18,1.85
-14.9,4.67
3.36,1.82
.069,.047
32.7,5.64
.19,1.77
-25.9,13.55
.0087,.00062
.034,.041
12.9,9.27
5.83,1.97
-22.1,12.88
-17.4,4.67
.00744,.000738
-50.3,12.23
.1,.044
1.04,2.58
.9330000000000001,3.65
1.046,2.94
1.73,1.51
.9,3.14
.183,1.22
.103,.05
.12,.051
.47,1.53
-37,15.15
-33,13.89
.00903,.000781
.00827,.000712
-6.87,2.07
-66.90000000000001,13.99
-20.4,12.43
.0116,.00145
1.87,18.7
22.6,11.4
1.43,1.53
2.6,.6899999999999999
.00549,.00131
.00801,.00161
.00957,.000894
.00366,.00118
15.6,7.639
.5629999999999999,.742
.061,.253
.00486,.00102
1.722,.592
.195,.741
4.918,.43
.3,.062
.285,.068
.261,1.14
.0302,.00233
1.537,1.088
-.098,.037
77,60
-.572,.224
3.56,.417
.0725,.00537
6.007,.829
.00372,.00227
-.274,.104
3.568,.329
5.995,.855
.0139,.00255
.0237,.00997
23.3,76.90000000000001
110,330
1.535,1.055
.266,1.129
887,487
.273,.062
.019,.039
.0115,.00173
8.715,.966
.257,.069
.098,.187
.166,.154
8.699999999999999,.975
-.525,.252
.28,.068
.506,.159
-.393,.077
.248,.0473
3.568,.329
8.532999999999999,.254
3.459,.288
.274,.149
.359,.113
3.473,.348
.31,.112
4.079,.311
4.169,.306
4.925,.363
-.228,.156
.555,.042
4.479,.43
3.619,.4321
.39,.111
4.066,.373
.374,.116
-43.3,902
.31,.115
.332,.162
-443,1257
.423,.162
-.257,.142
.469,.163
.22,.0501
4.623,.494
8.145,.398
.197,.113
.677,.037
.381,.141
.6,.042
-72.5,222
.518,.164
.543,.051
7.938,.373
7859.4,2140.1
-.047,.054
.044,.048
3.63,391
.354,.108
8.488,.265
.293,.113
4.364,.298
.58,.133
.0248,.00471
14.735,1.225
.297,.411
11.664,6.254
16.499,1.27
.112,.518
.242,.084
.092,.111
1.545,26.628
.527,.052
9.275,1.244
.86,.416
.703,1.105
1.044,.098
.724,1.822
6.5,.378
3.459,.288
.309,.062
16.858,15.228
.0437,.00772
.457,.098
.00205,.00191
1.113,1.054
.338,2.723
4.077,3.508
.43,.044
20.918,.514
6.002,3.102
1.32,2.596
11.155,1.54
.0307,.00616
.782,1.007
.099,.156
.1,.138
.524,.131
.00188,.00222
.206,.113
3.857,.61
.035,.114
226,163
528,476
.977,.695
18.256,7.804
.0342,.00574
.29,.621
3.991,.293
2.192,.492
7.773,.378
21.858,.376
4.479,.43
7.266,.661
1.759,3.133
1.175,.467
.225,.149
-27.3,111
19.8,8.31
-1.009,.293
.047,.087
-.983,.293
.482,.347
.075,.037
.147,.247
2.271,1.75
-13.8,599
-.576,.197
.37,.307
-1.53,.49
-1.19,.48
.054,.046
.014,.038
.15,.055
-.066,.047
.05,.077
-.025,.037
-.037,.044
-.001,.039
-.05,.039
-.242,.097
-.0893,.094
-.292,.111
-.277,.128
-.149,.042
-.026,.037
-.384,.131
-.358,.133
-.445,.147
-.181,.037
-.167,.039
-.134,.092
-.273,.122
-.273,.125
4.61,2.25
3.27,1.52
4.46,2.22
1.47,.6899999999999999
5.35,2.67
3.37,1.52
1.41,.76
.61,.42
.57,.38
.57,.45
.52,.37
.7,.46
.62,.41
3.33,1.53
5.32,2.55
.35,.47
.15,1.07
.03,1.23
.46,1.29
.06,.38
.22,2.31
.48,1.89
6.56,2.72
6.47,2.36
.37,1.51
.17,2.26
.34,2.03
4.68,2.27
.03,.42
.01,1.47
.04,.43
98.13,142.37
291.23,326.38
124.31,153.63
113.95,309.64
128.09,58.28
128.14,136.72
9.300000000000001,190.25
105.66,59.32
229.37,285.74
101.72,295.8
40.62,163.42
39.28,176.21
.58,.285
.267,.329
-.626,.302
-.078,.044
-.627,.331
.09,.046
.1,.039
-.124,.048
-961.1900000000001,316.64
-913.52,319.3
-759.76,296.3
-734.36,298.96
907.5,318.62
504.1,816.7
486.62,790.05
324.11,1014.09
529.22,921.28
427.43,877.53
2.28,2.18
2.12,1.99
2.89,2.33
1.18,2.09
.71,2
297.9,416.3
269.59,419.13
.0674,.0152
.0002,.0127
.00098,.00124
.0884,.0193
-.0666,.0185
.67,.91
3.14,1.88
4.73,1.46
1.45,1.11
-17.22,6.3
8.24,6.09
.77,3.24
9.02,4.39
-.832,.278
-.728,.261
-.753,.261
.012,.044
.08,.039
.096,.046
.034,.038
.125,.051
.047,.065
.029,.045
.07,.091
.101,.043
.069,.081
.024,.037
.015,.037
-.2025,.0233
-.1863,.0226
-.5207000000000001,.0571
-.5463,.0553
-.2384,.0559
-.4196,.0542
.043,.138
.016,.064
.014,.056
1.378,1.15
.026,.183
7.146,5.871
1.432,3.05
1.173,4.41
3.976,5.068
.843,3.18
.9419999999999999,.78
.138,.048
.166,.064
.147,.048
.01,2.73
.153,.045
.305,.038
.013,2.54
-.1,.05
-.269,.0673
.011,3.07
-.152,.0375
.282,.058
.011,2.38
.313,.051
.01,3.02
.179,.076
-.294,.0663
-.157,.062
.012,3.09
-.308,.117
.144,.046
-.319,.117
.237,.099
.004,.157
-.1815,.0237
-.148,.0503
.007,2.34
-.2516,.0256
.149,.04
.145,.043
.012,3.17
.276,.046
-.104,.056
.236,.087
-.197,.049
-.5669999999999999,.173
-.594,.182
-.188,.047
.0277,.00772
.0453,.0117
-.2155,.0617
-.281,.135
.0506,.0113
-.278,.147
-.1534,.0563
.0412,.0085
-.0301,.0188
-.0068,.0039
-.0616,.0251
-.0534,.0268
-.0266,.0171
.553,.195
-1.85,2.1
.904,.118
.109,.046
.55,.195
-.0431,.0177
-.0441,.0101
.381,.169
.039,.058
-.063,.049
-.0519,.0103
-.74,2.24
-.53,.31
-1.82,2.12
.02,.32
.114,.3046
.931,.434
.473,.1208
-.053,.056
.033,.058
-.0505,.0233
.6544,.1275
-.91,2.5
.0535,.0238
.037,.043
-.0497,.0152
-.0193,.0169
-.0518,.0231
.141,.056
-.117,.072
.044,.051
-.674,.223
.004,.074
-.156,.055
.618,.119
.0102,.00218
.01,.00264
.0103,.00559
.0148,.00426
.0145,.00464
.00285,.00151
.00394,.000851
.00157,.000478
.00169,.000378
2.325,.982
2.223,.992
-.035,.133
.0178,.0446
-.337,.179
-.114,.0476
-.294,.162
.239,.118
.0394,.0772
-.033,.054
.06,.077
.19,.044
.085,.059
.102,.105
.015,.0093
.018,.074
.893,2.404
.737,2.149
.101,.049
.0765,.0184
.0842,.0187
2.16,.79
.1,.076
.43,.0058
.0037,.039
.35,.157
.054,.054
1.525,2.547
.015,.0093
.075,.082
.58,1.927
-.066,.09
.0695,.0167
.54,.199
.17,.087
.099,.048
3.52,.82
.043,.0058
.019,.039
.419,.145
-.178,.074
1.882,1.6954955
8.324999999999999,9.568965499999999
3.64,8.4651163
.01,.101
.156,.042
.064,.038
.044,.05176471
1.371,1.9309859
.355,.114
-.108,.116
.482,.154
.433,.163
.165,.045
-.5679999999999999,.05
10.411,4.739
.321,.843
.026,.085
-.236,.125
10.25,4.727
.079,.04968553
.5,1.303
.055,.09166667
-.578,.133
.108,.037
.013,.037
.592,.183
.434,.162
.019,.076
.01,.044
.613,.204
3.425,1.567
3.033,1.336
-.149,.056
.056,.04666667
-.607,.055
.616,.205
-.655,.051
.379,.29379845
1.784,3.2436364
-.548,.079
.089,.04836957
-.444,.048
-.249,.229
.059,.045
.06,.058
.009,.02093023
.339,.121
-.492,.133
.013,.057
-.637,.052
-.534,.058
.018,.056
.11,.062
.101,.05976331
.018,.03050847
.62,.069
.037,.039
.67,.075
.18,.096
.39,.45
.17,.046
.047,.02473684
.017,.02098765
.2,.065
.082,.06722689
.012,.02666667
.259,1.703
.67,.071
1.901,2.386
2.14,2.026
5.71,.57
7.08,.72
.15,.081
6.94,1.03
.057,.04789916
.072,.03692308
5.47,.72
.238,2.446
.017,.02575758
.806,1.322
.311,.111
.282,.16423995
2.355,1.294
3.775,2.065
.038,.07755102
.059,.06941176
.305,.27981651
.072,.2
.032,.02147651
.282,1.404
.212,.25853659
.035,.0239726
.026,.06666667
4.373,2.162
.008,.08888889
.044,.61111111
.315,.18
.31,.17222222
.059,.03986486
.542,1.697
.0633,.908
.386,.21940476
2.624,1.689
.269,.14861878
.15,.13636364
.012,.1
.052,.11746736
.292,.12749044
.011,.00382188
.239,1.853
7.507,3.944
.305,.08201093
.428,.11508419
.1,.06186448
.003,.00422819
.204,.08468541
.547,2.106
.24,.07766406
.24,.19652362
.0554,1.545
1.425,1.886
.002,.03797695
10.05,139.101
.052,.14506549
70.084,69.896
1.672,1.674
.598,1.95
.009,.0029124
.123,.14069731
.012,.00322666
1621,884.1
.5,.947
4.915,2.671
1.1967,.463
5.356,2.773
.696,2.114
-.5915,2.051
9.1266,3.45
.6987,.139
2.505,1.916
173.4,295.5
103.9,594.8
782.8,612.9
.606,.852
293.6,681.6
3.006,.77
3.003,.759
1634,904.3
571.1,649.5
8.5227,2.271
97.59999999999999,598.9
.6024,2.065
225,268
614.8,539.4
.582,.381
.62,.373
-.132,.057
.173,.071
-.173,.061
.162,.047
-.182,.058
.183,.075
-.039,.083
-.182,.066
.0055,.0103
.01,.041
.022,.0088
.0138,.0086
2.935,1.827
.0122,.0048
.006,.0091
.0244,.0079
.0051,.0047
.0216,.0101
.0056,.0098
.164,.083
3.215,1.868
.00163,.0042
-.006,.047
.151,.079
.0135,.0066
.0126,.0055
.0057,.0093
.0133,.0053
.024,.0099
.0121,.0058
.0034,.0108
.0239,.0085
.783,.063
.0133,.0152
.011,.0062
.04,.0085
.0022,.0049
.0124,.0049
.0145,.0107
.411,.043
.001,.0043
.0083,.0088
.0057,.0077
.326,.049
.311,.051
.608,.054
.136,.046
.003,.0054
.004,.0103
.0128,.0068
.506,.058
.0023,.0097
.0132,.0045
-.0154,.0038
-.0158,.0038
-.123,.044
.002,.0103
.072,.0426
.037,.05
.011,.104
-.005,.078
.039,.039
.0447,.0191
.0569,.0261
.0425,.0166
19.698,11.904791
18.591,11.957368
.037,.0355
.04,.0381
6.245,24.156058
.0459,.0157
.028,.0968
.004,.00969
.07,.0407
.01,.104
13.482,8.1480555
8.927,6.6581887
.0578,.0228
3.363,6.9405493
.003,.0108
.0469,.0245
3,10.4
-22.3,20.8
13.9,40.8
9.4,17.3
.24,.08734319
19.88,6.9071865
41.51,16.523732
19.21,5.1653441
47.7,12.825972
19.27,7.0129305
27.02,9.833387800000001
.16,.05177604
.43,.29136917
16.47,5.7224025
.33,.12443111
43.5,18.992582
.3,.11646734
.26,.11351888
.073,.037
.49,.27802833
.143,.069
.457,.071
-.248,.071
.0291,.05
.409,.051
-.206,.051
-.276,.051
.297,.071
-.2,.071
.167,.089
-.784,.757
.177,.089
-.889,.0764
-.069,.038
-.9350000000000001,.759
-1.027,.629
-.295,.411
-63,73
-592,61
-98,126
-790,163
1110,372
1138,270
2.068,.879
1.497,.911
1.888,.751
.925,.287
2.212,1.016
1.727,.649
2.804,1.041
1.591,.608
.866,.203
1.849,.92
1.42,.616
.5570000000000001,.154
.784,.327
3.581,1.074
1.518,.647
.5570000000000001,.15
2.523,1.065
.112,.045
2.694,.894
-.059,.0194
.257,.267
.3125,.0698
-.15,.0438
.255,.241
.148,.0407
.728,.24
.78,.66
2.138,1.271
.3241,.0725
.0153,.0168
.0799,.0186
.0764,.0365
.22,.0614
.0017,.0272
-.153,.0456
.778,.651
.345,.0648
-.153,.0462
.0758,.0222
.171,.0342
.4292,.0742
.544,.145
.5379,.2678
.3945,.3914
-.0363,.0195
.158,.0764
.0214,.131
-.0602,.0199
-.235,.0515
.731,.256
.33,.0377
.0789,.0122
-.203,.469
.0917,.0401
.579,.395
.577,.385
.159,.0323
.7227,.3264
.179,.2628
.222,.166
.129,.057
.346,.0748
.216,.141
2.012,1.192
-2.742,1.392
.0612,.0255
.0008,.0039
-2.337,1.423
.0915,.0654
.0222,.0207
2.358,1.407
.652,.059
-.794,.305
-.0012,.00049
.626,.089
.127,.0606
-.629,.312
.712,.073
-.42,1.698
-.0012,.00049
.16,.07
-2.699,1.888
.652,.059
2.737,1.57
.072,.04
-.266,1.765
.146,.253
-2.243,1.81
-.8070000000000001,.309
.0517,.0606
.011,.054
-1.7,1.821
.214,.112
.591,.062
-.0756,.0174
.004,.086
1.609,.829
-.652,.293
.789,1.836
.0697,.0144
.0488,.0542
.0598,.0149
-2.636,1.555
-1.135,1.921
.628,.055
-3.015,1.671
.643,.056
1.958,.789
.089,.219
.126,.0702
-.0721,.0144
3.942,2.09
.241,.126
3.218,2.09
.102,.0329
.0473,.0165
.0474,.0264
.203,.067
.139,.054
.12,.051
.363,.243
-.0459,.0921
1.273,1.509
.616,.366
.454,.405
4.199,1.212
.092,.043
-.0455,.117
-.0111,.0034
.155,.047
.245,.223
-.176,.218
.641,.349
.41,.39
1.137,.262
.0545,.0186
1.223,.339
-.0095,.0048
.124,.257
4.988,2.224
.9330000000000001,.234
.267,.214
.0516,.0152
.869,.444
-.1,.191
.04666,.01777
.046,.00821
.362,.212
3.483,2.129
.0136,.00625
3.713,2.914
.0026,.3441
.037,.00857
.041,.157
.1605,.0534
.257,.214
.1,.04
.203,.067
-.09,.181
.123,.169
.205,2.974
.0455,.0748
.362,2.385
.378,.225
.0452,.0154
.0289,.0189
-.0475,.189
.0528,.0249
.0389,.0132
1.429,2.148
1.802,2.06
4.988,2.224
.1181,.0591
1.322,2.824
2.353,3.064
.0147,.0109
.366,.208
.215,.064
.155,.072
.22,.065
-.103,.125
.072,.054
.031,.114
.027,.092
-.059,.123
.2279,.0803
.1484,.0891
.2222,.1205
-.309,.122
-.258,.109
-.287,.109
.288,.141
.503,.204
3.347,1.869
1.173,1.651
3.393,1.857
4.351,1.893
1.794,1.832
1.681,1.815
4.379,1.896
1.303,1.658
1.579,2.091
1.061,1.95
4.39,1.934
3.174,1.826
73.09999999999999,29.6
1.84,.67
59.2,25.1
1.73,.88
.26,.6
1.38,.53
10.2,100.1
157.9,138.2
29.7,101.4
.24,.73
.05,.71
48,189.7
91.09999999999999,208.9
.03,.71
1.15,.5600000000000001
125.3,135.2
.002,.064
.053,.081
.053,.076
.002,.062
.048,.037
.079,.062
.002,.135
.017,.094
.024,.159
.067,.12
.014,.113
.055,.092
.025,.043
.217,.047
.298,.094
-.226,.109
.117,.063
.9330000000000001,.269
-.324,.102
-.231,.093
-.077,.053
-.324,.102
-.369,.081
-.3,.128
-.226,.109
-.077,.053
-.231,.093
-.369,.081
.117,.063
-.3,.128
.662,.209
.9330000000000001,.269
.662,.209
.01,.0058
.121,.046
.245,.053
.0002,.0092
.114,.041
.085,.041
.085,.042
.0044,.0055
.184,.052
.02,.037
.024,.039
.0071,.038
.164,.072
.354,.074
.342,.069
.34,.068
.355,.075
.164,.072
.529,.091
.191,.0087
.0231,.071
.407,.094
.121,.092
.114,.064
.31,.144
.413,.099
.151,.093
.728,.143
.06,.078
.715,.121
.625,.123
.132,.072
.362,.0759
.154,.0648
.103,.051
.194,.0866
.191,.0798
6.81,1.741
9.949999999999999,2.05
.185,.048
.123,.0226
1.06,.128
1.163,.205
.634,.175
1.105,.198
1.086,.161
.57,.105
1.93,.152
.88,.168
.135,.205
.347,.119
.652,.175
.616,.119
1576.435,760.816
948.602,470.92
3980.763,894.428
457.034,419.253
393.853,404.733
.116,.061
1948.158,766.787
.064,.039
858.7910000000001,343.989
48.436,963.871
280.021,438.278
193.89,508.486
676.849,399.008
579.8,402.078
358.662,347.809
1483.807,447.635
33.701,520.111
306.47,425.701
1.276,.573
1.022,.267
.214,.069
.376,.169
.0026,.0098
.0001,.0122
.0067,.0083
-.0591,.0295
-.0019,.0364
.116,.077
.0501,.0417
.184,.063
.00263,.0143
.0283,.0379
.0598,.0236
.0328,.00652
.188,.057
-.00483,.00526
.0287,.0505
.0034,.0466
.0138,.00515
.114,.081
.0245,.0378
.0484,.0408
.00758,.00677
.035,.0504
.0459,.0408
.0266,.0385
.0034,.0466
.0298,.0386
.0476,.0416
.1521,.0753
.00224,.00789
.0315,.0147
.000134,.0144
.0213,.0236
.1766,.0936
.1333,.079
.0224,.0142
.0269,.0143
.0365,.0264
.0263,.0246
.157,.0884
.0733,.0399
.0473,.0482
.0111,.00798
.1213,.0706
.1008,.0435
.0667,.0394
.1374,.0811
.1,.0415
.1612,.0888
.101,.0427
.1513,.0842
.0255,.0143
.0018,.0143
.0449,.0476
.086,.0515
.0214,.0223
.1003,.0423
.1178,.0706
.1139,.0766
.0899,.0506
.1278,.0786
.0324,.0129
.0383,.0264
.0733,.0407
.1086,.0766
.00203,.0142
.00269,.00791
.0245,.0222
.0681,.0402
.0135,.128
.266,.0767
.47,.0543
.252,.084
.111,.125
-.0749,.141
.0153,.00456
.0037,.0179
.0168,.0327
-.0312,.0194
.00243,.00592
1.988,.055
-.103,.0533
-.0274,.0245
.0189,.0166
-.0164,.00889
.00883,.00312
-.0125,.00909
.00859,.00514
.0107,.00487
.00322,.00538
-.0141,.0296
.00507,.00521
-.0552,.0556
-.00538,.0272
-.00615,.00973
-3.019,.081
.00687,.00293
-.0635,.0531
-.0113,.00942
-.0203,.0319
-.04475,.0116
.00836,.00579
3037.1,15468.4
.133,.052
3596.3,2006.6
.156,.057
.018,.041
8095,4575
.241,.039
-.192,.047
-1.074,.426
-.156,.041
.129,.042
-1.276,.553
1785,3403
.004,.057
.237,.041
631,1616
.081,.037
978,2504
9287,3331
-.273,.046
.16,.054
333,1596
24.987,7.716
1.927,1.432
2.236,1.117
25.025,7.748
2.001,1.124
2.622,1.137
2.174,.902
17.614,9.291
-.389,.974
2.591,1.479
-.006,.0126
3.617,1.197
12.886,7.191
3.289,1.24
-11.106,5.222
3.615,1.192
22.543,8.034000000000001
-3.504,.856
.88,.466
.963,.649
.044,.075
2.175,1.033
1.208,.696
12.886,7.191
.04,.049
2.236,1.117
.081,.074
.615,.622
1.241,.49
4.813,3.226
.278,1.332
14.154,7.913
1.242,.9419999999999999
.374,1.025
12.886,6.283
2.71,1.148
1.686,.74
2.236,.918
12.106,6.75
.005,.212
.042,.044
1.939,1.066
8.896000000000001,20.301
18,14.9
.602,.397
46.1,42.6
214.8,68.90000000000001
2388,1084.2
150.1,16.8
.055,.074
.11,.038
61.6,16.3
1.085,.393
-.701,.184
.004,.055
3.199,2.876
5.4,47.5
34.1,9.1
76,22.4
.066,.059
33.4,10.4
.104,.051
86,22.3
8.911,5.479
65.09999999999999,17.4
167.2,15.5
.083,.041
.089,.044
5.017,1.522
64.3,14.1
5.653,2.544
2.034,1.022
19.52,8.502000000000001
83.3,19.2
.446,.147
2370.4,1457.5
.404,.05
67.59999999999999,40
2.688,2.182
83.8,19.2
443.4,24.5
2782.7,970.7
29.7,62.7
.004,.055
8.824999999999999,15.72
4.3,42.7
.329,.141
238.4,68.90000000000001
154.2,18.3
16.3,45.6
2804.5,999.8
13.5,5.66
7.1,20.9
2490.1,1327.1
5.14,2.589
450.5,27.1
64.09999999999999,40.6
12.24,8.196999999999999
31.7,10.4
2.4,37.1
14.1,50.1
.06,.038
4.482,1.648
9,20.6
.11,.054
18.6,50.6
4.096,10.61
5.6,33.4
143.7,74.09999999999999
159.2,15
23.3,14.2
77386,7044
2.749,1.923
.074,.037
.122,.042
2.238,1.328
.08,.04
.059,.146
9.930999999999999,7.531
2303.7,1126.6
40.7,44.2
7.799,7.312
1.274,.436
2.003,1.739
35.1,9.5
1.492,.925
140,74.2
10.544,6.204
66.40000000000001,13.6
.47,1.48
406,385
256,357
883,317
2034,699
512,371
2077,905
3218,1046
877,319
-.035,.044
14140,4662
.133,.045
9781,1683
140,378
2889,825
834,790
.055,.127
1442,855
.13,1.32
.113,.066
197,442
-.053,.073
2023,891
1228,484
840,261
180,480
1051,464
2917,1010
396,660
7892,2239
-.78,.097
98,860
2402,865
182,560
739,360
-.049,.037
-1,.84
-.099,.056
1379,852
-.001,.115
-.29,.72
7726,223
259,566
949,244
3216,989
2087,1070
821,328
2527,669
-.019,.119
1100,608
12065.1,4154.2
.243,.062
.369,.074
726.7,2435.3
14355.6,2590.6
.08,.049
863.5,1346.4
-.111,.053
.464,.072
6844,4832
.019,.038
14799.4,3010
13379.7,2044
-183.5,1540.8
.222,.05
-.036,.045
11839.4,3089.2
4138.1,2098.2
11525.4,1949.5
2.08,.82
2618.47,779.27
52.31,7.83
1.4,.98
.43,.289
.539,.395
2.719,1.206
2.15,.72
1.67,1.43
1856.65,536.08
.8,.88
2.13,7.23
247.32,671.33
6.94,4.48
.21,.414
.22,.73
1.37,.79
.6899999999999999,.7
.334,.732
.165,.142
1.91,.77
.27,1.07
6.01,1.66
419.93,1365.69
.83,.468
.91,.75
30.42,8.41
6.84,4.43
1.07,.53
3.27,.39
.216,.207
2560.79,788.74
3.42,3.01
.042,.247
.5600000000000001,1.2
29.81,5.39
1.31,.9
3.6,3.05
51.18,7.86
12.35,8.039999999999999
2310.81,1035.53
.74,.63
29.54,8.56
.47,.8100000000000001
2.03,.7
8.41,.65
3.45,.41
20.53,643.99
.056,.045
.78,.6899999999999999
28.53,5.37
1.94,1.06
1.61,7.56
.333,.201
.12,.71
3.27,.43
5.22,1.68
1.051,.795
8.76,9.23
1923.24,1274.76
.097,.374
.95,.64
.7,.75
.87,.6
8.48,.61
416.4,1338.31
.78,.64
.139,.358
2.23,.97
1.159,.5629999999999999
12382,417
1.5,.85
1907.53,525.42
1.83,.78
-.012,.082
.252,.068
1.42,1.02
.1,.71
.29,.61
.23,.52
.11,.61
.13,.054
2533,2193.6
658.8,2510.5
.54,.82
1.15,1.19
.311,.103
.54,.82
.001,.048
1.81,1.02
.98,.62
2.14,1.11
5468.9,1798.9
.49,.53
3.44,.39
.14,.59
1.99,.76
1.1,1.17
.12,.7
.379,.152
.51,1.13
3.4,.4
.08,.71
.27,.51
.469,.179
1.64,.73
2.77,1.01
8.06,.59
.13,.055
.48,.67
.1,.054
6695.2,1904.5
.294,.073
8.51,.57
.383,.152
.36,.088
0,.062
.252,.072
.232,.072
.364,.133
.87,1.07
.319,.103
.55,.5600000000000001
.037,.06
.405,.163
.385,.154
.381,.164
.387,.16
.387,.159
1086,291
.233,.11
2.241,.079
1330,496
.233,.111
2.112,.28
.233,.11
2.169,.256
2.219,.075
1365,485
1318,433
2.125,.247
2.253,.078
.23,.112
1.963,.241
1.981,.077
1.999,.077
1.744,.221
1.973,.077
1.893,.255
1062,293
2.24,.21
1.915,.273
.213,.118
2.009,.074
1611,399
1.974,.203
1.664,.264
2.233,.077
1.603,.31
2.162,.077
-.221,.082
.528,.233
2.243,.077
.12,.062
2.074,.322
.139,.076
-.219,.059
.205,.067
1.832,.066
.8179999999999999,.353
2.173,.073
2.009,.076
.402,.227
1.603,.31
1.855,.316
.402,.181
.251,.066
.323,.136
.582,.368
.078,.039
1.997,.075
.591,.346
.591,.346
2.149,.303
1.97,.888
.8179999999999999,.353
2.24,.077
-.242,.334
-.482,.346
-.218,.06
.511,.239
.052,.063
2.074,.322
.253,.079
.699,.334
1.833,.074
-.224,.068
-.482,.346
.297,.131
.083,.062
1.934,.855
-.033,.054
2.217,.671
.342,.102
-.041,.052
-.075,.337
.582,.368
.699,.334
.319,.35
-.301,.344
-.166,.039
1.931,.301
.003,.067
2.227,.643
.142,.062
.352,.347
.159,.063
-.359,.094
.025,.062
.128,.062
.095,.062
.337,.098
.099,.075
-.242,.334
.402,.181
.526,.206
.142,.07
.275,.08
-.327,.072
.231,.067
.122,.074
2.176,.076
.078,.039
2.149,.303
.352,.347
.477,.203
.402,.181
-.209,.049
2.233,.077
1.931,.301
-.167,.053
1.855,.316
-.075,.337
.024,.065
.112,.077
.146,.072
-.301,.344
.07,.061
.319,.35
.0333,.0148
.976,.988
44.79,7.935
.1769,.0639
.059,.0109
15.21,3.202
.2801,.05666
4.269,1.694
.0862,.0837
31.4,5.914
.0037,.0153
.3796,.0648
.2298,.1403
.5433,.0626
18.56,4.287
3.737,2.54
76.20999999999999,12.85
.3176,.0512
.3799,.0545
.0271,.0131
.396,.18
.217,.0886
.0813,.0481
.739,.221
.665,.255
-.113,.213
.392,.161
.842,.297
-.553,.221
.8100000000000001,.244
.401,.299
.788,.217
.017,.212
.243,.0917
-.057,.152
.41,.163
.0242,.0445
-.156,.0636
.229,.164
.0482,.0498
.238,.217
.248,.0919
-.176,.0659
-.181,.0663
.5679999999999999,.224
.327,.226
-.131,.172
.0539,.0254
.00803,.0259
.111,.0522
.0628,.0297
.199,.259
.281,.294
.11,.0528
.0618,.0301
.0868,.0597
.0127,.0284
.127,.107
.105,.052
.0114,.0566
.205,.111
-.0904,.0776
-.00843,.0405
.0647,.0426
-.149,.0798
.236,.0921
-.171,.0661
.0356,.0093
.0327,.0108
.0139,.0114
.012,.0093
.0018,.0039
.0091,.0073
.0049,.0043
.0372,.0091
.0029,.0038
.0673,.0143
.0271,.0081
.0526,.0182
.0332,.0201
.0059,.0068
.0002,.0057
.0086,.0144
.0311,.0104
5.765,1.322
30.602,9.512
125.21,38.064
1.766,4.495
.0254,.00912
.00694,.00834
.0496,.00793
.123,.089
.119,.091
.287,.414
2.929,1.67
.28,.415
2.923,1.671
.186,.132
.8129999999999999,.342
1.267,.739
1,.415
.9379999999999999,.447
1.196,.5570000000000001
-.639,.087
.466,.128
.6840000000000001,.178
2.491,.318
.639,.338
.8,.071
.36,.1
.521,.169
1.367,.243
.524,.071
.436,.151
.36,.043
.655,.042
.142,.116
.6909999999999999,.408
.975,.311
1.332,.383
.512,.199
.4,.05
.34,.124
.294,.037
.361,.28
.259,.159
.715,.299
.503,.071
.143,.113
.28,.13
.422,.047
1.253,.293
.471,.19
.341,.241
.301,.1
.392,.046
.5669999999999999,.071
.911,.239
.5649999999999999,.077
.46,.206
.306,.039
.135,.089
.356,.145
.326,.216
.369,.081
1.249,.517
.034,.066
.6840000000000001,.326
.11,.098
.191,.087
.538,.299
1.574,.479
.066,.131
.049,.095
.408,.09
.457,.334
.158,.239
1.025,.297
.289,.096
.305,.158
.34,.18
.11,.068
.012,.056
.336,.161
.281,.088
.261,.185
.056,.057
.053,.041
.589,.315
.114,.118
.258,.088
1.079,.307
.06,.039
.398,.105
.122,.037
.29,.111
.152,.054
.177,.059
.145,.083
.1203,.077
.433,.055
.005,.058
.601,.06
.591,.061
.253,.056
.442,.066
.537,.037
1.482,.15
.181,.058
.443,.066
.438,.076
.413,.072
.382,.078
.615,.057
.389,.076
.277,.059
.85,.053
.181,.058
.393,.072
.011,.061
.377,.071
.455,.077
.499,.084
.349,.139
.505,.083
2.794,.88
2.319,.715
4.407,.667
3.037,.7
2.926,.664
.0092,.0037
.0136,.0055
.0086,.0037
31,4.5
3.5,6.2
-82,6.8
.00132,.00249
-.00108,.00141
.00319,.00276
.0023,.00274
.302,2.022
.21,3.272
.227,3.786
.239,2.833
.54,2.833
.253,3.22
.012,.212
2.93,.8746268699999999
.214,.081
5.4,3.6986301
.21,.11413043
.88,.21515892
.9399999999999999,.27647059
2.94,.96393443
.16,.04678363
1.16,.29292929
7.2,2.8125
.54,.11538462
1.56,3.9
.72,.94736842
.058,.052
.16,.04692082
.67,.10518053
6.76,3.4489796
.63,.10144928
4.18,.891258
.14,.03517588
.12,.06
.47,.09233792
.04,.02247191
.09,.02425876
.03,.00993377
.41,.08991228
.135,.043
.03,.01204819
.62,.08277704
.1,.04291845
.04,.01408451
.02,.05555556
.02,.04444444
.11,.05699482
.11,.04564315
.03,.02
.54,.08181818
.02,.0060241
.152,.049
.29,.04524181
.18,.03409091
.304,.078
.275,.104
.15,.03631961
.16,.066
.202,.046
.02,.00511509
.314,.079
.187,.087
.037,.088
.261,.086
.23,.05145414
.057,.247
.21,.047
.161,.047
.294,.175
.18,.176
.101,.205
.285,.077
.1,.059
.3,.08982036
.02,.00503778
.07,.01372549
.83,.19347319
.184,.044
.06,.01522843
.209,.091
1.25,.29205607
.058,.064
.364,.151
.196,.041
.097,.097
.125,.055
.291,.097
.2,.098
.211,.097
.183,.055
.04,.01030928
.05,.00988142
.125,.065
.125,.058
.38,.11987382
.31,.081
.363,.105
.271,.163
.07,.00943396
.09,.01182654
.289,.137
.152,.046
.8090000000000001,.152
.043,.048
.609,.141
1.171,.099
.199,.1587
.472,.099
1.08,.104
1.081,.066
.131,.06
.04,.045
-.019,.048
.084,.049
.202,.052
-.047,.069
-.054,.055
-.041,.066
.116,.064
.15,.06
.055,.049
.058,.044
.107,.053
.076,.044
-.022,.039
.084,.07
.038,.046
.039,.046
.04,.046
.536,.223
.294,.152
.247,.128
.248,.112
-.0312,.00701
-.0594,.0169
-.0819,.0184
-.131,.0157
-.00196,.00225
-.0206,.00442
-.0314,.00658
-.011,.00577
-.0754,.0209
-.117,.0134
-.107,.0208
-.00553,.00352
-.0284,.00991
-.00805,.00444
-.03,.00472
-.0344,.0123
-.0798,.0114
-.0374,.0103
-.0167,.00609
-.0652,.00884
-.0105,.0045
-.0303,.0062
-.0303,.00589
-.00576,.00282
-.00734,.00253
-.00775,.00215
-.0255,.00482
-.0272,.00457
-.00677,.00279
2.218,.645
6.192,1.031
6.748,1.347
2.354,.634
2.616,.57
-2.35,.83
6.717,.865
2.856,1.164
-.524,.465
.297,.159
.349,.157
.0545,.202
.13,.162
.493,.232
11.82,2.636
10.71,2.277
9.063000000000001,1.497
9.984999999999999,1.647
10.84,3.463
7.004,.999
.179,.046
-.096,.048
.552,.162
-.149,.057
.358,.109
-.127,.038
4.47,.92
1.42,1.79
-4.26,.42
-6.61,2.23
-4.75,.46
-4.78,1.85
-.52,1.03
.75,1.16
6.23,1.61
-7.33,2.54
-2.98,.48
-.45,1
-3.69,.57
-5.28,2.1
-5.39,.82
