0.388,0.127
0.19,0.25
731.11,126.75
0.0401,0.0315
0.014,0.004
0.0247,0.309
3071.65,935.58
0.022,0.007
0.021,0.007
0.385,0.495
1.36,0.46
2769.39,530.96
702.83,113.96
0.86,0.19
0.11,0.015
3024.16,925.85
0.399,0.118
0.343,0.164
2665.08,564.79
0.114,0.016
0.396,0.128
0.23,0.16
0.111,0.015
710.52,113.75
0.0356,0.0426
0.229,0.11
0.386,0.127
0.115,0.016
0.34,0.2
0.36,0.11
718.16,122.69
0.014,0.004
1.86,0.49
0.55,0.3
0.0436,0.014
0.49,0.52
0.02,0.026
0.737,0.257
0.56,0.16
0.31,0.25
312.2,7463
1.979,0.708
6.124,2.194
0.311,0.509
0.003,0.004
43.35,5.129
0.005,0.005
0.142,0.566
0.237,0.024
0.013,0.00311
29.17,5.444
3.321,0.616
0.0165,0.0066
0.0494,0.0142
0.014,0.004
0.0186,0.00693
0.2462,0.818
0.24,0.0293
0.591,0.206
0.026,0.01
0.0265,0.00657
0.12,0.03
0.603,0.232
0.014,0.003
6.638,2.156
1.32,0.43
0.018,0.009
0.09,0.2
0.0104,0.0068
0.076,0.013
0.001,0.005
0.0042,0.0039
0.0048,0.0041
0.0118,0.0066
0.0104,0.00205
0.0013,0.002
0.0468,0.0142
0.008,0.004
0.0233,0.0128
0.012,0.004
1843,6859.3
0.95,0.71
0.03,0.028
0.008,0.02
0.01,0.003
0.005,0.006
8e-04,0.0044
1.4,0.74
0.0063,0.0226
0.01,0.005
0.102,0.019
0.912,0.172
0.075,0.013
0.26,0.55
0.008,0.005
0.93,0.24
0.64,0.24
0.02,0.006
8.862,2.226
0.76,0.22
0.79,0.47
2.327,0.629
0.49,0.47
0.14,0.21
0.0207,0.00848
47.13,5.602
0.003,0.004
0.014,0.007
0.049,0.0134
0.022,0.006
0.1884,0.1483
0.011,0.0116
0.107,0.034
0.009,0.004
0.548,0.216
0.005,0.007
0.0166,0.00526
0.077,0.015
1.11,0.35
2.03,0.539
0.0083,0.0062
0.01,0.006
0.002,0.005
0.0203,0.00859
1.446,0.699
0.66,0.35
0.024,0.006
0.02,0.006
0.038,0.007
0.0526,0.0135
0.079,0.015
3.74,0.758
0.104,0.018
2.004,0.829
0.04,0.012
0.0252,0.00662
0.12,0.2
0.007,0.023
0.0013,0.0025
0.096,0.036
0.0244,0.00915
0.122,0.03
0.024,0.007
0.015,0.005
0.02,0.01
0.03,0.0073
0.038,0.025
0.0281,0.00731
0.014,0.003
0.044,0.006
0.39,0.4
1.8,0.5
0.113,0.375
0.02,0.2
0.0275,0.00726
0.03,0.007
0.017,0.011
0.0134,0.00807
0.01,0.005
0.0475,0.0131
0.0243,0.00716
6.913,2.1
0.02,0.022
1.102,0.179
0.667,0.242
0.0227,0.00679
0.0443,0.0134
0.504,0.265
0.01,0.009
43.37,5.069
2e-04,0.0042
0.0429,0.0143
0.0488,0.0143
6949.2,9093.5
0.0363,0.0122
1.62,0.96
0.0253,0.00642
0.005,0.004
0.022,0.019
0.0253,0.0136
0.012,0.007
0.002,0.012
0.01531,0.00434
0.00036,0.00285
0.057,0.018
0.00457,0.0011
0.191,0.065
0.09024,0.02326
2715,706
0.35,0.09
0.00066,0.00314
0.014,0.012
0.09121,0.02063
0.23,0.07
0.223,0.078
38,480
0.016,0.013
0.109,0.0688
3873,910
0.008,0.006
0.131,0.0283
0.01,0.006
0.00127,0.003
0.007,0.014
0.00913,0.00315
0.005,0.009
0.00455,0.00554
0.00066,0.00322
0.032,0.009
0.012,0.012
0.01,0.015
0.00259,0.00295
0.04084,0.03016
0.279,0.0356
0.00772,0.0039
0.114,0.0285
0.014,0.007
651,378
0.0107,0.00457
0.00325,0.02662
0.00638,0.00342
0.117,0.066
0.26,0.078
0.244,0.068
0.002,0.009
0.0051,0.00221
0.646,0.0767
0.00055,0.01776
0.128,0.0686
0.08,0.11
0.00068,0.00297
0.009,0.006
0.487,0.0563
0.024,0.006
0.003,0.008
0.016,0.006
0.01,0.014
0.017,0.012
0.25,0.078
0.006,0.014
0.07656,0.0217
0.182,0.063
0.02182,0.00789
0.0045,0.000974
0.007203,0.0037
223,537
0.00431,0.00111
0.01039,0.00411
1199,498
0.0612,0.00324
0.222,0.079
0.00289,0.00661
0.0025,0.0019
0.0056,0.00307
0.0274,0.00952
2.866,0.844
2e-04,0.0016
4.17,0.917
0.0013,6e-04
1.022,1.161
0.849,0.933
0.0235,0.0215
0.003,0.00788
0.03,0.22
0.29,0.15
4.207,2.807
0.0024,9e-04
0.205,0.056
15.24,5.164
0.09,0.13
0.0519,0.023
0.001,0.001
0.35,0.14
0.0676,0.0693
0.0022,0.0015
0.119,0.058
0.0102,0.00725
0.138,0.078
0.4,0.14
0.0026,9e-04
0.0014,6e-04
0.0015,6e-04
7e-04,0.0016
10.66,5.831
3.661,2.378
0.0119,0.0136
1.599,0.747
2.238,0.828
0.00426,0.00421
4.191,2.309
1.908,0.802
0.0266,0.00733
0.00918,0.00883
0.24,0.13
4.048,1.894
9e-04,9e-04
0.0012,0.0012
0.123,0.056
8.022,2.426
0.0027,0.001
0.25,0.13
0.00275,0.00224
0.24,0.14
0.0351,0.0188
0.111,0.0372
8.831,2.016
0.00126,0.011
0.0014,7e-04
0.54,0.14
0.0021,9e-04
0.08,0.13
9e-04,0.001
0.0013,7e-04
9e-04,0.001
0.0141,0.00368
7e-04,0.0013
0.0014,7e-04
3.997,1.428
0.008,7e-04
0.0239,0.0119
2.515,0.659
6e-04,7e-04
6.373,1.213
5.166,1.109
0.001,0.0013
0.08,0.04
0.14,0.04
0.08,0.04
1e-04,0.0017
3e-04,0.0014
0.0028,0.0017
0.03,0.06
3.5,1.44
0.17,0.04
0.0169,0.00603
0.17,0.04
0.0017,0.0017
0.001,0.0011
0.0012,7e-04
0.001,7e-04
0.0028,0.001
1.043,1.439
0.00658,0.00558
0.053,0.034
0.0016,7e-04
0.002,0.0013
7e-04,7e-04
0.001,5e-04
3e-04,0.0013
0.061,0.033
0.15,0.05
0.22,0.05
0.22,0.05
0.16,0.05
9e-04,5e-04
5e-04,0.001
0.0011,3e-04
0.0012,4e-04
0.083,0.037
0.066,0.031
0.013,0.019
0.68,0.16
1e-04,2e-04
0.003,0.029
0.0165,0.0066
0,1e-04
1e-04,1e-04
0.369,0.137
1e-04,1e-04
3e-04,9e-04
0.051,0.032
0.0158,0.0071
9e-04,4e-04
0.63,0.191
0.345,0.105
0.08578,0.12013
0.03088,0.01525
0.136,0.131
0.0247,0.02271
0.0084,0.00478
0.145,0.091
0.431,0.096
0.05763,0.08136
0.335,0.117
0.03571,0.01815
0.03288,0.01525
0.1162,0.05319
0.555,0.15
0.375,0.137
0.037,0.016
0.045,0.011
0.044,0.011
0.045,0.011
1.03,0.34
0.065,0.063
0.036,0.027
0.14,0.032
0.089,0.068
0.06,0.022
0.81,0.23
0.75,0.24
0.8,0.25
0.8,0.25
1.04,0.25
0.81,0.23
0.98,0.38
0.126,0.033
0.053,0.046
0.106,0.023
0.044,0.034
0.045,0.026
1.03,0.34
0.159,0.062
0.98,0.38
0.75,0.24
1.04,0.25
0.089,0.025
0.064,0.016
0.015,0.015
0.032,0.017
0.091,0.023
0.04,0.014
0.058,0.017
0.05,0.016
0.833,0.331
0.05,0.016
0.032,0.013
0.042,0.021
0.024,0.017
0.033,0.025
0.076,0.019
0.076,0.019
0.072,0.017
1.734,0.429
0.025,0.021
0.026,0.015
0.055,0.013
0.012,0.016
0.042,0.021
0.004,0.012
0.072,0.017
0.113,0.028
0.048,0.008
1.734,0.429
0.064,0.016
0.019,0.014
0.031,0.013
0.833,0.331
0.03,0.011
0.73,0.38
0.137,0.054
0.451,0.072
0.73,0.38
0.78,0.31
0.519,0.059
0.505,0.239
1.38,0.57
1.38,0.57
0.297,0.054
0.751,0.127
0.78,0.31
0.321,0.126
0.448,0.071
0.308,0.055
0.369,0.122
0.18,0.093
0.507,0.059
0.087,0.075
0.019,0.047
19.01,4.357
0.92,0.13
0.65,0.16
0.448,0.71
2.63,0.667
0.087,0.045
3.301,6.605
0.92,0.13
5.445,4.47
0.65,0.16
0.11,0.613
0.41,0.14
23.76,5.071
3.212,4.514
0.124,3.717
0.045,0.01
0.75,0.16
0.021,0.02
0.41,0.14
3.459,3.653
0.75,0.16
1.765,0.691
2.749,0.818
22.838,5.245
3.574,4.398
0.056,0.05
2.343,6.598
0.23,4.641
0.457,4.258
3.128,0.956
0.033,0.03
0.038,0.009
0.01,0.012
0.054,0.012
0.082,0.079
0.002,0.023
0.139,0.119
0.092,0.119
0.079,0.116
3.35,2.46
6.57,3.13
0.24,2.04
0.024,0.031
0.015,0.046
0.114,0.191
0.001,0.023
3.39,2.23
0.041,0.033
2.32,1.78
2.04,1.79
0.048,0.033
0.019,0.03
3.01,2.21
0.103,0.082
0.011,0.202
2.6,3.54
0.011,0.051
0.62,2.02
0.104,0.142
0.124,0.116
0.038,0.036
3.05,1.67
3.43,0.81
0.88,3.41
3.54,3.73
3.32,0.83
2.83,0.59
0.43,0.07
0.32,0.05
3.29,0.71
4.74,0.9
2.42,0.59
1.36,0.48
0.47,0.05
0.48,0.06
0.05,2.8
0.86,0.6
0.001,0.009
0.307,0.103
0.313,0.101
56.14,6.33
0.148,0.073
0.019,0.062
0.322,0.104
0.03,0.11
0.09,0.05
0.18,0.06
0.287,0.142
0.03,0.01
0.297,0.083
0.15,0.11
0.19,0.16
0.14,0.06
0.56,0.06
0.03,0.01
0.07,0.02
0.87,0.13
0.14,0.12
0.07,0.03
0.68,0.07
0.07,0.06
0.06,0.04
0.01,0.12
0.15,0.02
0.02,0.05
0.1,0.03
0.24,0.04
0.289,0.0832
0.3,0.1
0.09,0.05
0.06,0.02
0.01,0.05
0.09,0.02
0.04,0.02
0.21,0.06
0.25,0.12
0.11,0.05
0.012,0.062
0.01,0.05
0.04,0.02
3.58,1.61
0.08,0.04
0,0.06
0.24,0.05
0.18,0.02
0.03,0.03
0.2,0.03
0.21,0.06
0.04,0.02
0.03,0.16
0.03,0.02
0.09,0.05
0.09,0.15
0.06,0.02
0.04,0.04
0.05,0.01
0.04,0.02
0.95,0.13
0.16,0.06
0.38,0.06
0.01,0.02
0.12,0.04
0.02,0.01
0.23,0.04
0,0.02
0.315,0.114
0.53,0.08
0.09,0.02
0,0.03
0,0.03
0.2,0.02
0.12,0.05
0.04,0.03
0.15,0.05
0.05,0.04
0,0.05
0.0024,0.0026
0.0042,0.002
0.0021,0.0028
0.13,0.05
0.0115,0.0049
0.01,0.02
0.059,0.025
0.01,0.01
9e-04,6e-04
0.72,0.34
0.015,0.02
0,0.05
0.0095,0.0035
0.02,0.05
0.69,0.25
0.12,0.05
0.032,0.017
0.04,0.06
0.09,0.04
0.1,0.04
0.11,0.05
0.04,0.04
0.03,0.04
0.06,0.05
0.04,0.02
0.03,0.01
0.32,0.19
0.0036,0.0011
0.08,0.03
0.05,0.02
0.12,0.06
0.117,0.044
0.04,0.02
0.255,0.015
0.04,0.15
0.02,0.02
0.04,0.02
0.0044,0.0017
0.023,0.043
0.01,0.04
0.78,0.24
0.0058,0.0016
0.73,0.24
0.134,0.073
0.014,0.034
0.84,0.33
0.301,0.018
0.101,0.04
0.02,0.02
0.13,0.05
0.137,0.063
0.07,0.04
0.12,0.06
0.02,0.02
0.052,0.021
0.02,0.14
0.13,0.13
0.14,0.05
0.91,0.32
0.02,0.01
0.0028,0.0068
0.16,0.15
0.205,0.021
0.17,0.15
0.035,0.014
0.0022,8e-04
0.14,0.04
0.01,0.01
0.125,0.064
0.1,0.05
0.05,0.06
0.02,0.04
0.09,0.13
0.013,0.0048
0.001,0.026
0.05,0.04
0.53,0.14
0.006,0.01
0.32,0.15
0.11,0.18
0.008,0.023
0.052,0.017
0.14,0.1
0.923,0.427
0.668,0.286
0.243,1.129
0.07,0.14
0.24,0.2
0.1,0.14
0.09,0.07
0.13,0.032
0.05,0.11
0.15,0.08
0.03,0.17
0.03,0.1
0.43,0.19
0,0.14
0.035,0.01
0.037,0.021
0.37,0.12
0.563,0.215
0.14,0.08
0.08,0.21
0.061,0.04
0.046,0.02
0.08,0.13
0.08,0.1
0.03,0.18
0.14,0.14
0.113,0.017
0.13,0.11
0.13,0.1
0.18,0.18
0.331,0.31
0.047,0.011
0.02,0.1
0.017,0.007
0.035,0.018
0.031,0.019
0.557,0.217
0.4,0.16
0.177,0.03
0.013,0.011
0.107,0.045
0.1,0.16
0.03,0.19
0.16,0.29
0.008,0.004
0.013,0.006
0.011,0.004
0.47,0.06
0.79,0.15
0.65,0.08
0.007,0.003
0.01,0.003
0.88,0.18
0.76,0.21
0.45,0.05
0.6,0.07
0.45,0.15
0.38,0.13
0.49,0.17
0.11,0.31
0.4,0.18
0.43,0.19
0.03,0.29
0.6,0.26
0.001,0.003
0.37,0.14
0.76,0.22
1.986,0.908
2.268,1.194
0.2,0.03
0.07,0.03
0.12,0.02
0.17,0.03
0.18,0.03
0.489,0.795
0.09,0.03
0.09,0.02
2.752,1.177
0,0.03
1.983,0.94
0.13,0.03
0.766,0.827
0.18,0.02
0.02,0.03
1.995,0.941
0.575,0.794
0.85,0.778
0.11,0.03
1.818,0.878
0.03,0.04
0.11,0.03
2.558,1.238
0.13,0.03
0.01,0.02
2.484,1.234
0.03,0.02
2.191,0.892
0.17,0.03
0.01,0.04
0.02,0.04
0.12,0.04
0.05,0.04
0.21,0.02
0.04,0.03
2.757,1.192
0.07,0.03
0.07,0.04
0.566,0.79
0.23,0.03
1.31,0.7
2.15,1.07
1.79,1.09
1.69,1.09
1.7,1.02
0.008,0.005
0.005,0.006
0.02,0.004
0.053,0.009
0.352,0.128
0.345,0.131
0.327,0.124
0.524,0.117
0.327,0.124
0.531,0.117
0.352,0.128
0.345,0.131
0.524,0.117
0.531,0.117
0.006,0.006
0.028,0.007
0.0303,0.00763
0.028,0.006
0.035,0.006
0.074,0.013
0.486,0.147
0.035,0.006
1.205,0.0442
0.538,0.107
0.028,0.007
0.0303,0.00763
0.538,0.107
0.0944,0.062
0.486,0.147
0.528,0.107
0.528,0.107
0.074,0.013
1.205,0.0442
0.028,0.006
0.0944,0.062
0.075,0.01
0.075,0.01
0.0736,0.154
0.101,0.0269
0.00207,0.00555
0.021,0.00566
0.0736,0.154
0.00944,0.00861
0.00207,0.00555
0.101,0.0269
0.00877,0.00667
0.00877,0.00667
0.021,0.00566
0.00944,0.00861
0.00267,0.00114
0.0332,0.000744
0.172,0.0175
0.0494,0.00197
0.0494,0.00197
0.00267,0.00114
0.0322,0.000939
0.0332,0.000744
0.0244,0.005
0.0322,0.000939
0.0244,0.005
0.172,0.0175
0.005,0.004
0.003,0.002
0.002,0.004
0.007,0.005
0.005,0.003
0.008,0.01
0.002,0.007
0.006,0.003
0.001,0.008
0.018,0.022
0.003,0.002
0.003,0.005
0.02,0.018
1e-05,0.00842
0.019,0.019
0.006,0.016
0.003,0.003
0.007,0.007
0.007,0.004
0.052,0.032
0.004,0.008
0.047,0.029
0.011,0.011
0.018,0.02
0.267,0.329
0.376,0.338
0.628,0.367
0.155,0.089
0.217,0.104
0.074,0.00894
0.011,0.002
0.017,0.002
0.025,0.001
0.004,1e-04
0.01,0.001
8.204,3.558
0.001,1e-04
12.332,6.924
18.254,4.407
8.438,3.542
0.003,1e-04
3.862,1.057
0.326,0.04
0.095,0.037
0.314,0.046
0.028,0.039
0.299,0.025
0.112,0.029
0.063,0.016
0.039,0.019
0.115,0.046
0.065,0.019
0.241,0.042
0.261,0.076
0.014,0.071
0.12,0.037
0.301,0.063
0.284,0.085
0.321,0.054
0.331,0.072
0.011,0.024
0.006,0.025
0.008,0.035
0.049,0.039
0.012,0.018
0.025,0.02
0.004,0.012
0.006,0.012
0.051,0.009
0.147,0.03952658
0.284,0.07636428
0.059,0.019
0.052,0.015
0.063,0.02507818
0.081,0.0456497
0.06,0.018
0.012,0.0111541
0.057,0.02074401
0.072,0.08132924
0.018,0.01119927
0.208,0.08941053
0.082,0.02849041
1.476,0.39687912
0.035,0.06358253
0.014,0.02176125
0.003,0.00167915
0.15,0.05970995
0.057,0.03940186
0.123,0.03307326
0.103,0.09105931
0.073,0.01962885
0.118,0.07752772
0.003,0.0018131
0.749,0.35328994
0.041,0.016
0.156,0.06209834
0.02,0.03877535
0.023,0.008
0.031,0.016
0.02,0.01416601
0.033,0.012
0.027,0.009
0.051,0.03838802
0.074,0.04
8.187,3.783
0.057,0.02149265
0.028,0.02243437
0.027,0.0119621
0.027,0.023
0.023,9.014
0.038,0.033
0.067,0.025
0.013,0.01301853
5.866,2.492
9.971,4.42
6.121,2.825
0.06,0.03626193
0.141,0.07781841
0.063,0.01693996
0.035,0.016
4.425,2.703
0.065,0.026
0.078,0.03872715
0.036,0.015
0.006,0.00546215
5.766,2.589
5.769,2.703
0.02,0.01142409
0.088,0.03653096
0.003,0.03230023
0.376,0.22724142
0.15,0.085
0.618,0.3823225
0.018,0.016
0.152,0.037
0.129,0.04482027
0.011,0.01998308
0.003,0.07976965
0.008,0.0064379
0.034,0.06555393
0.007,0.27923035
0.286,0.17895209
0.005,0.00521853
0.016,0.00687773
0.006,0.03216
0.041,0.01102442
0.107,0.11787133
0.005,0.01790068
0.071,0.02466852
0.389,0.10459755
0.151,0.151
0.021,0.69804369
0.113,0.05142707
0.017,0.01789058
0.003,0.0033325
0.016,0.00746126
0.004,0.03002
0.134,0.04876662
0.031,0.02451288
0.123,0.017
0.45,0.19911504
1.037,0.511
0.025,0.014
0.026,0.013
3.829,1.815
0.015,0.006
0.51,0.25628141
0.215,0.021
0.224,0.021
0.33,0.1441048
0.24,0.11111111
4.721,1.28
0.032,0.016
0.937,0.462
1.401,0.3767125
0.0269,0.00840231
0.43,0.45
3.99,1.4
3.13,1.54
0.2,0.57
0.2969,0.9323
6.39,1.52
0.004,0.001
2.38,0.79
9.01,1.86
0.0409,0.7314
0.637,0.242
0.003,0.001
0.68,0.99
0.29,2.06
0.88,1.79
0.2,0.93
0.076,0.023
0.74,0.91
2.56,1.44
0.003,0.001
1.1434,0.2553
2.29,0.88
0.9656,0.3811
0.8557,0.3425
7.28,1.7
7,1.73
10.05,1.95
0.0081,0.004
10.1,2.18
0.65,2.1
0.35,0.20385745
0.002,0.001
7.482,0.931
6.99,1.63
1.695,0.559
3.27,0.78
0.33,0.48
2.98,1.48
0.4,0.45
0.59,1.71
1.71,1.6
8.59,1.74
0.8462,0.2187
3.92,1.26
0.0173,0.0084
1.42,1.41
0.674,0.18123071
0.0263,0.01195455
6.58,1.46
0.0187,0.008
0.003,0.001
3.09,1.54
0.629,0.257
0.32,1.62
1,1.27
0.0106,0.0028
0.003,0.001
9.14,2.43
0.002,0.001
0.26,0.92
0.2,1.93
1.46,1.2
0.002,0.001
5.48,1.52
0.179,0.034
0.008,0.004
0.59,0.91
0.47,1.67
1.62,1.19
0.39,0.45
0.3,0.95
0.0494,0.01240801
0.11,0.74
0.25,0.49
0.01,0.002
0.2,0.066
0.11,0.025
0.24,0.54
9.2,1.7
2.87,1.47
0.077,0.022
5.01,1.62
1.737,0.518
1.53,1.48
1.18,1.45
5.34,1.34
0.4,0.92
0.097,0.023
0.079,0.023
0.0113,0.0037
0.31,1.94
0.912,0.33190413
2.87,0.68
0.28,0.46
0.2954,0.6913
0.069,0.01855329
0.18,0.011
0.16,0.02
0.18,0.02
0.0098,0.0038
0.023,0.01
0.065,0.007
2.559,0.671
8.8,3.2
0.013,0.00504692
0.02,0.008
0.0093,0.004
1.6883,0.4649
9e-04,0.0033
0.087,0.02339328
0.12,0.07
0.847,0.192
0.07,0.03
0.23,0.08
0.5371,0.2351
1.2114,0.3999
0.0116,0.012
1.566,0.09
0.0073,0.0039
0.043,0.009
0.683,0.103
0.0167,0.0092
1.357,0.238
0.013,0.008
0.0042,0.0019
0.21,0.07
0.06,0.07
0.117,0.01
0.33,0.08
0.795,0.176
0.74,0.161
0.042,0.01129331
0.0142,0.0053
0.0163,0.0093
0.156,0.011
0.077,0.01
0.19,0.07
0.14,0.02
0.021,0.01299154
0.0111,0.0043
1.201,0.232
0.0073,0.0036
374.096,38.744
0.968,0.115
126.826,27.069
0.594,0.2285
0.787,0.174
0.28,0.08
234.738,32.406
0.107,0.008
0.0095,0.00369
0.027,0.013
0.004,0.00248873
0.8874,0.3026
0.142,0.01
1.4918,0.8385
2e-04,0.0027
0.0077,0.0037
0.0072,0.011
0.12,0.02
0.0041,0.0017
2.536,0.334
0.001,0.00100557
0.002,0.01666667
0.021,0.04259481
0.97,0.33680556
0.0063,0.008
0.0082,0.004
0.001,0.00142881
0.016,0.014
0.094,0.019
0.002,0.00420076
0.01,0.03420266
2.44,0.183
0.053,0.02278249
0.011,0.01956702
3.16,1.3859649
0.54,0.33333333
0.057,0.009
0.095,0.03300718
0.061,0.017
0.007,0.02352063
0.521,0.221
0.14,0.2
2.337,0.17
3.34,0.29
0.022,0.01009174
0.038,0.01988451
0.093,0.03009482
0.048,0.013
0.041,0.01889322
2.7464,1.032
0.001,0.00076647
0.005,0.00335378
1.202,0.186
0.003,0.00875999
0.081,0.048
0.023,0.01161616
0.036,0.016
1.05,0.5801105
0.003,0.00319667
0.024,0.01066667
0.52,0.47272727
0.022,0.013
1.8,1.1842105
0.006,0.00499851
0.055,0.04177685
0.08,0.024
0.0039,0.003
1.61,0.88461538
0.02,0.01498551
0.029,0.01479619
0.024,0.01922946
1.38,0.82634731
0.052,0.049
1.248,0.154
0.5764,0.266
0.064,0.01
0.011,0.00487345
2.6705,0.999
0.009,0.01168831
2.544,0.313
6.12,2.4
0.6,0.21052632
0.094,0.03041843
0.516,0.193
0.004,0.01016693
0.05,0.01
0.043,0.018
0.01,0.07
0.3,0.15706806
0.665,0.291
0.91,0.84
0.31,0.5
0.08,0.1
0.0038,0.00102178
0.041,0.0104
0.0999,0.0106
0.84,0.82
0.519,0.285
0.85,0.44502618
0.34,0.68
0.13,0.1
0.11,0.06
0.04,0.05
0.13,0.08
0.01,0.16666667
0.0412,0.0102
0.1,0.09
4.1,1.9248826
0.12,0.07
0.067,0.405
0.058,0.047
0.1236,0.051
0.73,0.37244898
0.005,0.06
0.1,0.08
0.315,0.574
0.04,0.1
0.042,0.02085308
0.12,0.06
0.06,0.09
0.0166,0.0078
0.05,0.11
1.09,1.1978022
0.01,0.05
0.18,0.04839989
0.45,0.58
0.0177,0.0074
0.14,0.07
0.1,0.25
0.08,0.08
0.331,0.10711169
0.02,2
0.07,0.06
0.0147,0.0035
0.01,0.06
0.106,0.02850216
1.45,1.1417323
1.98,0.8959276
0.72,0.312
0.044,0.058
0.63,0.315
1.43,0.72588832
0.059,0.02401045
0.62,0.23574144
0.07,0.43
0.0166,0.0077
0.76,0.37073171
0.61,0.68
0.16,0.08
0.16,0.07
0.176,0.06405167
0.002,0.05
0.02,0.05
0.54,0.27
0.781,0.781
0.25,0.69
0.13,0.0890411
0.031,0.01077076
0.339,0.13614458
0.187,0.11835443
0.09,0.07
0.241,0.1012605
1.194,0.453
0.171,0.13571429
0.0405,0.0114
0.033,0.053
2.34,1.2124352
0.123,0.053
0.058,0.046
0.0135,0.003
2.45,0.53030303
0.23,0.08
0.098,0.042
0.019,0.012
0.0075,0.0122
0.0025,0.0012
0.08,0.043
0.084,0.06967908
0.26,0.12
0,0.019
0.019,0.035
0.022,0.00591554
0.042,0.039
0.831,0.831
0.103,0.03998712
0.21,0.13
0.2,0.15
0.077,0.048
0.407,0.08905908
0.368,0.12785939
0.0056,0.0027
0.0057,0.0027
0.011,0.012
0.011,0.0035596
0.0022,0.0011
0.007,0.021
0.069,0.03753215
0.26,0.1
0.23,0.09
0.0305,0.0245
0.04,0.026
0.08,0.046
0.414,0.09118943
0.392,0.08252632
0.019,0.038
0.4,0.08583691
0.101,0.07291515
0.008,0.0025888
0.47,0.2
0.44,0.16
0.32,0.1
0.005,0.00238444
0.057,0.005
1.91,0.7928879
1.941,0.52191218
0.016,0.004
1.59,0.38
0.15,0.43
0.31,0.15
0.135,0.072
0.047,0.026
0.614,0.30770876
0.003,0.002
0.022,0.028
0.032,0.07656827
0.357,0.14110672
0.004,0.003
0.053,0.39776494
1.067,0.49168459
0.192,0.068
0.026,0.027
0.047,0.027
0.03,0.01
0.002,0.004
0.022,0.029
0.009,0.001
0.013,0.022
0.4,0.48
0.135,0.074
0.056,0.18175433
0.001,0.003
0.01,0.014
0.01,0.01203437
0.005,0.005
0.192,0.066
0.04,0.02
0.03,0.29
0.01,0.001
0.012,0.006
0.63,0.22
0.011,0.005
0.006,0.012
0.026,0.028
0.368,0.1168254
0.048,0.005
0,0.007
0.01,0.005
0.71,0.4
0.02,0.01
0.013,0.023
0.03,0.05882353
0.002,0.002
0.002,0.001
0.11,0.1
0.005,0.002
0,0.001
0.008,0.002
0.1,0.11
0.002,0.001
0.05,0.04
0.04,0.02564103
0.001,0.002
0.02,0.02352941
0.009,0.06628666
0.004,0.002
0.01,0.02702703
0.1,0.06
0.459,0.18679316
0.04,0.02484472
0.005,0.002
0.02,0.01
0.265,0.09992195
0.08,0.03
0.022,0.00829541
0.11,0.02925532
0.007,0.003
0.01,0.04166667
0.05,0.02
0.16,0.04
0.001,0.00080825
0.048,0.05309785
0.047,0.01824655
0.009,0.003
0.003,0.002
0.17,0.04381443
0.05,0.06
0.021,0.006
0.025,0.009
0.3,0.08
0.03,0.03846154
0.13,0.08179869
0.06,0.0375
0.02,0.03
1,0.6
0.012,0.008
0.22,0.09
0.017,0.014
0.034,0.013
0.031,0.013
0.022,0.014
0.07,0.019
0.051,0.021
0.034,0.019
0.052,0.019
0.007,0.026
0.007,0.009
0.009,0.03
0.009,0.009
0.002,0.002
0,0.002
0.871,0.286
0.063,0.024
1.412,0.401
1.255,0.253
0.566,0.18
1.121,0.24
0.744,0.301
1.436,0.3
0.811,0.267
0.705,0.179
0.0375,0.0195
0.0467,0.0239
0.009,0.005
0.033,0.081
0.083,0.087
0.02,0.006
0.006,0.007
0.0631,0.0174
0.01,0.005
0.0489,0.0149
0.038,0.095
0.0033,0.004
0.0442,0.028
0.014,0.013
0.0985,0.0279
0.0669,0.0236
0.0173,0.015
0.1162,0.172
0.0704,0.171
0.0138,0.008
0.0745,0.0284
0.064,0.02
0.0839,0.037
0.0304,0.021
0.058,0.034
0.003,0.008
0.013,0.036
0.003,0.009
0.061,0.024
1.915,0.28
1.169,0.391
1.998,0.268
0.279,0.151
1.093,0.278
1.087,0.275
1.093,0.28
0.158,0.0847
0.916,0.191
1.997,0.266
0.889,0.202
2.015,0.264
0.92,0.192
0.9,0.186
0.277,3.11
0.205,2.24
68.2,14.36
22.5,15.34
14.7,14.86
50.5,15.99
181.9,10.94
33,14.98
46.4,15.21
63.6,14.39
0.265,3.29
37,15.15
75.7,14.77
103.8,8.73
0.337,2.41
40.5,15.18
19.9,13.03
57.2,16.37
0.323,2.58
170,9.56
193.1,8.95
0.209,2.44
0.054,0.04
0.033,0.025
0.00865,0.000695
0.94,1.69
0.96,1.77
0.029,0.012
16.3,4.95
0.015,0.007
0.067,0.032
0.029,0.011
0.131,0.99
0.94,1.64
0.054,0.028
0.52,1.66
11.2,4.43
2.76,1.7
0.034,0.012
0.039,0.044
38,14.41
4.18,1.85
14.9,4.67
0.013,0.015
0.038,0.025
3.36,1.82
0.036,0.03
0.052,0.028
0.04,0.021
0.069,0.047
32.7,5.64
0.006,0.01
0.039,0.02
0.19,1.77
1.9,1.8
25.9,13.55
0.0087,0.00062
0.016,0.023
0.025,0.026
0.025,0.022
0.021,0.027
0.081,0.033
0.034,0.041
0.038,0.029
0.032,0.024
0.057,0.028
12.9,9.27
0.051,0.023
0.089,0.036
0.055,0.032
0.003,0.013
5.83,1.97
0.024,0.025
0.002,0.014
22.1,12.88
0.047,0.026
17.4,4.67
0.00744,0.000738
0.042,0.036
5.88,2.1
50.3,12.23
0.027,0.023
0.007,0.014
0.1,0.044
0.058,0.032
0.004,0.022
1.04,2.58
0.025,0.02
0.045,0.024
0.933,3.65
1.046,2.94
0.023,0.028
0.068,0.028
1.73,1.51
0.001,0.011
0.054,0.023
0.9,3.14
0.183,1.22
0.011,0.027
0.103,0.05
0.12,0.051
0.073,0.032
0.015,0.018
0.003,0.013
0.006,0.015
0.063,0.028
0.47,1.53
0.004,0.015
0.023,0.028
37,15.15
33,13.89
0.026,0.012
0.053,0.032
0.022,0.011
0.028,0.016
0.016,0.023
0.022,0.015
0.00903,0.000781
0.00827,0.000712
0.032,0.023
0.037,0.012
6.87,2.07
0.046,0.029
0.011,0.013
1.44,1.6
0.007,0.012
0.049,0.022
66.9,13.99
0.036,0.02
0.059,0.032
20.4,12.43
0.0116,0.00145
1.87,18.7
22.6,11.4
0.022,0.026
1.43,1.53
0.024,0.021
0.003,0.002
2.6,0.69
0.002,0.015
0.001,0.001
0,0.001
0.00549,0.00131
0.001,0.001
0.001,0.001
0.00801,0.00161
0.001,0.003
0.011,0.021
0.004,0.002
0.00957,0.000894
0.00366,0.00118
0.004,0.002
0.002,0.002
15.6,7.639
0.004,0.001
0.001,0.001
0.563,0.742
0.061,0.253
0.029,0.015
0.001,0.001
0.00486,0.00102
1.722,0.592
0.195,0.741
0.027,0.015
0.001,0.007
0.002,0.006
0.00614,0.0012
4.918,0.43
0.033,0.014
0.199,0.12
0.3,0.062
0.285,0.068
0.002,0.002
0.003,0.003
0.261,1.14
0.0302,0.00233
1.537,1.088
0.036,0.015
0.003,0.005
0.098,0.037
77,60
0.044,0.008
0.572,0.224
3.56,0.417
0.0725,0.00537
6.007,0.829
0.00372,0.00227
0.274,0.104
3.568,0.329
5.995,0.855
0.0139,0.00255
0.0237,0.00997
0.024,0.012
23.3,76.9
0.005,0.002
0.075,0.015
110,330
0,0.003
0.004,0.007
0.044,0.016
0.006,0.001
1.535,1.055
0.266,1.129
887,487
0.273,0.062
0.019,0.039
0.0262,0.0022
0.004,0.004
0.013,0.026
0.004,0.003
0.0115,0.00173
0.03,0.033
8.715,0.966
0.257,0.069
0.005,0.006
0.006,0.001
0.002,0.006
0.098,0.187
0.166,0.154
4.921,0.34
0.042,0.008
8.7,0.975
0.001,0.003
0.004,0.005
0.007,0.002
0.525,0.252
0.043,0.026
0.001,0.005
0.28,0.068
0.038,0.01
0.004,0.003
0.267,0.11
0.506,0.159
0.393,0.077
0.248,0.0473
0.489,0.04
3.568,0.329
8.533,0.254
0.015,0.032
3.459,0.288
0.274,0.149
0.359,0.113
0.175,0.11
3.473,0.348
0.31,0.112
4.079,0.311
4.921,0.34
4.169,0.306
4.925,0.363
0.228,0.156
0.555,0.042
4.479,0.43
3.619,0.4321
0.39,0.111
4.066,0.373
0.374,0.116
43.3,902
0.31,0.115
0.332,0.162
443,1257
0.423,0.162
0.257,0.142
0.469,0.163
0.22,0.0501
4.623,0.494
8.145,0.398
0.197,0.113
0.677,0.037
0.312,0.09
0.381,0.141
8.398,0.27
8.241,0.28
0.009,0.024
0.6,0.042
72.5,222
0.518,0.164
0.543,0.051
7.938,0.373
7859.4,2140.1
0.047,0.054
0.044,0.048
3.63,391
0.354,0.108
8.488,0.265
0.293,0.113
4.364,0.298
0.58,0.133
0.247,0.05
0.0248,0.00471
14.735,1.225
0.297,0.411
11.664,6.254
0.395,0.015
16.499,1.27
0.112,0.518
0.242,0.084
0.092,0.111
0.005,0.001
0.007,0.002
0.003,0.002
1.545,26.628
0.527,0.052
9.275,1.244
0.86,0.416
0.703,1.105
1.044,0.098
0.724,1.822
6.5,0.378
3.459,0.288
0.309,0.062
0.014,0.017
16.858,15.228
0.0437,0.00772
0.457,0.098
0.00205,0.00191
1.113,1.054
0.338,2.723
4.077,3.508
0.06,0.019
0.003,0.003
0.43,0.044
20.918,0.514
6.002,3.102
1.32,2.596
11.155,1.54
0.0307,0.00616
0.782,1.007
0.099,0.156
0.1,0.138
0.039,0.018
0.524,0.131
0,0.001
0.00188,0.00222
0.206,0.113
3.857,0.61
0.035,0.114
226,163
0.061,0.019
0.004,0.002
0.002,0.003
528,476
0.977,0.695
18.256,7.804
0.0342,0.00574
0.29,0.621
3.991,0.293
2.192,0.492
7.773,0.378
21.858,0.376
4.479,0.43
0.141,0.031
0.569,0.012
7.266,0.661
0.002,0.001
1.759,3.133
0.001,0.002
1.175,0.467
0.225,0.149
0.004,0.001
0.064,0.031
27.3,111
0.003,0.027
0.578,0.2
19.8,8.31
0.001,0.001
0.005,0.002
0.062,0.022
0.031,0.024
1.009,0.293
0.047,0.087
0.983,0.293
0.001,0.002
0.009,0.024
0.005,0.003
0.482,0.347
0.075,0.037
0.147,0.247
2.271,1.75
13.8,599
0.576,0.197
0.37,0.307
0,0.001
1.53,0.49
1.27,0.5
1.19,0.48
0.051,0.033
0.061,0.034
0.123,0.028
0.054,0.046
0.014,0.038
0.019,0.04
0.15,0.055
0.066,0.047
0.05,0.077
0.025,0.037
0.037,0.044
0.022,0.035
0.118,0.04
0.001,0.039
0.055,0.028
0.045,0.027
0.049,0.019
0.004,0.018
0.017,0.016
0.05,0.039
0.022,0.011
0.014,0.016
0.059,0.027
0.091,0.027
0.02,0.01
0.041,0.03
0.019,0.013
0.016,0.01
0.031,0.013
0.014,0.011
0.04,0.02
0.041,0.02
0.018,0.02
0.002,0.02
0.05,0.02
0.056,0.02
0.027,0.02
0.051,0.03
0.047,0.03
0.063,0.03
0.05,0.06
0.04,0.03
0,0.01
0.46,0.24
0.01,0.01
0.09,0.05
0.01,0.02
1.04,0.05
0.04,0.02
0.03,0.04
0.04,0.05
0.02,0.01
0,0.01
0.03,0.03
0.06,0.02
0.28,0.25
1.03,0.08
0.02,0.02
0.64,0.04
0.01,0.02
0.06,0.02
0.04,0.05
0.03,0.02
0.58,0.3
0.01,0.01
0.19,0.33
0.95,0.08
0.64,0.07
0.01,0.01
0.63,0.06
0,0.02
1.11,0.06
0.66,0.05
0.117,0.025
0.115,0.026
0.242,0.097
0.311,0.11
0.0893,0.094
0.0437,0.12
0.133,0.029
0.292,0.111
0.277,0.128
0.149,0.042
0.026,0.037
0.384,0.131
0.358,0.133
0.445,0.147
0.181,0.037
0.153,0.031
0.167,0.039
0.125,0.12
0.116,0.032
0.134,0.092
0.0735,0.026
0.273,0.122
0.111,0.033
0.273,0.125
0.0797,0.027
4.61,2.25
3.27,1.52
4.46,2.22
1.47,0.69
5.35,2.67
3.37,1.52
1.41,0.76
0.61,0.42
0.57,0.38
0.57,0.45
0.52,0.37
3.3,1.5
0.7,0.46
0.62,0.41
3.33,1.53
5.32,2.55
0.35,0.47
0.15,1.07
0.03,1.23
0.22,0.36
0.38,0.17
0.39,0.19
0.75,0.34
0.46,1.29
0.25,0.4
0.06,0.38
0.29,1.4
0.22,2.31
0.5,0.23
0.48,1.89
6.56,2.72
0.05,0.26
0.48,0.25
0.06,0.17
6.47,2.36
0.06,0.26
0.37,1.51
0.25,1.4
0.09,0.36
0.17,2.26
0.34,2.03
4.68,2.27
0.61,0.29
4.41,2.2
0.03,0.42
0.05,0.15
0.01,1.47
0.66,0.24
0.04,0.43
0.19,0.11
98.13,142.37
0.08,0.21
291.23,326.38
124.31,153.63
113.95,309.64
128.09,58.28
0.09,0.23
128.14,136.72
9.3,190.25
0.02,0.17
0.02,0.12
105.66,59.32
229.37,285.74
101.72,295.8
0.17,0.11
40.62,163.42
39.28,176.21
0.1,0.01
0.58,0.285
0.267,0.329
0.626,0.302
0.078,0.044
0.627,0.331
0.09,0.046
0.1,0.039
0.124,0.048
961.19,316.64
913.52,319.3
759.76,296.3
734.36,298.96
907.5,318.62
504.1,816.7
486.62,790.05
324.11,1014.09
529.22,921.28
427.43,877.53
2.28,2.18
0.01,0.03
0.01,0.02
2.12,1.99
2.89,2.33
1.18,2.09
0.01,0.03
0.01,0.03
0.01,0.03
0.71,2
297.9,416.3
269.59,419.13
0.03,0.03
0.03,0.03
0.0674,0.0152
2e-04,0.0127
0.00098,0.00124
0.0884,0.0193
0.0666,0.0185
0.67,0.91
3.14,1.88
4.73,1.46
1.45,1.11
17.22,6.3
8.24,6.09
0.77,3.24
9.02,4.39
0.032,0.013
0.033,0.014
0.832,0.278
0.069,0.022
0.728,0.261
0.753,0.261
0.061,0.024
0.813,0.28
0.002,0.001
0.003,0.001
0.014,0.003
0.002,0.001
0.001,0.001
0,0.001
0.002,0.001
0,0.001
0.002,0.001
0.01,0.003
0.001,0.001
0,0.001
0.002,0.001
0.012,0.003
0.003,0.001
0.036,0.007
0.015,0.006
0.028,0.008
0.043,0.026
0.029,0.005
0.001,0.021
0.027,0.005
0.036,0.009
0.022,0.024
0.019,0.003
0.032,0.005
0.021,0.017
0.003,0.03
0.028,0.014
0.009,0.021
0.021,0.005
0.036,0.025
0.035,0.018
0.012,0.044
0.062,0.025
0.023,0.028
0.08,0.039
0.016,0.029
0.031,0.035
0.011,0.023
0.096,0.046
0.045,0.034
0.081,0.036
0.034,0.038
0.003,0.032
0.027,0.008
0.02,0.009
0.021,0.007
0.041,0.009
0.021,0.006
0.041,0.011
0.029,0.01
0.027,0.012
0.032,0.009
0.051,0.021
0.075,0.025
0.08,0.026
0.059,0.026
0.125,0.051
0.047,0.065
0.083,0.036
0.029,0.045
0.07,0.091
0.088,0.026
0.118,0.032
0.101,0.043
0.119,0.029
0.069,0.081
0.106,0.036
0.05,0.034
0.031,0.007
0.018,0.007
0.045,0.008
0.023,0.013
0.023,0.011
0.019,0.006
0.025,0.006
0.002,0.006
0.029,0.007
0.056,0.012
0.062,0.011
0.053,0.007
0.032,0.01
0.038,0.007
0.017,0.011
0.027,0.008
0.023,0.007
0.029,0.008
0.08,0.034
0.022,0.01
0.043,0.011
0.031,0.008
0.036,0.009
0.039,0.012
0.059,0.012
0.037,0.01
0.045,0.013
0.042,0.012
0.024,0.037
0.015,0.037
0.0116,0.0016
0.011,0.0016
0.2025,0.0233
0.1863,0.0226
0.0217,0.0031
0.0261,0.0028
0.0592,0.0034
0.0155,0.0029
0.5207,0.0571
0.5463,0.0553
0.2384,0.0559
0.4196,0.0542
0.043,0.138
0.016,0.064
0.014,0.056
1.378,1.15
0.026,0.183
0.004,0.019
0.044,0.022
7.146,5.871
0.057,0.021
1.432,3.05
1.173,4.41
0.007,0.025
1.232,2.7
1.173,2.7
0.044,0.021
3.976,5.068
0.057,0.022
0.008,0.018
0.843,3.18
0.013,0.03
0.019,0.029
0.942,0.78
0.001,0.019
0.007,0.019
0.001,0.013
0.057,0.028
0.138,0.048
0.166,0.064
0.068,0.031
0.147,0.048
0.01,2.73
0.153,0.045
0.305,0.038
0.013,2.54
0.1,0.05
0.269,0.0673
0.011,3.07
0.152,0.0375
0.282,0.058
0.011,2.38
0.313,0.051
0.01,3.02
0.179,0.076
0.294,0.0663
0.157,0.062
0.012,3.09
0.308,0.117
0.144,0.046
0.319,0.117
0.237,0.099
0.004,0.157
0.1815,0.0237
0.148,0.0503
0.007,2.34
0.2516,0.0256
0.149,0.04
0.145,0.043
0.012,3.17
0.276,0.046
0.104,0.056
0.236,0.087
0.197,0.049
0.567,0.173
0.594,0.182
0.188,0.047
0.0277,0.00772
0.013,0.004
0.0453,0.0117
0.2155,0.0617
0.281,0.135
0.0506,0.0113
0.025,0.009
0.278,0.147
0.056,0.026
0.1534,0.0563
0.0412,0.0085
0.006,0.002
0.075,0.019
0.007,0.019
0.018,0.006
0.127,0.023
0.057,0.023
0.007,0.002
0.081,0.028
0.005,0.003
0.021,0.015
0.0301,0.0188
0.041,0.003
0.021,0.007
0.04,0.002
0.045,0.003
0.052,0.002
0.0068,0.0039
0.0057,8e-04
0.0616,0.0251
0.0074,9e-04
0.0534,0.0268
0.037,0.002
0.0054,9e-04
0.015,0.009
0.0058,9e-04
0.0266,0.0171
0.0177,0.001
0.007,0.001
0.017,0.006
0.0027,8e-04
0.553,0.195
1.85,2.1
0.904,0.118
0.109,0.046
0.55,0.195
0.0431,0.0177
0.0441,0.0101
0.018,0.012
0.381,0.169
0.039,0.058
0.063,0.049
0.0519,0.0103
0.029,0.008
0.74,2.24
0.029,0.008
0.53,0.31
0.028,0.008
1.82,2.12
0.02,0.32
0.114,0.3046
0.032,0.008
0.931,0.434
0.391,0.17
0.473,0.1208
0.053,0.056
0.033,0.058
0.0505,0.0233
0.6544,0.1275
0.91,2.5
0.1432,0.031
0.0535,0.0238
0.008,0.005
0.037,0.043
0.0497,0.0152
0.0193,0.0169
0.0518,0.0231
0.038,0.023
0.089,0.024
0.011,0.01
0.141,0.056
0.117,0.072
0.044,0.051
0.004,0.006
0.0117,0.02
0.148,0.06
0,0.005
0.674,0.223
0.004,0.074
0.07,0.036
0.056,0.028
0.156,0.055
0.007,0.016
0.154,0.026
0.036,0.007
0.618,0.119
0.0102,0.00218
0.01,0.00264
0.0103,0.00559
0.0148,0.00426
0.0145,0.00464
0.00285,0.00151
0.00371,0.0012
0.00394,0.000851
0.00157,0.000478
0.00169,0.000378
0.14,0.04
0.57,0.18
0.63,0.18
0.14,0.03
0.22,0.05
0.1,0.05
0.041,0.013
0.041,0.013
0.67,0.14
1.09,0.18
2.325,0.982
2.223,0.992
0.035,0.133
0.0178,0.0446
0.337,0.179
0.114,0.0476
0.294,0.162
0.239,0.118
0.0394,0.0772
0.02,0.005
0.033,0.054
0.004,0.001
0.06,0.077
0.002,0.001
0.19,0.044
0.024,0.006
0.085,0.059
0.005,0.001
0.001,0.001
0.102,0.105
0.032,0.005
0.015,0.0093
0.018,0.074
0.893,2.404
0.026,0.005
0.029,0.01
0.027,0.005
0.026,0.006
0.02,0.005
0.035,0.006
0.737,2.149
0.101,0.049
0.0765,0.0184
0.0842,0.0187
2.16,0.79
0.05,0.04
0.016,0.015
0.1,0.076
0.024,0.01
0.43,0.0058
0,0.007
0.0037,0.039
1.29,0.21
0.35,0.157
0.054,0.054
1.525,2.547
0.015,0.0093
0.02,0.005
0.085,0.012
0.075,0.082
0.85,0.2
0.58,1.927
0.066,0.09
0.02,0.005
0.084,0.012
0.0695,0.0167
0.54,0.199
0.17,0.087
0.099,0.048
3.52,0.82
0.004,0.007
0.043,0.0058
0.019,0.039
0.419,0.145
0.178,0.074
0.002,0.027
0.027,0.033
1.882,1.6954955
8.325,9.5689655
3.64,8.4651163
0.01,0.101
0.156,0.042
0.064,0.038
0.044,0.05176471
1.371,1.9309859
0.355,0.114
0.108,0.116
0.482,0.154
0.696,0.028
0.433,0.163
0.165,0.045
0.568,0.05
10.411,4.739
0.321,0.843
0.026,0.085
0.236,0.125
10.25,4.727
0.079,0.04968553
0.245,0.09
0.5,1.303
0.055,0.09166667
0.031,0.02
0.578,0.133
0.108,0.037
0.013,0.037
0.592,0.183
0.434,0.162
0.019,0.076
0.01,0.044
0.613,0.204
3.425,1.567
3.033,1.336
0.149,0.056
0.056,0.04666667
0.607,0.055
0.044,0.019
0.616,0.205
0.655,0.051
0.379,0.29379845
1.784,3.2436364
0.548,0.079
0.089,0.04836957
0.444,0.048
0.249,0.229
0.059,0.045
0.06,0.058
0.009,0.02093023
0.339,0.121
0.492,0.133
0.018,0.013
0.013,0.057
0.637,0.052
0.534,0.058
0.018,0.056
0.02,0.07
1.11,0.11
0.11,0.062
0.57,0.1
0.101,0.05976331
0.19,0.12
0.018,0.03050847
0.62,0.069
0.037,0.039
0.48,0.1
0.67,0.075
0.18,0.096
0.39,0.45
0.011,0.035
0.24,0.13
0.22,0.027
0.41,0.11
0.53,0.13
0.06,0.05
0.17,0.046
0.62,0.11
0.047,0.02473684
0.017,0.02098765
0.2,0.065
0.06,0.05
0.082,0.06722689
0.07,0.07
0.56,0.08
0.012,0.02666667
0.259,1.703
0.12,0.27
0.67,0.071
1.901,2.386
2.14,2.026
5.71,0.57
7.08,0.72
0.15,0.081
6.94,1.03
0.009,0.035
0.38,0.07
0.82,0.12
0.057,0.04789916
0.058,0.21
0.072,0.03692308
0.74,0.11
0.55,0.09
5.47,0.72
0.238,2.446
0.53,0.11
0.017,0.02575758
0.806,1.322
0.311,0.111
0.282,0.16423995
2.355,1.294
3.775,2.065
0.038,0.07755102
0.059,0.06941176
0.305,0.27981651
0.47,0.1
0.072,0.2
0.38,0.1
0.032,0.02147651
0.51,0.14
0.282,1.404
0.212,0.25853659
0.035,0.0239726
0.72,0.09
0.026,0.06666667
4.373,2.162
0.008,0.08888889
0.044,0.61111111
0.23,0.06
0.55,0.08
0.54,0.1
0.315,0.18
0.31,0.17222222
0.059,0.03986486
0.542,1.697
0.23,0.06
0.0633,0.908
0.97,0.13
0.386,0.21940476
1.05,0.11
2.624,1.689
0.269,0.14861878
0.02,0.009
0.15,0.13636364
0.012,0.1
0.44,0.08
0.41,0.1
0.052,0.11746736
0.19,0.05
0.19,0.07
0.292,0.12749044
0.08,0.07
0.011,0.00382188
0.239,1.853
7.507,3.944
0.305,0.08201093
0.23,0.07
0.428,0.11508419
0.22,0.06
0.1,0.06186448
0.003,0.00422819
0.204,0.08468541
0.547,2.106
0.24,0.07766406
0.24,0.19652362
0.13,0.08
0.0554,1.545
0.26,0.08
1.425,1.886
0.002,0.03797695
10.05,139.101
0.052,0.14506549
70.084,69.896
0.28,0.07
0.28,0.07
1.672,1.674
0.31,0.09
0.598,1.95
0.37,0.11
0.2,0.05
0.009,0.0029124
0.123,0.14069731
0.012,0.00322666
1621,884.1
0.5,0.947
4.915,2.671
1.1967,0.463
5.356,2.773
0.696,2.114
0.5915,2.051
9.1266,3.45
0.6987,0.139
2.505,1.916
173.4,295.5
103.9,594.8
782.8,612.9
0.606,0.852
293.6,681.6
3.006,0.77
3.003,0.759
1634,904.3
571.1,649.5
8.5227,2.271
97.6,598.9
0.6024,2.065
225,268
614.8,539.4
0.582,0.381
0.67,0.21
0.4,0.25
0.33,0.28
1.41,0.2
0.09,0.2
1.04,0.22
0.89,0.19
1.09,0.21
0.62,0.373
0.132,0.057
0.173,0.071
0.173,0.061
0.081,0.18
0.162,0.047
0.182,0.058
0.183,0.075
0.039,0.083
0.182,0.066
0.076,0.022
0.0055,0.0103
0.071,0.005
0.01,0.041
0.022,0.0088
0.0138,0.0086
2.935,1.827
0.053,0.006
0.0122,0.0048
0.006,0.0091
0.0244,0.0079
0.0051,0.0047
0.0216,0.0101
0.022,0.021
0.054,0.009
0.045,0.005
0.044,0.017
0.07,0.005
0.0056,0.0098
0.164,0.083
3.215,1.868
0.022,0.004
0.056,0.009
0.048,0.02
0.00163,0.0042
0.006,0.047
0.072,0.004
0.031,0.005
0.012,0.005
0.151,0.079
0.0135,0.0066
0.0126,0.0055
0.021,0.005
0.0057,0.0093
0.029,0.005
0.029,0.005
0.018,0.004
0.041,0.025
0.0133,0.0053
0.024,0.0099
0.108,0.031
0.164,0.032
0.13,0.021
0.076,0.03
0.011,0.025
0.176,0.019
0.1,0.015
0.128,0.018
0.007,0.014
0.118,0.035
0.077,0.034
0.078,0.025
0.196,0.019
0.0121,0.0058
0.0034,0.0108
0.0037,0.0013
0.116,0.036
0.0023,0.0012
0.132,0.021
0.0011,0.0021
0.072,0.021
0.0239,0.0085
0.783,0.063
0.272,0.032
0.004,0.007
0.0133,0.0152
0.011,0.0062
0.055,0.029
0.04,0.0085
0.0022,0.0049
0.0124,0.0049
0.0145,0.0107
0.415,0.035
0.0058,0.0031
0.411,0.043
0.081,0.026
0.001,0.0043
0.0083,0.0088
0.0065,0.0032
0.0057,0.0077
0.326,0.049
0.204,0.022
0.311,0.051
0.608,0.054
0.136,0.046
0.0057,0.006
0.003,0.0054
0.004,0.0103
0.353,0.032
0.0128,0.0068
0.108,0.023
0.506,0.058
0.0023,0.0097
0.661,0.04
0.0132,0.0045
0.212,0.029
0.083,0.009
0.042,0.012
0.058,0.009
0.012,0.014
0.018,0.01
0.037,0.015
0.032,0.009
0.073,0.011
0.0105,0.003
0.02,0.007
0.017,0.014
0.0108,0.003
0.0154,0.0038
0.015,0.007
0.033,0.01
0.0158,0.0038
0.003,0.014
0.081,0.014
0.123,0.044
0.064,0.018
0.002,0.0103
0.017,0.035
0.072,0.0426
0.037,0.05
0.001,0.02
0.011,0.104
0.005,0.078
0.061,0.026
0.039,0.039
0.0447,0.0191
0.0569,0.0261
0,0.023
0.121,0.031
0.008,0.016
0.021,0.02
0.012,0.02
0.076,0.03
0.0425,0.0166
19.698,11.904791
0.0687,0.028
18.591,11.957368
0.037,0.0355
0.04,0.0381
6.245,24.156058
0.035,0.014
0.006,0.022
0.0459,0.0157
0.028,0.0968
0.004,0.00969
0.07,0.0407
0.01,0.104
13.482,8.1480555
0.044,0.028
8.927,6.6581887
0.0578,0.0228
3.363,6.9405493
0.003,0.0108
0.0469,0.0245
0.057,0.023
0.018,0.023
3,10.4
22.3,20.8
13.9,40.8
9.4,17.3
0.061,0.024
0.24,0.08734319
19.88,6.9071865
41.51,16.523732
19.21,5.1653441
47.7,12.825972
0.006,0.012
19.27,7.0129305
27.02,9.8333878
0.16,0.05177604
0.052,0.022
0.08,0.03
0.43,0.29136917
16.47,5.7224025
0.33,0.12443111
43.5,18.992582
0.3,0.11646734
0.056,0.029
0.26,0.11351888
0.073,0.037
0.015,0.012
0.49,0.27802833
0.056,0.01
0.074,0.01
0.042,0.01
0.088,0.01
0.07,0.01
0.028,0.01
0.143,0.069
0.016,0.002
0.457,0.071
0.248,0.071
0.0291,0.05
0.409,0.051
0.206,0.051
0.125,0.01
0.081,0.03
0.276,0.051
0.297,0.071
0.2,0.071
0.096,0.02
0.12,0.02
0.167,0.089
0.004,0.002
0.784,0.757
0.001,0.001
0.004,0.012
0.177,0.089
0.026,0.022
0.077,0.016
0.01,0.007
0.012,0.004
0.005,0.001
0.103,0.01
0.105,0.01
0.027,0.022
0.005,0.002
0.005,0.003
0.077,0.016
0.001,0.001
0.889,0.0764
0.088,0.029
0.069,0.038
0.05,0.015
0.027,0.022
0.144,0.09
0.935,0.759
0.006,0.001
0.075,0.016
1.027,0.629
0.005,0.008
0.047,0.015
0.003,0.001
0.016,0.01
0.112,0.02
0.051,0.015
0.295,0.411
0.094,0.02
0.001,0.001
178,36
63,73
592,61
98,126
790,163
1110,372
1138,270
0.024,0.007
0.027,0.004
0.026,0.007
0.017,0.005
0.026,0.007
0.027,0.004
0.01,0.004
0.01,0.004
0.01,0.004
0.01,0.004
2.068,0.879
1.497,0.911
1.888,0.751
0.033,0.01
0.925,0.287
0.038,0.007
2.212,1.016
1.727,0.649
2.804,1.041
0.035,0.007
1.591,0.608
0.866,0.203
1.849,0.92
1.42,0.616
0.557,0.154
0.064,0.017
0.784,0.327
0.028,0.008
3.581,1.074
0.027,0.011
1.518,0.647
0.557,0.15
0.07,0.018
2.523,1.065
0.112,0.045
2.694,0.894
0.059,0.0194
0.257,0.267
0.3125,0.0698
0.15,0.0438
0.419,0.023
0.255,0.241
0.148,0.0407
0.728,0.24
0.78,0.66
2.138,1.271
0.3241,0.0725
0.0153,0.0168
0.0799,0.0186
0.0764,0.0365
0.22,0.0614
0.0017,0.0272
0.153,0.0456
0.778,0.651
0.42,0.023
0.345,0.0648
0.417,0.024
0.153,0.0462
0.0758,0.0222
0.171,0.0342
0.4292,0.0742
0.544,0.145
0.5379,0.2678
0.3945,0.3914
0.0363,0.0195
0.158,0.0764
0.0214,0.131
0.0602,0.0199
0.235,0.0515
0.731,0.256
0.33,0.0377
0.0789,0.0122
0.203,0.469
0.0917,0.0401
0.579,0.395
0.577,0.385
0.159,0.0323
0.417,0.024
0.7227,0.3264
0.179,0.2628
0.222,0.166
0.129,0.057
0.346,0.0748
0.216,0.141
2.012,1.192
2.742,1.392
0.004,0.001
0.0612,0.0255
8e-04,0.0039
2.337,1.423
0.0915,0.0654
0.0222,0.0207
2.358,1.407
0.652,0.059
0.031,0.011
0.794,0.305
0.009,0.003
0.0012,0.00049
0.069,0.02
0.05,0.023
0.626,0.089
0.127,0.0606
0.629,0.312
0.712,0.073
0.051,0.023
0.0029,0.0014
0.42,1.698
0.0012,0.00049
0.754,0.034
0.044,0.017
0.025,0.028
0.16,0.07
2.699,1.888
0.652,0.059
0.031,0.011
0.032,0.017
2.737,1.57
0.072,0.04
0.266,1.765
0.146,0.253
2.243,1.81
0.807,0.309
0.0517,0.0606
0.77,0.05
0.011,0.054
1.7,1.821
0.214,0.112
0.591,0.062
0.063,0.021
0.0059,0.001
0.0756,0.0174
3e-04,0.003
0.004,0.086
1.609,0.829
0.024,0.015
0.652,0.293
0.789,1.836
0.0697,0.0144
0.0172,0.0036
0.09,0.032
0.0488,0.0542
0.009,0.003
0.0598,0.0149
0.796,0.031
0.004,0.001
2.636,1.555
1.135,1.921
0.0017,0.0016
0.628,0.055
3.015,1.671
0.643,0.056
0.026,0.012
0.003,0.004
0.102,0.028
2.388,1.7
1.958,0.789
0.034,0.012
0.089,0.219
0.037,0.03
0.126,0.0702
0.102,0.028
0.003,0.004
0.022,0.017
0.051,0.023
0.0721,0.0144
0.037,0.03
3.942,2.09
0.0531,0.016
0.241,0.126
3.218,2.09
0.102,0.0329
0.014,0.017
0.0473,0.0165
0.0474,0.0264
0.02,0.01
0.203,0.067
0.065,0.018
0.139,0.054
0.097,0.036
0.12,0.051
0.363,0.243
0.0459,0.0921
0.00035,8e-04
0.00011,8e-04
1.273,1.509
0.001,9e-04
0.081,0.033
0.012,0.023
0.002,0.001
0.616,0.366
0.03,0.24
0.000809,4e-04
0.000218,2e-04
0.00521,0.0025
0.454,0.405
4.199,1.212
0.00053,6e-04
0.00137,0.0015
0.004,0.005
0.092,0.043
0.0455,0.117
0.00214,0.002
0.0111,0.0034
0.00079,9e-04
0.155,0.047
0.00408,0.0021
0.52,0.24
0.063,0.017
0.245,0.223
0.176,0.218
0.008,0.006
0.00187,0.0021
0.641,0.349
0.41,0.39
1.137,0.262
0.54,0.23
0.01,0.008
0.11,0.32
0.00041,5e-04
0.0545,0.0186
0.00114,0.0017
1.223,0.339
0.012,0.022
0.0095,0.0048
0.000987,4e-04
0.07,0.3
0.944,0.24
0.124,0.257
0.22,0.23
0.11,0.32
4.988,2.224
0.933,0.234
0.267,0.214
0.0516,0.0152
0.869,0.444
0.1,0.191
0.00017,2e-04
0.0428,0.13
0.00673,0.0032
0.04666,0.01777
0.00153,0.0016
0.002,0.001
0.00189,8e-04
0.00403,0.0021
0.046,0.00821
0.004,0.003
1.6e-05,2e-04
0.0944,0.18
0.362,0.212
0.012,0.022
0.00429,0.0024
3.483,2.129
0.00223,7e-04
0.000188,4e-04
0.00552,0.0016
0.0136,0.00625
0.012,0.007
0.06,0.033
3.713,2.914
0.0041,0.0024
0.000242,2e-04
0.0026,0.3441
0.037,0.00857
0.00141,0.0022
0.041,0.157
4.4e-05,2e-04
0.000935,3e-04
0.00042,6e-04
0.23,0.09
0.00094,9e-04
0.00177,7e-04
0.05,0.13
0.1605,0.0534
0.257,0.214
0.1,0.04
0.203,0.067
0.00689,0.0031
0.09,0.181
0.59,0.13
0.26,0.13
0.00181,9e-04
0.000996,4e-04
0.123,0.169
0.205,2.974
0.0455,0.0748
0.064,0.035
0.362,2.385
0.008,0.006
0.07,0.1
0.007,0.004
0.00541,0.0016
0.378,0.225
0.0452,0.0154
0.00024,4e-04
0.0289,0.0189
0.0475,0.189
0.0528,0.0249
0.0389,0.0132
1.429,2.148
1.802,2.06
4.988,2.224
0.001,0.029
0.065,0.018
0.000843,3e-04
0.00097,8e-04
0.1181,0.0591
1.322,2.824
2.353,3.064
0.0147,0.0109
0.069,0.029
0.366,0.208
0.15,0.1
0.215,0.064
0.155,0.072
0.22,0.065
0.103,0.125
0.072,0.054
0.031,0.114
0.027,0.092
0.059,0.123
0.2279,0.0803
0.1684,0.027
0.1484,0.0891
0.2222,0.1205
0.309,0.122
0.258,0.109
0.287,0.109
0.288,0.141
0.307,0.14
0.503,0.204
0.144,0.02
0.039,0.013
0.046,0.011
0.037,0.015
0.236,0.026
0.038,0.01
0.02,0.017
0.211,0.025
0.089,0.012
0.095,0.018
0.063,0.014
0.141,0.02
3.347,1.869
1.173,1.651
3.393,1.857
4.351,1.893
1.794,1.832
1.681,1.815
4.379,1.896
1.303,1.658
1.579,2.091
1.061,1.95
4.39,1.934
3.174,1.826
73.1,29.6
1.84,0.67
59.2,25.1
1.73,0.88
0.26,0.6
1.38,0.53
10.2,100.1
157.9,138.2
29.7,101.4
0.24,0.73
0.05,0.71
48,189.7
91.1,208.9
0.03,0.71
1.15,0.56
125.3,135.2
0.009,0.008
0.031,0.013
0.019,0.025
0.006,0.029
0.002,0.064
0.04,0.09
0.002,0.01
0.03,0.06
0.08,0.05
0.11,0.22
0.23,0.18
0.21,0.07
0.22,0.16
0.02,0.11
0.043,0.02
0.3,0.3
0.003,0.02
0.12,0.24
0.23,0.15
0.29,0.29
0.053,0.081
0.053,0.076
0.002,0.062
0.048,0.037
0.079,0.062
0.002,0.135
0.017,0.094
0.024,0.159
0.067,0.12
0.014,0.113
0.055,0.092
0.025,0.043
0.019,0.019
0.217,0.047
0.298,0.094
0.073,0.017
0.018,0.031
0.075,0.024
0.005,0.004
0.029,0.021
0.002,0.004
0.006,0.008
0.013,0.014
0.015,0.016
0.028,0.023
0,0.005
0.009,0.02
0.002,0.005
0.008,0.008
0.005,0.014
0.001,0.004
0.003,0.005
0.007,0.006
0.002,0.006
0.002,0.008
0.001,0.005
0.226,0.109
0.117,0.063
0.933,0.269
0.324,0.102
0.063,0.023
0.214,0.08
0.231,0.093
0.077,0.053
0.324,0.102
0.369,0.081
0.149,0.035
0.3,0.128
0.046,0.024
0.226,0.109
0.077,0.053
0.063,0.023
0.231,0.093
0.369,0.081
0.117,0.063
0.3,0.128
0.029,0.022
0.662,0.209
0.139,0.032
0.046,0.024
0.149,0.035
0.933,0.269
0.139,0.032
0.662,0.209
0.214,0.08
0.047,0.02
0.047,0.02
0.029,0.022
0.01,0.0058
0.121,0.046
0.245,0.053
2e-04,0.0092
0.033,0.036
0.114,0.041
0.085,0.041
0.163,0.029
0.05,0.034
0.017,0.007
0.085,0.042
0.06,0.03
0.0044,0.0055
0.091,0.03
0.184,0.052
0.011,0.012
0.02,0.037
0.024,0.039
0.023,0.01
0.085,0.03
0.0071,0.038
0.528,0.09
0.164,0.072
0.354,0.074
0.342,0.069
0.34,0.068
0.355,0.075
0.164,0.072
0.529,0.091
0.191,0.0087
0.0231,0.071
0.407,0.094
0.121,0.092
0.114,0.064
0.31,0.144
0.413,0.099
0.151,0.093
0.728,0.143
0.06,0.078
0.715,0.121
0.13,0.07
1.04,0.16
0.625,0.123
0.132,0.072
0.187,0.09
0.362,0.0759
0.154,0.0648
0.103,0.051
0.194,0.0866
0.007,0.002
0.011,0.003
0.191,0.0798
6.81,1.741
9.95,2.05
0.185,0.048
0.123,0.0226
1.06,0.128
0.0985,0.016
1.163,0.205
0.634,0.175
1.105,0.198
1.086,0.161
0.57,0.105
1.93,0.152
0.88,0.168
0.135,0.205
0.347,0.119
0.652,0.175
0.616,0.119
0.01,0.009
0.036,0.012
0.003,0.012
0.056,0.007
0.073,0.008
0.037,0.013
0.041,0.008
0.077,0.012
0.007,0.002
0.002,0.001
0.033,0.022
1576.435,760.816
0.004,0.013
0.004,0.021
948.602,470.92
0.03,0.021
3980.763,894.428
457.034,419.253
0.022,0.027
0.007,0.021
0.01,0.019
0.029,0.027
393.853,404.733
0.116,0.061
1948.158,766.787
0.064,0.039
0.002,0.014
858.791,343.989
48.436,963.871
280.021,438.278
0.049,0.033
0.016,0.02
0.009,0.018
0.026,0.029
193.89,508.486
676.849,399.008
579.8,402.078
358.662,347.809
1483.807,447.635
33.701,520.111
306.47,425.701
0.016,0.029
1.276,0.573
1.022,0.267
0.214,0.069
0.376,0.169
0.078,0.008
0.064,0.007
0.064,0.007
0.099,0.012
0.0032,0.007
0.0026,0.0098
0.0018,0.006
1e-04,0.0122
0.0067,0.0083
0.0134,0.01
0.0591,0.0295
0.0019,0.0364
0.116,0.077
0.0501,0.0417
0.184,0.063
0.015,0.025
0.00263,0.0143
0.0283,0.0379
0.0598,0.0236
0.0328,0.00652
0.188,0.057
0.002,0.015
0.00483,0.00526
0.0287,0.0505
0.0034,0.0466
0.0138,0.00515
0.114,0.081
0.0245,0.0378
0.0484,0.0408
0.00758,0.00677
0.035,0.0504
0.0459,0.0408
0.0266,0.0385
0.0034,0.0466
0.0298,0.0386
0.0476,0.0416
0.1521,0.0753
0.00224,0.00789
0.0315,0.0147
0.000134,0.0144
0.0213,0.0236
0.1766,0.0936
0.1333,0.079
0.0224,0.0142
0.0269,0.0143
0.0365,0.0264
0.0263,0.0246
0.157,0.0884
0.0733,0.0399
0.0473,0.0482
0.0111,0.00798
0.1213,0.0706
0.1008,0.0435
0.0667,0.0394
0.1374,0.0811
0.1,0.0415
0.1612,0.0888
0.101,0.0427
0.1513,0.0842
0.0255,0.0143
0.0018,0.0143
0.0449,0.0476
0.086,0.0515
0.0214,0.0223
0.1003,0.0423
0.1178,0.0706
0.1139,0.0766
0.0899,0.0506
0.1278,0.0786
0.0324,0.0129
0.0383,0.0264
0.0733,0.0407
0.0338,0.013
0.1086,0.0766
0.00203,0.0142
0.00269,0.00791
0.0245,0.0222
0.0681,0.0402
0.0135,0.128
0.266,0.0767
0.47,0.0543
0.252,0.084
0.111,0.125
0.0749,0.141
0.0153,0.00456
0.0037,0.0179
0.0168,0.0327
0.0312,0.0194
0.00243,0.00592
1.988,0.055
0.103,0.0533
0.523,0.01
0.487,0.017
0.0274,0.0245
0.0189,0.0166
0.85,0.017
0.0164,0.00889
0.00883,0.00312
0.0125,0.00909
0.00859,0.00514
0.0107,0.00487
0.00322,0.00538
0.0141,0.0296
0.00507,0.00521
0.0552,0.0556
0.55,0.013
0.00538,0.0272
0.00615,0.00973
3.019,0.081
0.00687,0.00293
0.0635,0.0531
0.0113,0.00942
0.0203,0.0319
0.04475,0.0116
0.875,0.021
1.099,0.026
0.00836,0.00579
0.033,0.009
0.031,0.009
0.008,0.017
0.031,0.01
0.004,0.017
0.037,0.01
0.036,0.008
0.005,0.019
0.007,0.019
0.008,0.019
0.031,0.01
0.004,0.019
3037.1,15468.4
0.048,0.024
0.053,0.026
0.133,0.052
0.059,0.028
3596.3,2006.6
0.023,0.008
0.045,0.022
0.156,0.057
0.063,0.031
0.021,0.007
1e-04,1e-04
1e-04,1e-04
0.001,0.001
0.099,0.028
0.016,0.022
0.148,0.034
0.018,0.041
8095,4575
3e-04,9e-04
0.001,0.001
0.053,0.009
0.084,0.024
0.241,0.039
1e-04,1e-04
0.052,0.011
0.004,0.001
0.192,0.047
0.104,0.022
0.034,0.014
0.072,0.013
6e-04,8e-04
0.043,0.014
1.074,0.426
0.003,0.001
0.156,0.041
0.046,0.017
0.03,0.014
0.002,0.003
0.001,0.002
0.005,0.006
0.042,0.007
0.209,0.033
0.129,0.042
0.009,0.027
1.276,0.553
0.004,0.001
1785,3403
0.025,0.015
0.004,0.057
0.237,0.041
0.002,0.004
0.02,0.021
0.066,0.025
0.155,0.024
0.002,0.004
631,1616
0.0033,6e-04
0.006,0.001
0.081,0.037
978,2504
0.028,0.014
9287,3331
0.074,0.017
0.273,0.046
2e-04,1e-04
4e-04,0.0011
0.16,0.054
0.002,0.002
0,0.02
0.007,0.025
0.007,0.005
0.184,0.033
0.054,0.012
0.004,0.018
333,1596
0.005,0.016
0.035,0.012
0.104,0.029
0.003,0.005
0.001,0.001
0.037,0.01
0.049,0.007
24.987,7.716
1.927,1.432
2.236,1.117
25.025,7.748
2.001,1.124
2.622,1.137
2.174,0.902
0.1,0.008
17.614,9.291
0.389,0.974
2.591,1.479
0.006,0.0126
3.617,1.197
12.886,7.191
3.289,1.24
11.106,5.222
3.615,1.192
22.543,8.034
3.504,0.856
0.058,0.013
0.038,0.023
0.035,0.012
0.045,0.022
0.88,0.466
0.963,0.649
0.044,0.075
2.175,1.033
0.006,0.008
1.208,0.696
0.006,0.017
12.886,7.191
0.04,0.049
2.236,1.117
0.034,0.02
0.081,0.074
0.029,0.011
0.019,0.011
0.011,0.006
0.071,0.035
0.615,0.622
0.028,0.014
1.241,0.49
0.014,0.016
4.813,3.226
0.278,1.332
14.154,7.913
0.036,0.014
1.242,0.942
0.034,0.011
0.374,1.025
0.022,0.013
0.027,0.01
0.044,0.012
0.144,0.8
12.886,6.283
2.71,1.148
1.686,0.74
2.236,0.918
12.106,6.75
0.035,0.01
0.005,0.212
0.006,0.017
0.042,0.044
0.028,0.017
0.012,0.011
0.076,0.012
1.939,1.066
0.009,0.012
0.027,0.012
8.896,20.301
18,14.9
0.602,0.397
0.104,0.036
46.1,42.6
214.8,68.9
0.016,0.005
2388,1084.2
150.1,16.8
0.055,0.074
0.11,0.038
61.6,16.3
1.085,0.393
0.701,0.184
0.004,0.055
3.199,2.876
5.4,47.5
34.1,9.1
76,22.4
0.066,0.059
33.4,10.4
0.104,0.051
0.071,0.035
86,22.3
8.911,5.479
65.1,17.4
167.2,15.5
0.083,0.041
0.089,0.044
5.017,1.522
64.3,14.1
5.653,2.544
2.034,1.022
19.52,8.502
83.3,19.2
0.446,0.147
2370.4,1457.5
0.404,0.05
67.6,40
2.688,2.182
83.8,19.2
0.095,0.036
443.4,24.5
1.722,14
2782.7,970.7
29.7,62.7
0.004,0.055
8.825,15.72
4.3,42.7
0.329,0.141
238.4,68.9
0.02,0.005
0.017,0.005
154.2,18.3
16.3,45.6
2804.5,999.8
13.5,5.66
7.1,20.9
0.01,0.006
2490.1,1327.1
5.14,2.589
450.5,27.1
0.019,0.005
64.1,40.6
12.24,8.197
31.7,10.4
0.065,0.032
0.067,0.031
2.4,37.1
14.1,50.1
0.06,0.038
4.482,1.648
9,20.6
0.11,0.054
18.6,50.6
4.096,10.61
5.6,33.4
143.7,74.1
159.2,15
23.3,14.2
0.085,0.034
0.028,0.004
77386,7044
2.749,1.923
0.074,0.037
0.122,0.042
2.238,1.328
0.009,0.005
0.08,0.04
0.059,0.146
0.07,0.033
9.931,7.531
2303.7,1126.6
40.7,44.2
7.799,7.312
1.274,0.436
0.037,0.008
2.003,1.739
35.1,9.5
0.011,0.005
1.492,0.925
140,74.2
10.544,6.204
66.4,13.6
0.47,1.48
406,385
0.065,0.01
256,357
0.012,0.009
883,317
2034,699
512,371
2077,905
3218,1046
877,319
0.035,0.044
14140,4662
0.133,0.045
9781,1683
140,378
2889,825
834,790
0.055,0.127
1442,855
0.012,0.01
0.006,0.005
0.13,1.32
0.113,0.066
0.042,0.019
0.072,0.01
197,442
0.035,0.028
0.053,0.073
0.004,0.005
0.008,0.01
2023,891
1228,484
0.143,0.022
0.028,0.001
840,261
180,480
1051,464
2917,1010
396,660
7892,2239
0.78,0.097
0.049,0.031
0.082,0.011
98,860
2402,865
182,560
739,360
0.152,0.015
0.036,0.014
0.049,0.037
0.014,0.009
1,0.84
0.05,0.013
0.051,0.014
0.099,0.056
1379,852
0.001,0.115
0.015,0.009
0,0.008
0.082,0.011
0.29,0.72
0.181,0.025
0.069,0.001
7726,223
259,566
949,244
3216,989
2087,1070
821,328
2527,669
0.013,0.007
0.019,0.119
0.011,0.006
0.007,0.021
1100,608
12065.1,4154.2
0.021,0.013
0.243,0.062
0.001,0.001
0.369,0.074
726.7,2435.3
0.009,0.005
0.028,0.009
0.048,0.016
14355.6,2590.6
0.08,0.049
863.5,1346.4
0,0.001
0.056,0.01
0.109,0.022
0.027,0.004
0.002,0.007
0,0.001
0.001,0.001
0.111,0.053
0.068,0.01
0.23,0.028
0.464,0.072
0,0.002
0.022,0.007
0.001,0.001
0.001,0.001
6844,4832
0.022,0.02
0.02,0.007
0.002,0.001
0.019,0.011
0.019,0.038
14799.4,3010
13379.7,2044
0.016,0.006
0.047,0.014
0.054,0.015
183.5,1540.8
0.222,0.05
0.003,0.002
0,0.002
0.036,0.045
11839.4,3089.2
4138.1,2098.2
0.002,0.003
0.054,0.019
0.001,0.001
0.001,0.001
0.003,0.003
0.001,0.001
0.029,0.01
0.001,0.001
11525.4,1949.5
0.001,0.005
0.016,0.033
0.042,0.016
0.043,0.015
2.08,0.82
2618.47,779.27
52.31,7.83
0.0082,0.001
1.4,0.98
0.43,0.289
0.539,0.395
2.719,1.206
2.15,0.72
1.67,1.43
1856.65,536.08
0.8,0.88
0.0024,0.002
2.13,7.23
247.32,671.33
6.94,4.48
0.21,0.414
0.22,0.73
1.37,0.79
0.056,0.028
0.69,0.7
0.334,0.732
0.0084,0.001
0.165,0.142
1.91,0.77
0.27,1.07
0.014,0.007
6.01,1.66
419.93,1365.69
0.83,0.468
0.91,0.75
30.42,8.41
0.008,0.009
6.84,4.43
0.01,0.014
1.07,0.53
3.27,0.39
0.029,0.009
0.216,0.207
2560.79,788.74
0.004,0.016
0.002,0.013
3.42,3.01
0.042,0.247
0.56,1.2
0.03,0.011
29.81,5.39
1.31,0.9
0.006,0.01
3.6,3.05
0.007,0.015
51.18,7.86
12.35,8.04
2310.81,1035.53
0.74,0.63
29.54,8.56
0.47,0.81
2.03,0.7
8.41,0.65
3.45,0.41
20.53,643.99
0.056,0.045
0.002,6e-05
0.0014,0.001
0.78,0.69
28.53,5.37
1.94,1.06
1.61,7.56
0.333,0.201
0.12,0.71
3.27,0.43
0.021,0.007
5.22,1.68
1.051,0.795
8.76,9.23
0.012,0.009
1923.24,1274.76
0.024,0.004
0.097,0.374
0.95,0.64
3.14,0.35
0.7,0.75
0.019,0.007
0.87,0.6
0.001,2e-05
8.48,0.61
416.4,1338.31
0.78,0.64
0.001,1e-04
0.139,0.358
2.23,0.97
1.159,0.563
12382,417
1.5,0.85
1.84,1.4
1907.53,525.42
1.83,0.78
0.012,0.082
0.252,0.068
1.42,1.02
0.1,0.71
0.29,0.61
0.23,0.52
0.11,0.61
0.13,0.054
2533,2193.6
658.8,2510.5
0.54,0.82
1.15,1.19
3.03,0.33
0.311,0.103
0.54,0.82
0.001,0.048
1.81,1.02
0.98,0.62
2.14,1.11
5468.9,1798.9
0.49,0.53
3.44,0.39
0.14,0.59
1.99,0.76
1.1,1.17
0.12,0.7
0.379,0.152
2.99,0.33
0.51,1.13
3.4,0.4
0.08,0.71
0.27,0.51
0.469,0.179
1.64,0.73
2.77,1.01
8.06,0.59
0.13,0.055
0.48,0.67
0.1,0.054
6695.2,1904.5
0.294,0.073
8.51,0.57
0.383,0.152
0.36,0.088
0,0.062
0.252,0.072
0.232,0.072
0.364,0.133
0.87,1.07
0.319,0.103
0.55,0.56
0.037,0.06
0.405,0.163
0.385,0.154
0.381,0.164
0.387,0.16
0.387,0.159
1086,291
0.233,0.11
2.241,0.079
1330,496
0.233,0.111
2.112,0.28
0.233,0.11
2.169,0.256
2.219,0.075
1365,485
1318,433
2.125,0.247
2.253,0.078
0.23,0.112
1.963,0.241
1.981,0.077
1.999,0.077
1.744,0.221
1.973,0.077
1.893,0.255
1062,293
2.24,0.21
1.915,0.273
0.213,0.118
2.009,0.074
1611,399
1.974,0.203
2.238,0.08
1.664,0.264
2.233,0.077
1.603,0.31
2.162,0.077
0.221,0.082
0.528,0.233
2.243,0.077
0.12,0.062
2.074,0.322
0.139,0.076
0.219,0.059
0.205,0.067
1.832,0.066
0.818,0.353
2.173,0.073
2.009,0.076
0.402,0.227
1.603,0.31
1.855,0.316
0.402,0.181
0.035,0.02
0.251,0.066
0.078,0.032
0.003,0.027
0.323,0.136
0.008,0.029
0.582,0.368
0.078,0.039
1.997,0.075
0.591,0.346
0.591,0.346
2.149,0.303
1.97,0.888
0.032,0.03
0.005,0.028
0.019,0.031
0.02,0.022
0.818,0.353
0.02,0.019
2.24,0.077
0.242,0.334
0.482,0.346
0.218,0.06
0.511,0.239
0.052,0.063
2.074,0.322
0.253,0.079
0.699,0.334
1.833,0.074
0.224,0.068
0.482,0.346
0.297,0.131
0.083,0.062
1.934,0.855
0.033,0.054
0.072,0.032
2.217,0.671
0.342,0.102
0.041,0.052
0.02,0.018
0.075,0.337
0.026,0.035
0.582,0.368
0.699,0.334
0.319,0.35
0.301,0.344
0.166,0.039
1.931,0.301
0.042,0.018
0.012,0.019
0.003,0.067
2.227,0.643
0.142,0.062
0.352,0.347
0.159,0.063
0.012,0.035
0.359,0.094
0.027,0.023
0.025,0.062
0.128,0.062
0.095,0.062
0.337,0.098
0.099,0.075
0.242,0.334
0.402,0.181
0.526,0.206
0.142,0.07
0.027,0.018
0.275,0.08
0.327,0.072
0.231,0.067
0.122,0.074
2.176,0.076
0.078,0.039
2.149,0.303
0.352,0.347
0.477,0.203
0.402,0.181
0.209,0.049
2.233,0.077
1.931,0.301
0.167,0.053
0.004,0.019
1.855,0.316
0.075,0.337
0.035,0.018
0.024,0.065
0.112,0.077
0.146,0.072
0.301,0.344
0.07,0.061
0.319,0.35
0.045,0.018
0.0333,0.0148
0.029,0.014
0.011,0.012
0.001,0.014
0.976,0.988
44.79,7.935
0.001,0.011
0.051,0.011
0.018,0.006
0.004,0.018
0.006,0.02
0.014,0.011
0.024,0.014
0.1769,0.0639
0.028,0.007
0,0.018
0.052,0.018
0,0.015
0.059,0.0109
0.03,0.014
0.028,0.012
0.045,0.018
0.008,0.022
0.007,0.008
0.005,0.015
0.051,0.011
0.007,0.009
0.017,0.006
15.21,3.202
0.2801,0.05666
4.269,1.694
0.0862,0.0837
0.024,0.009
0.019,0.007
0.002,0.011
0.01,0.007
0.035,0.011
0.014,0.007
0.017,0.007
0.045,0.018
31.4,5.914
0.015,0.01
0.002,0.012
0.046,0.016
0.008,0.018
0.027,0.008
0.004,0.017
0.0037,0.0153
0.013,0.007
0.3796,0.0648
0.028,0.015
0.2298,0.1403
0.5433,0.0626
18.56,4.287
3.737,2.54
0.016,0.007
0.014,0.009
76.21,12.85
0.045,0.015
0.035,0.012
0.036,0.011
0.05,0.012
0.034,0.015
0.3176,0.0512
0.3799,0.0545
0.002,0.016
0.008,0.02
0.001,0.012
0.023,0.006
0.018,0.009
0.0271,0.0131
0.004,0.018
0.282,0.008
0.012,0.008
0.325,0.004
0.237,0.007
0.013,0.009
0.243,0.007
0.005,0.015
0.143,0.006
0.396,0.18
0.216,0.009
0.217,0.0886
0.146,0.011
0.009,0.013
0.0813,0.0481
0.023,0.016
0.002,0.008
0.739,0.221
0.665,0.255
0.233,0.006
0.003,0.008
0.113,0.213
0.012,0.006
0.139,0.006
0.138,0.01
0.2,0.008
0.044,0.008
0.28,0.005
0.039,0.011
0.211,0.006
0.251,0.006
0.392,0.161
0.842,0.297
0.149,0.008
0.229,0.009
0.003,0.009
0.249,0.007
0.553,0.221
0.81,0.244
0.235,0.008
0.013,0.007
0.401,0.299
0.321,0.004
0.788,0.217
0.233,0.008
0.154,0.011
0.261,0.004
0.156,0.01
0.019,0.011
0.017,0.212
0.243,0.0917
0.05,0.013
0.142,0.01
0.282,0.004
0.253,0.009
0.002,0.013
0.001,0.006
0.001,0.007
0.057,0.152
0.229,0.007
0.257,0.004
0.034,0.009
0.227,0.006
0.012,0.014
0.143,0.008
0.003,0.011
0.185,0.008
0.277,0.011
0.306,0.004
0.212,0.006
0.188,0.005
0.41,0.163
0.304,0.004
0.008,0.007
0.137,0.006
0.0242,0.0445
0.009,0.008
0.267,0.008
0.138,0.01
0.009,0.007
0.156,0.0636
0.03,0.016
0.238,0.01
0.229,0.164
0.212,0.006
0.233,0.008
0.287,0.004
0.04,0.014
0.001,0.008
0.251,0.009
0.0482,0.0498
0.233,0.01
0.323,0.004
0.031,0.014
0.238,0.217
0.27,0.008
0.248,0.0919
0.142,0.011
0.176,0.0659
0.255,0.004
0.142,0.011
0.025,0.01
0.181,0.0663
0.017,0.008
0.033,0.009
0.244,0.008
0.303,0.004
0.568,0.224
0.23,0.006
0.011,0.008
0.201,0.005
0.262,0.01
0.002,0.001
0.327,0.226
0.198,0.005
0.25,0.008
0.002,0.001
0.005,0.012
0.147,0.008
0.131,0.172
0.229,0.009
0.238,0.007
0.013,0.006
0.029,0.007
0.0539,0.0254
0.015,0.004
0.024,0.004
0.012,0.004
0.013,0.004
0.011,0.003
0.026,0.004
0.023,0.007
0.012,0.007
0.022,0.008
0.039,0.009
0.022,0.004
0.031,0.007
0.013,0.003
0.023,0.007
0.02,0.004
0.035,0.005
0.016,0.007
0.018,0.004
0.033,0.009
0.00803,0.0259
0.024,0.007
0.015,0.004
0.022,0.004
0.035,0.009
0.111,0.0522
0.021,0.008
0.01,0.003
0.035,0.005
0.0628,0.0297
0.031,0.008
0.02,0.008
0.013,0.004
0.025,0.008
0.029,0.005
0.01,0.003
0.199,0.259
0.281,0.294
0.015,0.004
0.019,0.007
0.11,0.0528
0.027,0.005
0.015,0.004
0.024,0.005
0.011,0.003
0.0618,0.0301
0.029,0.005
0.0868,0.0597
0.0127,0.0284
0.127,0.107
0.105,0.052
0.0114,0.0566
0.205,0.111
0.0904,0.0776
0.00843,0.0405
0.0647,0.0426
0.149,0.0798
0.236,0.0921
0.171,0.0661
0.0045,0.0025
0.0356,0.0093
0.0105,0.0034
0.0327,0.0108
0.0139,0.0114
0.0112,0.0025
0.0084,0.0029
0.012,0.0093
0.0104,0.0025
0.0168,0.01
0.0018,0.0039
0.0091,0.0073
0.0049,0.0043
0.0141,0.0028
0.0372,0.0091
0.0029,0.0038
0.0673,0.0143
0.0271,0.0081
0.0014,0.0035
0.0526,0.0182
0.0332,0.0201
0.0059,0.0068
0.0627,0.019
0.0046,0.0033
2e-04,0.0057
0.0086,0.0144
0.0311,0.0104
5.765,1.322
30.602,9.512
125.21,38.064
1.766,4.495
0.017,0.016
0.084,0.026
0.061,0.021
0.008,0.017
0.0254,0.00912
0.00694,0.00834
0.0496,0.00793
0.066,0.009
0.084,0.01
0.108,0.01
0.031,0.007
0.026,0.007
0.039,0.007
0.033,0.008
0.1,0.014
0.054,0.0013
0.034,0.009
0.05,0.014
0.0233,0.007
0.00942,0.005
0.00535,0.004
0.004,0.004
0.0155,0.01
0.0296,0.009
0.00746,0.005
0.00167,0.006
0.0139,0.006
0.0331,0.009
0.00373,0.003
0.0209,0.01
0.0125,0.005
0.0103,0.005
0.0237,0.01
0.123,0.089
0.119,0.091
0.287,0.414
2.929,1.67
0.001,0.003
0.015,0.009
0.28,0.415
2.923,1.671
0.186,0.132
0.813,0.342
1.267,0.739
1,0.415
0.938,0.447
1.196,0.557
0.009,0.004
0.009,0.004
0.006,0.003
0.008,0.004
0.012,0.005
0.011,0.005
0.008,0.003
0.008,0.004
0.012,0.003
0.015,0.005
0.639,0.087
0.466,0.128
0.684,0.178
2.491,0.318
0.094,0.031
0.007,0.005
0.038,0.01
0.035,0.015
0.137,0.032
0.041,0.029
0.077,0.016
0.094,0.017
0.639,0.338
0.176,0.026
0.8,0.071
0.36,0.1
0.521,0.169
1.367,0.243
0.524,0.071
0.543,0.034
0.098,0.023
0.436,0.151
0.36,0.043
0.655,0.042
0.142,0.116
0.691,0.408
0.166,0.03
0.975,0.311
0.09,0.016
0.1,0.02
1.332,0.383
0.512,0.199
0.139,0.024
0.4,0.05
0.258,0.032
0.34,0.124
0.294,0.037
0.361,0.28
0.259,0.159
0.715,0.299
0.123,0.024
0.503,0.071
0.143,0.113
0.28,0.13
0.422,0.047
0.247,0.034
1.253,0.293
0.471,0.19
0.341,0.241
0.301,0.1
0.207,0.033
0.392,0.046
0.567,0.071
0.911,0.239
0.565,0.077
0.46,0.206
0.353,0.016
0.306,0.039
0.135,0.089
0.193,0.033
0.436,0.022
0.125,0.019
0.291,0.018
0.356,0.145
0.326,0.216
0.12,0.033
0.005,0.011
0.015,0.013
0.003,0.012
0.369,0.081
1.249,0.517
0.02,0.014
0.034,0.066
0.684,0.326
0.11,0.098
0.191,0.087
0.538,0.299
1.574,0.479
0.066,0.131
0.049,0.095
0.408,0.09
0.457,0.334
0.034,0.021
0.115,0.032
0.158,0.239
1.025,0.297
0.289,0.096
0.025,0.01
0.305,0.158
0.34,0.18
0.11,0.068
0.012,0.056
0.336,0.161
0.018,0.015
0.281,0.088
0.261,0.185
0.056,0.057
0,0.012
0.053,0.041
0.589,0.315
0.114,0.118
0.017,0.02
0.063,0.028
0.258,0.088
0.033,0.013
1.079,0.307
0.019,0.009
0.06,0.039
0.398,0.105
0.122,0.037
0.29,0.111
0.031,0.023
0,0.001
0.0012,0.002
0.0013,0.001
0.287,0.015
0.287,0.015
0.115,0.033
0.152,0.054
0.177,0.059
0.145,0.083
0.0832,0.023
0.0767,0.024
0.0842,0.02
0.0502,0.016
0.1203,0.077
0.0278,0.014
0.0562,0.023
0.015,0.002
0.039,0.006
0.043,0.005
0.042,0.005
0.028,0.003
0,0.002
0.024,0.007
0.038,0.004
0.037,0.004
0.004,0.004
0.036,0.003
0.015,0.002
0.026,0.003
0.03,0.005
0.016,0.002
0.028,0.003
0.024,0.002
0.023,0.007
0.338,0.03
0.433,0.055
0.004,0.001
0.005,0.058
0.483,0.036
0.601,0.06
0.004,0.004
0.591,0.061
0.475,0.035
0.528,0.036
0.253,0.056
0.442,0.066
0.537,0.037
0.521,0.036
0.331,0.029
1.482,0.15
0.181,0.058
0.506,0.035
0.005,0.004
0.443,0.066
0.006,0.001
0.001,0.002
0.438,0.076
0.331,0.029
0.413,0.072
0.382,0.078
0.432,0.03
0.615,0.057
0.329,0.031
0.389,0.076
0.293,0.026
0.277,0.059
0.448,0.032
0.525,0.06
0.85,0.053
0.271,0.03
0.003,0.004
0.001,0.002
0.34,0.031
0.319,0.031
0.022,0.003
0.181,0.058
0.019,0.007
0.035,0.004
0.036,0.005
0.028,0.003
0.021,0.002
0.001,0.002
0.003,0.004
0.008,0.002
0.035,0.006
0.231,0.03
0.011,0.002
0.022,0.003
0.03,0.005
0.009,0.002
0.394,0.035
0.393,0.072
0.393,0.033
0.011,0.061
0.015,0.002
0.018,0.007
0.037,0.005
0.377,0.071
0.394,0.033
0.037,0.004
0.455,0.077
0.499,0.084
0.349,0.139
0.505,0.083
0.041,0.008
0.041,0.008
0.034,0.008
0.04,0.008
0.042,0.007
0.044,0.007
2.794,0.88
2.319,0.715
4.407,0.667
3.037,0.7
2.926,0.664
0.0092,0.0037
0.0136,0.0055
0.0086,0.0037
0.0071,0.0031
0.0089,0.0034
0.0063,0.0031
0.02,0.005
0.015,0.005
0.02,0.005
0.017,0.005
0.015,0.006
0,0.001
0,0.002
0.001,0.003
0.006,0.002
0.004,0.001
0.002,0.001
0.003,0.001
0,0.001
0.004,0.002
0.009,0.002
0.006,0.001
0.004,0.001
0.002,0.001
0.005,0.001
0.005,0.001
0.003,0.001
0.003,0.001
0.003,0.001
0.002,0.001
0.004,0.001
0,0.002
0,0.002
0,0.003
0,0.001
0,0.002
0,0.003
0.002,0.001
0,0.004
0,0.003
0,0.002
0.002,0.001
0,0.002
0,0.004
0.001,0.003
0.002,0.001
0.001,0.001
0.002,0.001
0,0.002
0.001,0.003
0.001,0.001
0,0.003
0.028,0.005
0.026,0.004
0.008,0.002
0.012,0.002
0.011,0.001
0.019,0.008
0.025,0.004
0.019,0.006
0.008,0.003
0.01,0.001
0.012,0.001
0.007,0.003
0.007,0.003
0.013,0.001
0.016,0.002
0.01,0.002
0.014,0.002
0.009,0.002
0.014,0.002
0.016,0.002
0.002,0.005
0.003,0.004
0.006,0.005
0.03,0.012
0.003,0.011
0.012,0.001
0.019,0.01
0.008,0.004
0.004,0.004
0.012,0.002
0.041,0.014
0.002,0.017
0.009,0.003
0.026,0.004
0.006,0.004
0.014,0.003
0.027,0.005
0.031,0.01
0.01,0.005
0.014,0.004
0.005,0.003
0.013,0.015
0.029,0.008
0.008,0.005
0.003,0.014
0.022,0.014
0.013,0.011
0.04,0.01
0.026,0.005
0.009,0.002
0.01,0.002
0.025,0.005
0.024,0.006
0.01,0.002
0.01,0.002
0.024,0.006
0.026,0.004
0.02,0.006
0.019,0.005
0.011,0.002
0.008,0.002
0.029,0.005
0.007,0.002
0.011,0.002
0.028,0.005
0.012,0.002
0.019,0.008
0.011,0.001
0.008,0.003
0.007,0.002
0.028,0.005
0.019,0.006
0.009,0.002
0.007,0.003
0.021,0.005
0.017,0.007
0.01,0.002
0.024,0.006
0.012,0.002
0.019,0.008
0.028,0.005
0.026,0.004
0.019,0.006
0.011,0.001
0.008,0.002
0.008,0.003
4.6,0.8
13.7,3.1
31,4.5
42.9,2.2
7.9,1.3
43.4,8
36.7,3.4
3.5,6.2
9.3,3.2
8.3,2.4
3,1.7
9.7,1.3
10.2,0.9
2.3,0.5
8.3,1
14.2,2.7
2,0.7
6.5,1.3
23.7,3.5
36.4,1.7
2.6,1
5.7,1.8
27.3,1.9
82,6.8
0.00132,0.00249
0.00108,0.00141
0.00319,0.00276
0.000743,0.0019
0.0023,0.00274
0.302,2.022
0.21,3.272
0.227,3.786
0.239,2.833
0.54,2.833
0.253,3.22
0.012,0.212
0.006,0.008
2.93,0.87462687
0.007,0.007
0.214,0.081
5.4,3.6986301
0.21,0.11413043
0.88,0.21515892
0.94,0.27647059
0.011,0.007
2.94,0.96393443
0.16,0.04678363
1.16,0.29292929
7.2,2.8125
0.54,0.11538462
1.56,3.9
0.018,0.015
0.72,0.94736842
0.027,0.008
0.058,0.052
0.16,0.04692082
0.67,0.10518053
6.76,3.4489796
0.63,0.10144928
4.18,0.891258
0.14,0.03517588
0.12,0.06
0.47,0.09233792
0.04,0.02247191
0.09,0.02425876
0.077,0.021
0.03,0.00993377
0.012,0.027
0.01,0.003
0.41,0.08991228
0.135,0.043
0.03,0.01204819
0.62,0.08277704
0.1,0.04291845
0.04,0.01408451
0.02,0.05555556
0.02,0.04444444
0.11,0.05699482
0.075,0.025
0.11,0.04564315
0.03,0.02
0.54,0.08181818
0.001,0.004
0.022,0.01
0.0039,0.0018
0.02,0.0060241
0.129,0.032
0.016,0.011
0.152,0.049
0.014,0.008
0.29,0.04524181
0,0.006
0.18,0.03409091
0.304,0.078
0.275,0.104
0.15,0.03631961
0.014,0.005
0.16,0.066
0.03,0.008
0.202,0.046
0.02,0.00511509
0.147,0.03
0.314,0.079
0.128,0.033
0.187,0.087
0.185,0.019
0.037,0.088
0.261,0.086
0.23,0.05145414
0.182,0.019
0.057,0.247
0.02,0.012
0.21,0.047
0.161,0.047
0.294,0.175
0.18,0.176
0.001,0.008
0.101,0.205
0.285,0.077
0.133,0.033
0.1,0.059
0.032,0.026
0.3,0.08982036
0.191,0.019
0.02,0.00503778
0.07,0.01372549
0.83,0.19347319
0.184,0.044
0.175,0.08
0.277,0.1
0.189,0.019
0.144,0.03
0.105,0.023
0.106,0.023
0.06,0.01522843
0.209,0.091
1.25,0.29205607
0.007,0.008
0.058,0.064
0.364,0.151
0.196,0.041
0.097,0.097
0.125,0.055
0.193,0.019
0.291,0.097
0.2,0.098
0.211,0.097
0.109,0.024
0.183,0.055
0.04,0.01030928
0.003,0.023
0.05,0.00988142
0.125,0.065
0.143,0.034
0.125,0.058
0.145,0.03
0.38,0.11987382
0.02,0.01
0.195,0.019
0.31,0.081
0.363,0.105
0.001,0.027
0.271,0.163
0.016,0.008
0.07,0.00943396
0.226,0.05
0.068,0.029
0.008,0.01
0.09,0.01182654
0.103,0.028
0.009,0.009
0.028,0.026
0.289,0.137
0.012,0.007
0.152,0.046
0.809,0.152
0.043,0.048
0.029,0.008
0.056,0.029
0.012,0.007
0.002,0.027
0.008,0.009
0.014,0.005
0.011,0.005
0.02,0.01
0.609,0.141
0.004,0.011
0.001,0.008
0.021,0.012
0.007,0.008
0.015,0.01
0.048,0.023
0.012,0.007
0.023,0.022
1.171,0.099
0.001,0.006
1.172,0.1
0.039,0.024
0.008,0.008
0.004,0.023
0.002,0.015
0.009,0.009
0.003,0.018
0.199,0.1587
0.037,0.031
0.013,0.008
0.472,0.099
0.014,0.011
1.08,0.104
1.081,0.066
0.02,0.015
0.009,0.01
0.131,0.06
0.04,0.045
0.019,0.048
0.084,0.049
0.202,0.052
0.047,0.069
0.054,0.055
0.041,0.066
0.116,0.064
0.053,0.023
0.015,0.009
0.006,0.013
0.01,0.007
0.15,0.06
0.055,0.049
0.058,0.044
0.045,0.021
0.075,0.031
0.045,0.026
0.107,0.053
0.035,0.018
0.076,0.044
0.002,0.019
0.022,0.039
0.047,0.03
0.084,0.07
0.059,0.029
0.038,0.046
0.039,0.046
0.04,0.046
0.536,0.223
0.294,0.152
0.247,0.128
0.248,0.112
0.032,0.019
0.029,0.017
0.038,0.018
0.016,0.016
0.0312,0.00701
0.0594,0.0169
0.0819,0.0184
0.0182,0.0032
0.131,0.0157
0.00196,0.00225
0.0953,0.024
0.0206,0.00442
0.0314,0.00658
0.011,0.00577
0.0548,0.014
0.0754,0.0209
0.117,0.0134
0.107,0.0208
0.00553,0.00352
0.0284,0.00991
0.00805,0.00444
0.03,0.00472
0.0344,0.0123
0.0798,0.0114
0.0374,0.0103
0.0167,0.00609
0.0652,0.00884
0.0105,0.0045
0.0303,0.0062
0.0303,0.00589
0.00576,0.00282
0.00734,0.00253
0.00775,0.00215
0.0255,0.00482
0.0272,0.00457
0.00677,0.00279
0.173,0.028
2.218,0.645
6.192,1.031
6.748,1.347
0.065,0.019
2.354,0.634
2.616,0.57
2.35,0.83
0.259,0.26
6.717,0.865
2.856,1.164
0.524,0.465
0.297,0.159
0.349,0.157
0.0545,0.202
0.13,0.162
0.0238,0.13
0.493,0.232
11.82,2.636
10.71,2.277
9.063,1.497
9.985,1.647
10.84,3.463
7.004,0.999
0.179,0.046
0.054,0.007
0.089,0.03
0.096,0.048
0.552,0.162
0.163,0.025
0.106,0.031
0.009,0.004
0.149,0.057
0.004,0.005
0.358,0.109
0.037,0.013
0.015,0.021
0.125,0.025
0.013,0.007
0.127,0.038
0.014,0.023
0.035,0.008
0.054,0.016
0.043,0.007
0.049,0.011
0.043,0.016
0.026,0.018
0.012,0.006
3.03,0.35
4.47,0.92
1.42,1.79
4.26,0.42
6.61,2.23
4.75,0.46
4.78,1.85
0.52,1.03
0.75,1.16
6.23,1.61
7.33,2.54
2.98,0.48
1.08,0.22
0.45,1
3.69,0.57
5.28,2.1
1.22,0.27
5.39,0.82
