3.88,2.68
0.46,0.15
8.5,2.81
8.56,2.51
0.75,0.22
18.16,5.55
5.84,2.78
7.55,2.57
9.28,4
10.26,3.84
0.55,0.22
0.64,0.22
0.42,0.15
9.94,3.73
0.98,0.23
0.5,0.17
13.44,3.91
0.48,0.2
0.88,0.26
0.24,0.17
0.055,0.03767123
0.022,0.05945946
16.71,8.5255102
10.49,6.1705882
0.17,0.05862069
16.66,7.2121212
11.51,6.6531792
3.08,2.0397351
0.076,0.03897436
15.01,6.9813953
10.85,5.5076142
8.09,2.3864307
0.055,0.03900709
5.23,2.7819149
6.32,2.3494424
2.52,2.5454545
0.108,0.03941606
9.07,5.4311377
6.48,2.6234818
0.013,0.031
0.048,0.022
0.051,0.03
0.282,0.128
0.195,0.099
0.022,0.021
0.023,0.026
0.032,0.022
0.04,0.03
0.046,0.021
0.039,0.017
0.045,0.03
0.037,0.028
0.031,0.016
0.125,0.124
5.52,0.16
6.58,0.09
0.804,0.26
0.167,0.068
0.361,0.143
0.166,0.118
0.195,0.077
0.521,0.177
0.103,0.085
0.493,0.128
0.152,0.109
0.012,0.115
0.742,0.198
0.104,0.136
0.052,0.164
0.339,0.301
0.174,0.098
0.592,0.169
0.289,0.128
0.208,0.234
0.181,0.188
0.143,0.12
0.605,0.184
0.321,0.1
0.403,0.192
0.572,0.125
0.222,0.144
0.189,0.09
0.614,0.25
0.339,0.128
0.07,0.074
0.079,0.209
0.208,0.248
0.336,0.106
0.889,0.364
0.572,0.262
0.292,0.151
0.514,0.13
0.113,0.103
0.459,0.176
0.367,0.115
0.583,0.147
0.13,0.036
0.334,0.15
0.703,0.265
0.083,0.034
2.076,0.993
2.076,0.993
2.489,1.219
4.717,2.569
0.08,0.025
0.084,0.017
0.058,0.009
2.628,1.347
0.577,0.16
0.014,0.008
0.832,0.115
0.444,0.156
0.069,0.016
0.079,0.031
0.083,0.017
0.101,0.025
0.086,0.018
3.349,1.359
6.315,1.028
6.315,1.028
0.065,0.053
0.832,0.115
0.087,0.05
0.072,0.02
0.046,0.009
3.349,1.359
0.094,0.025
0.058,0.009
0.577,0.16
0.078,0.025
0.064,0.017
0.577,0.16
0.049,0.055
0.014,0.008
0.013,0.008
6.315,1.028
0.135,0.033
0.092,0.059
3.349,1.359
0.203,0.038
0.014,0.008
0.066,0.018
0.212,0.038
0.123,0.032
0.081,0.021
0.832,0.115
0.104,0.027
0.058,0.009
9.19,3.3418182
11.07,2.5684455
1.88,2.1609195
6.95,2.3720137
1e-05,0.006
0.017,0.005
0.615,0.246
0.121,0.089
0.002,0.006
0.018,0.005
0.574,0.22
0.132,0.102
2.303,0.965
1.664,0.413
1.85,1.398
1.811,0.617
1.661,0.434
1.532,0.584
1.251,0.694
1.573,0.438
2.008,0.988
1.573,0.436
1.403,0.447
1.246,0.407
1.61,0.96
1.532,0.606
1.797,0.597
1.486,1.528
2.133,0.653
1.232,0.483
1.539,0.573
1.516,0.681
0.404,0.108
0.134,0.029
0.044,0.016
0.012,0.012
0.012,0.004
0.31,0.1
0.704,0.171
0.107,0.043
2.42,0.745
3.104,0.756
0.0039,0.000604
0.00459,0.00073
0.00527,0.000746
0.00498,0.000668
2.42,0.578
0.0043,0.000642
4.68,0.89
16.405,3.6134361
26.59,6.4382567
91.829,20.406444
0.339,0.166
0.319,0.238
0.06,0.006
0.027,0.013
0.01,0.001
0.025,0.006
0.316,0.217
0.022,0.002
0.058,0.019
0.017,0.005
0.405,0.165
0.046,0.022
0.018,0.005
0.017,0.009
0.009,0.001
0.3038,0.011
0.023,0.034
0.008,0.001
0.008,0.004
0.4,0.153
0.008,0.007
0.007,0.004
0.026,0.005
0.335,0.18
0.002,0.002
0.036,0.015
0.101,0.0387
0.0591,0.0269
0.054,0.038
0.00181,0.0115
0.114,0.0562
0.253,0.0914
0.14,0.0775
0.218,0.0911
0.439,0.14
0.364,0.111
0.446,0.136
0.0695,0.037
0.141,0.0604
0.438,0.142
0.0108,0.0121
0.0261,0.0219
0.00897,0.00637
0.364,0.111
0.14,0.0618
0.185,0.0886
0.265,0.135
0.0653,0.0282
0.0307,0.0152
0.408,0.168
0.00249,0.00114
0.0215,0.00976
0.00382,0.00141
0.0224,0.0106
0.00395,0.00149
0.033,0.0146
0.00968,0.00449
0.0332,0.0148
0.0519,0.0198
0.0514,0.0204
0.00944,0.00163
0.00127,0.00105
0.00255,0.00117
0.00128,0.00102
37.007,20.8
49.024,10.229
61.49,8.837
18.03,14.565
0.872,0.21320293
2.648,0.26533066
0.004,0.00083682
0.798,0.21
0.809,0.20429293
1.94,0.22823529
1.662,0.18758465
1.602,0.18498845
0.828,0.23193277
0.892,0.21545894
0.004,0.00082988
0.787,0.21922006
0.783,0.12878289
0.764,0.12302738
2.736,0.27142857
2.594,0.24379699
0.827,0.22351351
1.036,0.232287
0.806,0.21044386
1.666,0.2
0.718,0.12231687
1.383,0.17074074
3.3943,0.2611
0.439,0.21004785
0.004,0.00083857
2.542,0.21707942
2.714,0.26096154
0.692,0.28244898
1.033,0.23161435
3.876,0.28086957
0.721,0.15020833
2.659,0.23741071
0.717,0.1484472
3.292,0.12909804
0.837,0.23121547
0.004,0.00084567
0.796,0.13135314
1.832,0.24723347
0.9,0.21428571
1.053,0.22941176
2.723,0.23353345
0.875,0.21341463
1.264,0.16309677
0.684,0.13930754
0.587,0.29796954
0.763,0.31399177
0.773,0.20130208
0.721,0.15673913
3.3213,0.13446559
0.78,0.30708661
0.541,0.25162791
1.039,0.23037694
0.261,0.20551181
0.112,0.18064516
1.2142,0.1558665
2.78,0.24069264
4e-07,5.69e-07
6e-07,6.11e-07
1.68e-05,1.14e-05
5.7e-07,6.62e-07
4.09e-05,1.86e-05
2.27e-05,1.42e-05
1.02e-06,5.51e-07
0.2589,0.044
0.1205,0.047
5e-04,4e-04
0.0311,0.001
0.0399,0.3038
0.1316,0.039
0.2062,0.042
9e-04,0.037
0.0804,0.038
0.1213,0.051
0.0962,0.049
0.0129,0.038
0.071,0.037
0.4121,0.053
1.77,0.68
0.023,0.011
1.41,0.54
0.77,0.32
0.88,0.39
0.023,0.011
0.026,0.017
1.11,0.39
0.92,0.37
1.13,0.47
0.83,0.33
1.07,0.4
1.67,0.6
1.79,0.67
1.42,0.54
6.06,1.5
2.74,1.1
3.98,1.55
1.84,0.41
3.96,1.43
3.24,1.81
2.97,1.57
1.87,1.41
4.37,1.29
3.06,1.21
0.84,0.41
4.4,1.82
1.35,1.25
4.21,1.62
3.07,1.43
3.12,1.21
3.64,1.21
3.71,1.39
2.77,2.47
5.5,1.41
3.23,1.37
0.144,0.061
0.107,0.025
0.126,0.054
0.102,0.027
0.121,0.04
0.111,0.034
0.09,0.02
0.1,0.032
0.013,0.045
0.081,0.153
0.132,0.113
0.172,0.124
0.043,0.09
0.167,0.02
0.051,0.116
0.022,0.034
0.129,0.071
0.056,0.197
0.161,0.138
0.149,0.111
0.504,0.055
0.096,0.109
0.007,0.06
0.273,0.264
0.011,0.117
0.013,0.041
0.041,0.099
0.051,0.125
0.165,0.02
0.032,0.051
0.127,0.118
0.08,0.14
0.026,0.062
0.502,0.053
0.478,0.049
0.06,0.172
0.018,0.05
0.168,0.02
0.12,0.213
0.025,0.032
0.483,0.049
0.507,0.058
0.011,0.061
0.165,0.025
0.077,0.09
0.136,0.14
0.051,0.05
0.042,0.057
0.009,0.072
0.531,0.047
0.163,0.021
0.048,0.107
0.051,0.065
0.013,0.041
0.171,0.021
0.018,0.029
0.031,0.038
0.171,0.022
0.495,0.045
0.041,0.099
0.094,0.088
0.03,0.201
0.142,0.166
0.08,0.076
0.145,0.135
0.054,0.096
0.554,0.046
0.038,0.116
0.034,0.05
0.004,0.11
0.007,0.1
0.011,0.061
0.009,0.103
0.037,0.165
0.152,0.024
0.043,0.09
0.069,0.064
0.581,0.052
0.005,0.062
0.061,0.097
0.009,0.032
0.164,0.019
0.017,0.044
0.522,0.048
0.054,0.096
0.073,0.108
0.494,0.046
0.045,0.07
0.176,0.15
0.011,0.122
0.032,0.051
0.114,0.087
0.051,0.125
0.006,0.067
0.164,0.019
0.094,0.103
0.17,0.022
0.233,0.152
0.512,0.042
0.016,0.216
0.057,0.13
0.057,0.13
0.161,0.021
0.029,0.038
0.069,0.064
0.496,0.053
0.018,0.029
0.485,0.048
0.056,0.073
0.165,0.019
0.022,0.089
0.072,0.074
0.035,0.159
0.167,0.019
0.053,0.052
0.137,0.141
0.178,0.0619
0.135,0.0703
0.146,0.0462
0.144,0.0516
0.106,0.0454
0.175,0.0763
0.016,0.008
0.192,0.019
0.151,0.018
0.039,0.005
0.014,0.014
0.001,0.008
0.006,0.006
0.0139,0.025
0.098,0.058
0.088,0.011
0.013,0.02
0.036,0.005
0.158,0.033
3.72,1.647
1.661,0.582
5.381,1.946
0.07,0.047
0.089,0.051
0.422,0.178
0.54,0.237
0.054,0.051
0.055,0.049
0.089,0.051
0.063,0.05
0.479,0.187
0.717,0.226
0.711,0.205
0.101,0.045
0.063,0.05
0.488,0.194
0.101,0.045
0.039,0.052
0.711,0.205
0.479,0.187
0.068,0.046
0.488,0.194
0.039,0.052
0.617,0.222
0.068,0.046
0.054,0.051
0.54,0.237
0.423,0.198
0.07,0.047
0.422,0.178
0.717,0.226
0.617,0.222
0.423,0.198
0.055,0.049
0.108,0.06067416
0.592,0.296
0.211,0.19719626
0.022,0.01032864
0.325,0.05632582
1.17,0.26
0.841,0.4102439
0.057,0.01775701
1.474,0.40163488
0.668,0.3009009
0.394,0.07419962
2.588,0.3235
0.464,0.05918367
0.246,0.0314578
1.019,0.15462822
0.202,0.01351171
0.729,0.211
2.219,0.36
0.09,0.032
0.03,0.01
0.071,0.021
0.08,0.033
0.063,0.024
0.045,0.024
0.029,0.01
0.042,0.026
0.146,0.055
0.027,0.045
0.163,0.043
0.047,0.137
0.064,0.012
0.072,0.021
0.038,0.007
0.038,0.021
0.141,0.069
0.12,0.057
0.134,0.062
1,1.2195122
1,0.19182812
1,0.12468828
1,0.54466231
1,0.14365752
1,0.22563177
1,0.10249052
1,0.6377551
1,0.18063584
1,0.17507003
1,0.12459507
1,0.2119093
1,0.3617945
1,0.31989763
1,0.28538813
1,1.4992504
1,0.2543882
1,0.11462632
1,0.49776008
1,0.21213407
1,3.2786885
1,1.8621974
1,0.14218683
1,0.56721497
1,0.1325381
1,0.18964536
1,0.6514658
1,0.28216704
1,0.18027763
1,0.31948882
1,1.0893246
1,4.1666667
1,0.22426553
1,0.08438819
1,0.75987842
1,0.37907506
2.53,0.87
2.53,1.08
0.078,0.015
3.48,1.32
1.32,0.46
3.48,1.6
1.32,0.6
0.837,0.381
0.001,0.04
0.158,0.055
0.1,0.044
0.063,0.044
0.0184,0.0037
0.095,0.844
0.09,0.056
0.0181,0.0052
0.916,0.438
0.082,0.838
0.081,0.043
0.049,0.043
0.853,0.434
0.851,0.424
0.098,0.041
0.049,0.043
0.868,0.405
0.085,0.041
0.002,0.041
0.828,0.397
0.699,0.131
0.293,0.069
0.713,0.134
0.16,0.079
0.195,0.108
0.746,0.14
0.36,0.168
0.382,0.098
0.165,0.107
0.2,0.09
0.1,0.01
0.21,0.08
0.2,0.08
0.21,0.08
0.1,0.1
0.106,0.00643594
0.026,0.01538462
0.03,0.01428571
0.031,0.02384615
0.019,0.00181471
0.089,0.03647541
0.131,0.04381271
0.321,0.02511737
0.019,0.0088785
0.023,0.02323232
0.273,0.05311284
0.099,0.00541575
0.21,0.03839122
0.57,0.04381245
0.063,0.08873239
0.083,0.01255673
0.017,0.01504425
0.005,0.00454545
0.501,0.03944882
0.054,0.02317597
0.247,0.02297674
0.136,0.00825243
0.016,0.00909091
0.104,0.02011605
0.045,0.0152027
0.043,0.00928726
0.22,0.03542673
0.262,0.02609562
0.111,0.05842105
0.021,0.00200191
0.142,0.0089252
0.287,0.02974093
0.311,0.02248735
0.024,0.02424242
0.005,0.00274725
0.285,0.05125899
0.017,0.008
0.066,0.013
0.027,0.007
0.25,0.025
0.263,1.494
4.635,1.347
1.652,3.07
0.027,0.016
0.02,0.042
0.095,0.099
0.094,0.037
0.036,0.01
0.095,0.04
0.03,0.017
0.009,0.012
0.105,0.13
7.892,1.363
0.238,0.026
0.147,1.725
6.74,1.031
0.108,0.085
0.012,0.012
0.012,0.006
0.19,0.035
0.024,0.06
0.045,0.022
1.759,3.185
0.072,0.078
0.099,0.015
5.562,1.141
0.191,0.035
0.19,0.034
0.055,0.048
0.153,0.024
0.099,0.085
0.198,0.096
0.353,0.059
0.093,0.022
0.987,0.196
0.038,0.007
0.148,0.076
0.091,0.209
0.269,0.206
0.174,0.04
0.008,0.014
0.098,0.016
0.109,0.05
7.222,1.322
9.525,103.351
0.022,0.006
0.262,0.03
0.06,0.061
1.691,0.954
0.021,0.041
0.068,0.013
0.093,0.018
0.253,0.077
0.108,0.096
0.114,0.101
0.012,0.161
0.192,0.034
0.177,0.125
0.089,9.24
0.104,0.063
5.635,1.136
0.246,0.025
0.408,0.519
0.039,0.035
0.091,0.023
0.82,0.175
0.153,0.067
0.174,0.038
0.229,0.024
0.021,0.042
0.011,0.006
0.019,0.121
7.435,5.267
0.18,0.167
0.14,0.081
0.153,0.067
0.171,0.106
0.128,0.074
0.237,0.042
0.002,0.02
0.016,0.072
3.193,2.096
0.508,0.663
0.239,0.065
0.17,0.061
8.65,1.43
0.17,0.024
0.027,0.005
0.001,0.043
0.014,0.034
0.047,0.064
5.607,3.849
4.102,1.096
0.349,5.449
0.272,0.026
0.033,0.02
0.136,0.039
0.015,0.009
0.004,0.077
0.232,0.218
0.192,0.04
0.376,3.037
0.008,0.044
0.191,0.044
0.013,0.006
5.721,1.644
0.315,0.038
6.299,1.362
0.057,0.016
7.833,1.405
0.079,0.069
0.068,0.033
0.044,0.01
0.471,1.349
0.113,0.125
0.016,0.056
0.172,0.039
0.324,0.023
0.084,0.026
0.179,0.017
0.037,0.015
0.026,0.015
0.072,0.024
0.451,0.055
0.059,0.011
0.414,0.021
0.071,0.016
0.049,0.014
0.094,0.046
0.069,0.036
0.315,0.031
0.346,0.023
0.087,0.026
0.028,0.01
0.287,0.154
0.037,0.014
0.343,0.026
0.063,0.021
0.134,0.011
0.084,0.026
0.441,0.012
0.031,0.015
0.073,0.024
0.377,0.033
0.074,0.014
0.051,0.016
0.043,0.011
0.329,0.022
0.346,0.023
0.03,0.011
0.336,0.073
0.426,0.018
0.321,0.032
0.073,0.015
0.026,0.012
0.063,0.034
0.049,0.015
0.319,0.022
0.062,0.012
0.076,0.024
0.343,0.026
0.101,0.018
0.025,0.014
0.212,0.015
0.052,0.016
0.365,0.022
0.098,0.021
0.019,0.011
0.026,0.012
0.071,0.023
0.051,0.012
0.072,0.014
0.365,0.062
0.016,0.016
0.069,0.016
0.336,0.028
0.068,0.019
0.107,0.027
0.055,0.03
0.024,0.011
0.024,0.014
0.334,0.021
0.186,0.08
30.588,13.07
0.598,0.332
0.696,0.574
0.696,0.65
0.706,0.233
0.808,0.548
0.679,0.357
0.78,0.523
0.665,0.49
0.78,0.433
0.665,0.522
0.73,0.326
0.598,0.252
0.706,0.494
0.73,0.523
0.679,0.307
0.808,0.514
1.01,0.189
0.286,0.187
0.918,0.178
0.523,0.213
0.165,0.19
0.397,0.19
0.549,0.21
0.853,0.191
0.701,0.185
0.438,0.205
0.547,0.212
0.934,0.18
0.39,0.198
1.01,0.182
0.479,0.209
0.285,0.185
0.764,0.198
0.266,0.191
0.845,0.175
0.245,0.189
0.28,0.205
0.777,0.204
0.283,0.192
0.429,0.196
0.267,0.195
0.276,0.194
0.592,0.214
0.479,0.208
0.46,0.215
0.187,0.19
0.284,0.194
0.792,0.195
0.236,0.185
1.141,0.18
0.735,0.196
0.471,0.2
0.111,0.105
0.084,0.022
0.182,0.048
0.024,0.011
0.098,0.041
0.162,0.052
0.082,0.059
0.001,0.004
0.042,0.028
0.082,0.056
0.065,0.055
0.028,0.094
0.161,0.134
0.008,0.007
0.093,0.039
0.077,0.039
0.031,0.041
0.195,0.046
0.146,0.072
0.132,0.033
0.132,0.084
0.164,0.049
0.006,0.021
0.085,0.036
0.195,0.046
0.11,0.02
0.001,0.02
0.111,0.037
0.177,0.053
0.04,0.011
0.065,0.038
0.068,0.047
0.008,0.014
0.062,0.055
0.195,0.046
0.106,0.037
0.079,0.085
0.154,0.121
0.07,0.096
0.101,0.111
0.038,0.071
0.036,0.056
0.247,0.214
0.002,0.071
0.21,0.232
0.05,0.115
0.091,0.035
0,0.104
0.1,0.04
0.15,0.049
0.243,0.183
0.037,0.073
0.279,0.104
0.11,0.033
0.012,0.113
0.078,0.036
0.121,0.129
0.322,0.183
0.201,0.058
0.113,0.036
0.023,0.047
0.145,0.084
0.105,0.026
0.305,0.106
0.162,0.044
0.007,0.021
0.068,0.027
0.107,0.076
0.235,0.104
0.002,0.02
0.045,0.081
0.022,0.124
0.072,0.028
0.15,0.042
0.028,0.032
0.042,0.045
0.01,0.027
0.089,0.033
0.256,0.163
0.111,0.04
0.29,0.108
0.127,0.033
0.116,0.077
0.09,0.052
0.109,0.042
0.086,0.067
0.045,0.037
0.032,0.077
0.058,0.036
0.556,0.334
0.329,0.093
0.103,0.041
0.091,0.065
0.042,0.038
0.074,0.035
0.022,0.041
0.504,0.309
0.123,0.051
0.091,0.039
0.076,0.042
0.113,0.043
0.401,0.199
0.072,0.033
0.099,0.028
0.13,0.092
0.014,0.019
0.003,0.023
0.096,0.035
0.088,0.052
0.352,0.172
0.048,0.041
0.086,0.203
0.101,0.172
0.104,0.032
0.273,0.103
0.178,0.093
0.046,0.03
0.266,0.0347
0.027,0.0144
0.00682,0.00119
0.442,0.0372
0.149,0.317
0.00792,0.00119
0.936,0.34
0.00961,0.00121
0.396,0.0372
0.0143,0.0104
0.305,0.0351
0.00873,0.0012
0.0352,0.00938
0.431,0.471
0.00999,0.0157
0.931,0.516
1.052,0.381
3.74,1.22
0.7,0.23
1.44,0.81
0.61,0.24
1.88,0.89
1.44,0.93
1.6,0.72
0.7,0.22
0.61,0.24
0.2,0.474
2.489,1.288
0.137,0.068
0.388,0.078
0.183,0.062
0.087,0.092
0.095,0.048
1.094,0.457
2.603,1.277
0.98,0.427
0.831,0.409
0.0072,0.007
0.0011,0.0124
0.0245,0.0133
0.0055,0.0086
0.0016,0.006
0.009,0.0092
0.0133,0.0279
0.0302,0.0429
0.118,0.036
0.1258,0.0403
0.0037,0.012
0.007,0.0119
0.0201,0.0291
0.0041,0.0395
0.0203,0.05
0.0935,0.0734
0.1009,0.028
0.199,0.065
0.0072,0.0266
6e-04,0.0072
0.0064,0.107
0.003,0.0058
0.0095,0.0123
0.0456,0.0416
0.009,0.0149
0.0149,0.012
0.1102,0.0559
0.0042,0.0095
0.0432,0.0202
0.0029,0.0057
0.0038,0.0232
0.62,0.632
1e-04,0.0056
0.0014,0.0129
0.0012,0.00635
0.004,0.0071
0.0121,0.0179
0.0074,0.0115
0.0061,0.0149
0.0264,0.0399
3.04e-06,4.98e-06
0.135,0.0542
0.038,0.0826
0.00652,0.00298
0.0774,0.036
0.61,0.319
26.46,12.36
1.157,0.439
1.879,0.679
1.553,0.22
5.041,2.117
0.189,0.109
0.0343,0.0409
1.683,0.153
0.133,0.0429
3.146,0.274
1.66e-05,2.56e-05
1.776,0.28
0.0179,0.0326
0.654,0.361
2.87,0.663
0.178,0.0827
0.00311,0.00125
0.277,0.69
0.0369,0.0186
1.629,0.593
10.97,4.456
0.707,0.444
1.64,0.581
1.487,0.56
0.0606,0.0409
5.54e-06,2.81e-05
0.125,0.908
0.111,0.0434
0.309,0.248
4.844,16.86
2.189,0.201
0.0628,0.0538
23.18,10.82
0.217,0.107
0.04,0.0269
0.214,0.241
1.953,0.675
1.372,0.536
1.352,0.491
6.001,2.447
0.0832,0.0661
2.85e-06,7.96e-06
0.288,0.262
1.637,0.992
0.152,0.0126
1.751,1.005
1.04,0.525
5.554,2.227
0.595,0.356
0.107,0.155
0.261,0.167
0.198,0.236
0.22,0.104
1.151,0.837
1.715,1.006
0.113,0.675
0.807,0.489
0.179,0.256
0.171,0.084
0.636,0.323
0.209,0.173
0.807,0.489
1.151,0.837
0.345,0.164
0.0078,0.002
0.0085,0.002
0.0064,0.002
0.0138,0.004
0.265,0.09
0.365,0.085
0.352,0.119
0.45,0.144
1.208,0.293
0.053,0.034
0.93,0.28
0.111,0.038
0.967,0.311
0.831,0.258
0.344,0.075
0.092,0.226
0.536,0.153
0.497,0.15
0.362,0.137
0.126,0.047
0.46,0.13
0.16,0.051
0.245,0.124
0.058,0.018
0.133,0.042
0.517,0.325
0.245,0.155
0.003,0.097
0.095,0.027
0.237,0.074
0.403,0.14
0.783,0.241
0.206,0.061
0.158,0.043
0.026,0.018
0.951,0.285
0.455,0.156
0.608,0.232
0.095,0.028
0.878,0.251
0.335,0.125
0.095,0.086
0.194,0.064
0.292,0.086
0.298,0.246
0.216,0.059
0.066,0.05
0.065,0.027
0.031,0.159
0.321,0.104
2.663,4.465
0.094,0.022
0.098,0.026
0.285,0.114
1.189,0.408
0.081,0.024
0.099,0.183
0.052,0.077
0.76,0.209
0.081,0.028
0.083,0.112
0.056,0.026
0.904,0.32899269
0.62,0.35880993
0.919,0.29738865
0.861,0.44309868
1.032,0.37557573
0.439,0.54204496
0.967,0.31292146
0.989,0.32004066
1.081,0.3934083
0.636,0.38893516
0.502,2.5846362
1.318,0.59203712
0.758,0.49016022
0.994,0.32165867
1.42,0.56525415
0.904,0.29253464
0.716,0.30777856
0.722,0.31987535
1.365,0.57701621
0.868,0.42264173
0.392,0.3925589
1.307,0.97034859
0.435,0.50390961
0.385,0.36993197
0.666,0.37277231
0.935,0.541
0.072,0.0432
0.82,0.417
0.09,0.0485
0.915,0.423
0.0608,0.0407
0.0294,0.0339
0.84,0.354
0.0726,0.0434
0.0584,0.0296
0.119,0.0605
0.0664,0.0284
0.018,0.0399
0.906,0.399
0.855,0.405
0.102,0.0342
0.0892,0.048
0.895,0.53
0.804,0.411
0.0735,0.0307
1.166,0.57
0.693,0.368
0.117,0.068
0.0847,0.0321
0.0594,0.0274
0.855,0.359
0.812,0.368
0.00427,0.0276
0.006,0.00171429
0.086,0.02828947
0.0496,0.01540373
0.173,0.0502907
0.003,0.00096154
0.002,0.00058997
0.1907,0.0323
24.263,9.944
36.253,12.494
8.663,4.008
274,278
0.091,0.06
11989,7204
18.2,5.8
6.281,2.866
3.6,8
2.786,1.204
2.41,1.164
2.037,0.637
2.142,1.172
1.336,1.626
2.41,1.164
1.196,1.592
2.529,1.148
1.457,1.24
4.809,1.531
0.115,0.627
0.537,0.267
1.751,0.904
2.246,1.182
1.65,0.636
0.33,0.116
0.224,0.1
0.118,0.076
0.07,0.082
2e-04,0.074
0.222,0.1
0.122,0.103
0.134,0.084
0.149,0.1
0.233,0.127
0.188,0.148
0.067,0.091
0.049,0.111
0.216,0.115
0.71,0.25
1.26,0.45
0.68,0.26
0.84,0.39
0.84,0.39
0.59,0.33
0.61,0.21
0.73,0.25
0.77,0.26
0.9,0.37
0.66,0.21
0.078,0.1
0.079,0.042
0.02,0.007
0.088,0.05
0.02,0.03
0.153,0.098
0.069,0.092
0.063,0.019
0.078,0.03
0.009,0.018
0.113,0.046
0.087,0.034
0.025,0.012
0.08,0.029
0.132,0.05
0.01,0.053
0.017,0.01
0.015,0.009
0.0435,0.209
0.093,0.056
0.004,0.011
0.07,0.033
0.078,0.029
0.075,0.029
0.046,0.045
0.016,0.009
0.016,0.009
0.0969,0.0939
0.084,0.028
0.0359,0.0109
0.175,0.0546
0.0151,0.0129
0.175,0.0546
0.0916,0.265
0.0165,0.0099
0.0151,0.0129
0.0916,0.265
0.0359,0.0109
0.0165,0.0099
0.000658,0.00933
0.000658,0.00933
0.537,0.064
0.27,0.061
17.6,5.34
5.19,3.7
0.768,0.34
9.29,1.37
6.44,1.89
0.555,0.215
13.97,8.91
0.038,0.167
0.351,0.557
0.31,0.105
1.074,1.32
1.88,0.67
0.034,0.025
0.003,0.005
0.233,0.598
0.019,0.012
0.017,0.02
0.321,0.08991597
0.14,0.08588957
2.128,0.68645161
0.171,0.10118343
0.2,0.07633588
0.232,0.04566929
0.215,0.06329114
0.381,0.08682771
0.355,0.08372642
0.316,0.11285714
1.003,0.5040201
0.299,0.05236427
0.104,0.06419753
0.259,0.10318725
0.46,0.10176991
1.366,0.62949309
0.373,0.14570312
0.993,0.49899497
0.288,0.06063158
0.203,0.15984252
0.328,0.06271511
0.136,0.08831169
0.268,0.08195719
0.18,0.06081081
1.126,0.51651376
0.204,0.03013294
0.37,0.10136986
0.258,0.0585034
0.0152,0.02666667
0.088,0.088
0.017,0.56666667
0.253,0.10675105
0.169,0.03112339
1.076,0.54619289
0.123,0.06059113
1.864,0.80344828
1.251,0.51694215
0.237,0.07053571
0.178,0.03852814
0.295,0.08676471
0.173,0.0287
0.169,0.0305
0.1181,0.0208
0.1332,0.0236
0.731,0.168
0.084,0.016
2.646,0.611
0.287,0.064
0.084,0.019
0.731,0.168
0.061,0.019
0.072,0.019
0.238,0.058
0.084,0.019
0.061,0.019
0.287,0.064
0.244,0.074
0.239,0.057
0.238,0.058
0.084,0.016
0.257,0.074
0.215,0.059
0.244,0.074
0.072,0.019
0.239,0.057
0.215,0.059
0.703,0.304
0.257,0.074
0.308,0.595
0.712,0.916
1.336,0.522
1.579,0.87
2.245,1.02
2.768,3.717
2.939,3.105
0.174,0.889
1.497,0.572
0.962,1.642
0.52,0.231
6.907,3.258
1.3,1.419
3.437,1.871
0.533,0.222
0.914,1.584
4.001,2.021
6.45,3.024
4.57,2.372
10.975,3.431
1.751,0.81
0.669,0.507
1.966,0.952
4.089,2.312
7.955,8.947
2.277,1.082
0.914,0.53
2.379,1.174
0.558,0.178
1.244,0.518
2863,1275
0.514,1.06
0.527,0.176
1.226,0.471
0.787,0.221
0.764,0.172
1.345,0.554
1160,374.4
0.194,0.116
0.179,0.114
0.541,0.623
0.731,0.447
0.729,0.421
1.457,0.482
0.213,0.262
2.149,0.657
4.434,2.126
1.296,0.523
2530,1213
1.04,0.385
0.612,0.203
2.603,1.302
2.484,1.566
2.25,1.066
0.584,0.534
0.749,0.573
1.095,0.425
0.637,0.503
0.239,0.267
2469,1322
2.676,1.982
2.166,1.515
2982,1129
4.021,1.823
1.829,0.458
0.679,1.179
2.983,2.238
1.399,0.592
0.232,0.112
0.04,0.018
0.081,0.079
0.216,0.047
0.263,0.095
0.032,0.031
0.413,0.091
0.153,0.049
0.035,0.047
0.026,0.02
0.012,0.011
0.156,0.045
0.022,0.034
0.001,0.004
0.067,0.024
0.096,0.041
0.107,0.047
0.004,0.003
0.331,0.089
0.16,0.045
0.002,0.011
0.11,0.31
1.03,0.21
0.12,0.27
1.03,0.21
0.08,0.14
0.24,0.3
0.03,0.18
0.25,0.33
0.12,0.27
0.95,0.22
0.2,0.14
0.86,0.16
0.21,0.45
0.93,0.15
0.22,0.18
1.06,0.23
3.61,0.96782842
3.52,0.76355748
2.81,6.5348837
0.33,4.2307692
5.65,1.3814181
5.35,2.326087
2.94,1.219917
4.48,1.8902954
7.765,3.215
7.375,1.847
8.382,1.165
5.904,4.43
5.902,4.444
6.917,2.049
7.77,2.528
7.948,1.593
7.77,2.532
7.225,2.196
5.868,13.109
6.917,2.049
0.15,0.09
0.47,0.07
0.45,0.07
0.14,0.17
0.11,0.15
0.07,0.05
0.5,0.11
0.49,0.09
0.218,0.101
0.103,0.051
0.006,0.115
0.104,0.056
0.084,0.104
0.008,0.085
0.058,0.096
0.181,0.108
0.201,0.1
0.0447,0.0146
0.1304,0.0886
0.0539,0.0168
0.1617,0.1064
0.0223,0.0121
0.109,0.024
0.056,0.019
0.001,0.005
0.072,0.021
0.17,0.046
0.003,0.003
0.041,0.021
0.02,0.004
0.02,0.006
0.012,0.006
0.002,0.003
0.001,0.001
0.048,0.017
0.01,0.004
8.83,2.34
0.964,0.262
0.729,0.244
0.735,0.241
0.888,0.322
4.94,1.201
0.143,0.0598
0.219,0.0778
0.798,0.32
0.218,0.247
6.199,1.931
3.166,1.102
0.423,0.152
0.583,0.216
0.132,0.0837
0.694,0.244
0.475,0.185
0.391,0.169
0.5884,0.0073
0.5495,0.036
0.023,0.0043
0.5891,0.0074
0.005,0.053
0.006,0.016
0.467,0.106
0.041,0.09
0.054,0.056
0.006,0.016
0.467,0.106
0.041,0.09
0.005,0.053
0.054,0.056
0.491,1.276
0.207,0.098
0.344,0.162
2.294,0.991
0.047,0.033
0.437,0.213
0.164,0.064
2.357,1.026
0.445,0.429
1.066,0.493
1.895,0.811
0.462,0.193
0.455,0.837
0.204,0.617
0.365,0.538
2.514,1.069
0.026,0.147
0.681,0.248
1.222,0.466
0.179,0.128
0.671,0.055
0.712,0.141
0.215,0.086
0.145,0.057
0.077,0.103
0.127,0.041
0.137,0.12
0.038,0.05
0.388,0.138
0.14,0.044
0.214,0.052
0.145,0.057
0.149,0.035
0.411,0.145
0.005,0.039
0.091,0.069
0.131,0.115
0.824,0.152
0.512,0.096
0.006,0.043
0.01,0.153
0.137,0.12
0.131,0.105
0.007,0.129
0.101,0.06
0.078,0.067
0.192,0.107
0.055,0.03
0.067,0.096
0.061,0.101
0.222,0.059
0.622,0.067
0.565,0.109
0.179,0.128
0.009,0.029
0.007,0.129
0.042,0.065
0.805,0.083
0.163,0.055
0.325,0.046
0.183,0.108
0.263,0.1
0.146,0.039
0.006,0.043
0.172,0.044
0.145,0.057
0.831,0.069
0.156,0.031
0.116,0.023
0.166,0.145
0.157,0.061
0.594,0.181
0.22,36.1
0.95,1.5
0.04,0.3
1.18,1.9
0.17,0.6
0.13,1
0.02,0.01
0.11,1.4
0.32,0.9
0.28,2.4
1.94,1.9
0.39,1.8
0.071,0.008
0.129,0.106
0.07,0.008
0.13,0.116
0.121,0.116
0.012,0.001
0.001,0.002
5.027,0.209
0.167,0.089
0.002,0.002
0.065,0.009
0.002,0.002
0.011,0.001
0.002,0.002
0.074,0.008
0.012,0.001
0.016,0.002
5.614,2.352
0.082,0.007
0.012,0.001
0.014,0.001
0.066,0.009
0.171,0.094
0.016,0.002
0.09,0.015
0.001,1e-04
0.013,0.001
0.09,0.015
0.115,0.104
0.001,0.003
0.092,0.012
0.003,0.002
4.905,0.276
0.015,0.002
0.778,0.325
0.832,0.323
0.949,0.349
0.78,0.467
0.013,0.007
0.017,0.007
0.016,0.007
0.018,0.007
0.009,0.005
0.007,0.005
0.015,0.007
0.32,0.903
0.078,0.016
0.005,0.223
0.048,0.017
0.029,0.013
0.187,0.164
0.053,0.026
1.272,0.792
0.868,0.097
0.206,0.226
1.305,0.476
0.123,0.019
0.083,0.567
1.93,0.42
0.071,0.03
1.723,0.561
0.968,0.107
1.786,0.389
2.879,0.703
0.168,0.165
0.08,0.024
0.095,0.026
0.16,0.041
0.107,0.026
0.299,0.056
0.091,0.028
0.095,0.026
0.022,0.066
0.05,0.02
0.14,0.07
27.06,8.2
0.18,0.09
0.16,0.09
0.05,0.01
0.11,0.06
0.35,0.15
0.06,0.02
0.16,0.05
0.07,0.03
0.07,0.11
14.32,4.31
1.23,0.47
0.01,0.01
0.04,0.02
0.21,0.1
0.09,0.05
0.01,0.01
0.08,0.04
0.45,0.19
0.032,0.015
0.038,0.018
0.027,0.007
0.226,0.06
0.163,0.099
0.003,0.028
0.211,0.051
0.07,0.032
0.034,0.021
0.193,0.059
0.028,0.007
0.179,0.106
0.095,0.042
0.119,0.072
0.216,0.052
0.077,0.03
0.219,0.059
0.168,0.105
0.185,0.112
0.023,0.006
0.243,0.061
0.208,0.053
0.293,0.129
0.023,0.012
0.031,0.005
0.024,0.027
0.016,0.028
0.338,0.218
0.066,0.013
0.019,0.014
0.133,0.064
0.455,0.115
0.191,0.072
0.203,0.056
0.44,0.07
0.2,0.03
0.19,0.07
0.2,0.03
0.21,0.03
1.14,0.2
0.15,0.12
1.1,0.13
0.2,0.07
1.19,0.19
1.13,0.13
0.44,0.07
1.14,0.2
0.19,0.07
0.47,0.07
1.1,0.13
0.516,0.049
3.437,0.733
6.251,0.62
0.758,0.119
8.36,0.74
0.435,0.211224489795918
0.333,0.101530612244898
0.144,0.259183673469388
0.467,0.222448979591837
0.254,0.145918367346939
0.0199,0.0311
0.1152,0.0272
0.1664,0.0366
0.444,0.3326
0.0633,0.0267
0.1121,0.0321
0.0608,0.0397
0.0684,0.0286
0.086,0.0311
0.1974,0.0503
0.0858,0.0439
0.0302,0.0223
0.0179,0.0258
0.1601,0.0391
6.265,2.09
0.0459,0.0484
0.0601,0.0259
0.0309,0.0369
0.1256,0.0418
0.1161,0.0358
0.1847,0.0452
0.0259,0.0285
0.0091,0.0383
0.0158,0.0043
0.5304,0.3427
0.1707,0.0343
0.0996,0.047
0.5792,0.2697
4.206,2.026
0.32877,0.3065
0.0049,0.0031
0.4549,0.3327
0.0495,0.0277
0.0069,0.0396
0.0714,0.0357
0.0531,0.0418
0.0096,0.0394
0.0107,0.0041
0.144,0.0336
0.0518,0.0416
0.0038,0.0164
0.0122,0.0283
0.0681,0.0327
0.0048,0.0391
6.673,3.067
0.0108,0.004
0.097,0.0333
0.0777,0.0371
0.2443,0.0542
0.0405,0.0385
0.0501,0.0256
0.152,0.0348
0.0064,0.0033
0.1126,0.0472
0.116,0.2741
0.0246,0.0068
0.1087,0.0516
0.0405,0.026
0.1175,0.0523
7.466,2.25
0.1482,0.0372
0.2213,0.0517
0.0559,0.0289
0.1024,0.034
0.0884,0.0307
0.0802,0.0438
0.0245,0.0071
0.0285,0.0072
0.0576,0.0491
0.138,0.0405
0.0092,0.0393
0.0224,0.0264
0.1372,0.0404
0.0994,0.0346
0.0203,0.0051
0.0263,0.0306
0.1068,0.0482
0.0234,0.0287
0.0813,0.0359
0.0235,0.0315
0.0179,0.025
0.2489,0.0547
0.0576,0.0308
0.1299,0.0475
0.0161,0.0276
0.0248,0.0055
0.0461,0.0485
0.0732,0.0421
0.248,0.0547
0.0713,0.0333
0.0767,0.0487
0.0407,0.0297
3.128,1.647
0.0593,0.0492
0.1058,0.0465
0.1042,0.0461
0.0281,0.0246
0.0405,0.025
5.135,2.017
0.0321,0.0317
0.0677,0.035
7.401,3.06
0.30703,0.0431
0.0104,0.0162
0.0103,0.0036
8.713,2.814
0.0623,0.0451
6.244,2.793
0.0633,0.0471
0.0215,0.0166
0.029,0.0058
10.02,2.772
4.343,1.875
0.0786,0.0432
0.0856,0.0489
0.07483,0.0488
5.16,2.291
0.0255,0.0378
0.1624,0.0421
0.0613,0.0449
3.09,1.77
28.27,14.09
40.12,29.22
44.89,17.42
3.42,1.27
1.96,0.97
3.77,2.7
50.01,15.26
23.76,12.19
2.79,1.84
3.94,1.92
3.95,1.81
3.05,2.09
1.73,0.74
0.4,0.26
3.77,2.44
4.05,1.74
36.54,17.62
0.32,0.29
3.63,2.21
48.87,30.05
39.65,19.51
0.902,0.171
1.04,0.31
0.28,0.091
0.28,0.092
1.07,0.29
1.05,0.27
0.27,0.1
0.29,0.12
2.22,0.83
1.03,0.37
2.15,0.81
2.1,1.06
0.99,0.031
2.09,1.03
0.99,0.093
2333,1000
0.112,0.054
0.076,0.01
0.101,0.028
1586,320
1902,546
0.045,0.034
0.084,0.04
1228,299
0.072,0.045
0.032,0.01
0.136,0.034
0.041,0.009
2465,738
0.105,0.027
0.215,0.117
0.117,0.025
0.217,0.189
0.081,0.015
0.028,0.008
0.084,0.034
0.06,0.01
0.058,0.008
0.079,0.012
0.072,0.009
0.094,0.023
0.082,0.017
0.07,0.012
0.057,0.011
0.135,0.092
1.14,0.15
4.25,0.49
1.61,0.22
1.32,0.51
1.18,0.2
0.16,0.07
0.16,0.07
0.21,0.07
1.11,0.46
3.55,0.38
10.11,3.53
0.17,0.07
5.93,2
4.43,0.52
1.04,0.28
0.72,0.29
1.45,0.23
1.61,0.51
0.18,0.07
1.42,0.22
1.74,0.51
5.54,2.74
1.25,0.23
1.16,0.47
4.39,0.36
1.06,0.17
1.23,0.14
1.15,0.21
7.93,1.83
9.26,2.11
0.65,0.39
3.55,0.32
1.62,0.23
1.38,0.51
1.19,0.31
0.23,0.07
0.78,0.35
1.47,0.23
1.24,0.17
4.14,0.38
6.35,2.3
1.02,0.45
0.085,0.057
0.042,0.053
0.041,0.043
0.085,0.055
0.08,0.045
0.138,0.055
0.09,0.064
0.033,0.053
0.009,0.066
0.005,0.054
0.064,0.044
0.055,0.053
0.026,0.063
0.11,0.064
0.127,0.068
0.171,0.04
0.112,0.05
0.003,0.054
0.041,0.032
0.019,0.049
0.053,0.035
0.003,0.062
0.011,0.061
0.089,0.047
0.099,0.054
0.041,0.05
0.007,0.053
0.011,0.047
0.008,0.047
0.014,0.09
0.015,0.049
0.077,0.057
0.022,0.061
0.045,0.088
0.035,0.041
0.058,0.104
0.004,0.051
0.088,0.037
0.031,0.05
0.024,0.07
0.05,0.048
0.011,0.052
0.023,0.047
0.01,0.046
0.088,0.056
0.005,0.049
0.085,0.056
0.127,0.062
0.012,0.051
0.061,0.05
0.117,0.051
0.044,0.059
0.0152,0.079
0.046,0.051
0.043,0.053
0.087,0.052
0.03,0.076
0.083,0.071
0.189,0.0048
0.418,0.076
0.208,0.035
0.067,0.0012
0.086,0.024
0.082,0.043
0.024,0.015
0.123,0.051
1.682,1.235
0.056,0.035
0.135,0.076
0.035,0.053
0.066,0.068
0.087,0.059
0.14,0.084
0.345,0.104
0.914,0.253
0.167,0.067
0.365,0.111
0.026,0.073
0.063,0.071
0.172,0.145
0.187,0.068
0.1,0.05
0.024,0.07
0.048,0.08
1.037,0.241
0.015,0.173
0.343,0.09
0.395,0.153
0.451,0.094
0.453,0.132
0.314,0.145
0.576,0.083
0.359,0.239
0.399,0.108
0.517,0.16
0.008,0.274
0.115,0.243
0.035,0.03
0.234,0.076
0.097,0.039
0.149,0.041
0.003,0.037
0.215,0.069
0.097,0.052
0.108,0.044
0.243,0.06
0.142,0.044
0.133,0.043
0.26,0.073
0.125,0.043
0.197,0.464
2.885,2.284
3.769,0.966
1.015,0.594
0.328,0.13
4.144,1.924
0.24,0.122
1.84,0.793
0.33,0.109
0.97,0.474
1.11,0.532
0.24,0.122
0.23,0.107
2.22,0.902
0.97,0.475
0.28,0.387
0.08,0.122
0.11,0.352
0.05,0.109
0.14,0.115
0.459,0.429
0.027,0.006
0.441,0.117
0.03,0.011
0.51,0.277
0.396,0.207
0.386,0.0259
0.9,0.217
0.668,0.197
0.027,0.01
0.01,0.007
1.82,0.34
2.64,0.08
18.4,1.15
5.3,0.39
8.33,0.55
1.83,0.34
9.05,0.55
18.43,1.07
5.32,0.38
1.19,0.2
2.76,0.12
0.91,0.16
0.34,0.04
7.3,0.52
0.96,0.15
0.504,0.067
0.524,0.076
0.515,0.12
0.102,0.013
0.473,0.063
0.097,0.012
0.537,0.118
0.368,0.278
0.208,0.259
0.18,0.283
0.059,0.354
0.597,0.377
3.03,0.55
1.24,0.43
1.24,0.43
2.55,0.47
0.96,0.18
0.11,0.25
0.75,0.23
0.17,0.21
0.56,0.224489795918367
0.51,0.352040816326531
0.47,0.147959183673469
0.65,0.214285714285714
0.1,0.280612244897959
0.39,0.127551020408163
0.08,0.173469387755102
0.48,0.122448979591837
0.13,0.107142857142857
0.64,0.158163265306122
0.71,0.214285714285714
0.66,0.219387755102041
0.44,0.255102040816327
0.71,0.209183673469388
0.75,0.229591836734694
0.09,0.224489795918367
0.04,0.188775510204082
0.069,0.038
9.032,2.632
6.399,3.322
1.626,2.025
0.769,0.209
8.951,2.139
0.182,0.064
6.35,1.474
5.778,1.702
2.41e-05,1.78e-05
0.162,0.078
0.051,0.044
1.104,0.351
13.293,5.132
1.802,1.738
1.026,0.308
26.465,8.648
0.71,0.199
0.059,0.035
0.289,0.075
0.084,0.046
0.28,0.094
0.125,0.056
5.659,2.395
13.676,4.588
0.092,0.046
24.101,6.614
0.108,0.063
0.175,0.069
0.13,0.04
0.03,0.09
0.78,0.27
1.7,0.51
0.09,0.05
0.37,0.24
0.33,0.63
0.22,0.06
1.846,1.017
0.291,0.166
0.137,0.045
0.005,0.001
1.011,0.396
0.242,0.338
0.125,0.041
0.094,0.228
0.498,0.176
0.768,0.454
0.001,0.002
0.152,0.046
0.125,0.173
0.779,0.447
1.592,0.939
0.004,0.003
0.139,0.042
0.136,0.045
0.139,0.039
0.126,0.041
0.14,0.042
0.152,0.044
0.152,0.044
1.162,1.175
0.151,0.046
0.337,0.095
0.547,0.803
0.139,0.039
0.46,0.165
0.153,0.202
30.73,35.63
11.82,5.96
19.32,11.11
25.37,16.71
16.71,9.35
29.52,23.65
2.65,0.22
1.06,0.42
0.6,0.05
0.5,0.04
1.98,0.37
2.54,0.2
0.04,0.024
0.047,0.024
0.21,0.059
0.038,0.028
0.054,0.023
0.187,0.056
0.235,0.063
0.188,0.059
0.046,0.031
0.047,0.02
0.91,0.146
2.368,0.942
1.81,0.308
0.8,0.229
0.14,1.38
1.487,0.375
3.782,2.063
2.368,0.942
1.399,0.329
0.243,1.049
0.328,0.689
2.512,0.784
1.606,0.817
2.413,1.075
1.487,0.375
2.422,0.993
0.616,0.324
0.688,0.242
0.632,0.336
0.749,0.252
0.543,0.237
0.701,0.314
4.155,1.168
0.982,0.49
3.897,1.101
0.091,0.328
26.71,13.73
3.536,1.018
238.6,241.3
108.1,63.08
0.0382,0.0204
0.0163,0.0484
0.0573,0.267
0.0398,0.0286
0.0257,0.0108
0.33,0.187
0.011,0.00789
0.0296,0.056
0.0728,0.0202
0.00136,0.0508
0.00273,0.0215
0.0456,0.0218
0.0248,0.0199
0.117,0.0409
0.0317,0.0103
0.0236,0.048
0.0251,0.0143
0.208,0.0595
0.0271,0.0298
0.0509,0.0574
0.0103,0.0294
0.019,0.011
0.122,0.066
0.029,0.033
0.066,0.037
1.179,1.136
0.249,0.148
0.09,0.043
1.074,0.377
1.041,0.272
0.013,0.008
0.281,0.106
0.018,0.9
0.047,0.031
0.149,0.15
0.079,0.041
0.315,0.125
0.416,0.15
0.05,0.043
0.046,0.039
0.082,0.038
0.028,0.07
0.05,0.043
0.082,0.045
0.32,0.158
0.065,0.029
0.056,0.087
0.133,0.129
0.038,0.03
0.348,0.163
0.015,0.045
0.043,0.038
0.052,0.266
0.127,0.067
0.054,0.025
0.293,0.137
0.877,0.804
0.014,0.008
0.017,0.009
0.095,0.046
0.113,0.365
0.009,0.033
0.057,0.02
0.085,0.105
0.08,0.251
0.273,0.136
0.062,0.089
0.046,0.032
0.034,0.07
0.034,0.029
0.067,0.029
0.098,0.099
0.057,0.019
0.059,0.046
0.147,0.145
0.038,0.039
0.824,0.829
0.036,0.03
0.151,0.403
0.041,0.272
0.283,0.143
0.471,0.193
0.115,0.053
0.323,0.167
1.252,0.413
0.087,0.035
1.373,1.186
0.554,0.215
0.056,0.095
0.063,0.024
0.044,0.024
0.152,0.078
0.068,0.03
0.112,0.055
0.021,0.01
0.058,0.025
0.012,0.03
0.163,0.082
1.322,0.461
0.92,0.251
0.02,0.03
0.033,0.095
0.15,0.105
0.102,0.044
0.415,0.143
0.277,0.16
0.014,0.038
0.039,0.072
0.109,0.088
0.028,0.052
0.234,0.091
0.143,0.073
0.008,0.348
0.1644,0.17
1.052,0.266
0.195,0.097
0.059,0.022
0.073,0.098
0.152,0.185
0.062,0.021
0.077,0.033
0.047,0.019
0.01,0.008
0.056,0.022
0.017,0.014
0.007,0.006
0.009,0.012
0.01,0.008
0.008,0.006
0.04,0.016
0.007,0.006
0.019,0.012
277.36,162.431
0.494,0.135
3.725,2.085
0.325,0.479
0.731,0.526
1.827,7.692
0.197,0.392
2.021,6.899
0.206,0.341
5.717,3.962
3.736,1.877
3.55,2.135
5.695,4.566
3.348,1.809
1.87,1.16
1.87,0.98
1.43,0.94
2.1,0.84
9.68,4.46
8.44,3.6
2.39,1
1.7,1.06
2.59,0.97
9.93,4
2.22,1.2
2.01,1.09
2.49,0.89
1.97,1.17
8.48,4.09
7.77,3.52
2.14,1.06
8.51,3.88
0.016,0.048
0.01,0.014
0.021,0.011
0.005,0.012
0.03,0.016
0.062,0.065
0.023,0.028
0.032,0.02
0.026,0.012
0.021,0.012
0.006,0.012
0.012,0.013
0.026,0.013
0.066,0.038
0.02,0.028
0.031,0.016
0.067,0.058
0.01,0.047
0.031,0.02
0.063,0.035
0.0247,0.0027
0.1291,0.0196
0.1316,0.0147
0.0018,0.0017
0.021,0.0025
0.0041,9e-04
0.064,0.0144
0.0068,0.0012
0.0195,0.0021
0.0507,0.0213
0.0084,9e-04
0.02,0.0022
0.4599,0.083
1.5389,0.404
0.6407,0.136
2.5741,0.373
1.9256,0.455
0.6387,0.135
3.2148,0.438
0.1638,0.022
0.3853,0.196
0.2126,0.078
0.3867,0.197
0.1407,0.031
1.51,0.564
0.624,0.027
0.642,0.027
1.854,0.764
2.378,0.658
1.503,0.552
1.665,0.582
0.641,0.031
1.28,0.228
0.109,0.038
0.112,0.04
0.112,0.04
1.158,0.489
0.41,0.196
0.413,0.198
0.917,0.514
0.063,0.063
0.004,0.027
0.824,0.404
0.026,0.004
0.014,0.005
0.01,0.009
0.01,0.007
0.015,0.016
0.004,0.003
0.001,0.004
0.017,0.012
0.022,0.004
0.024,0.004
0.007,0.01
0.012,0.007
0.018,0.017
0.027,0.004
0.001,0.006
0.015,0.006
0.006,0.011
0.015,0.009
0.019,0.01
0.01,0.011
0.062,0.067
0.002,0.001
0.084,0.094
0.022,0.012
0.01,0.005
0.01,0.014
0.027,0.009
0.008,0.009
0.1477,0.0325
2.293,2.0695
3.1591,10.1428
0.0706,0.0187
0.1524,0.0277
28.3848,9.4874
183.9049,52.9436
0.559,0.277
0.384,0.184
0.384,0.184
1.02,0.31
0.953,0.305
0.527,0.265
0.598,0.263
0.44,0.377
0.983,0.303
1.465,0.229
1.465,0.229
1.028,0.346
0.705,0.194
0.527,0.265
1.394,0.19
1.361,0.188
0.535,0.176
1.029,0.306
0.274,0.104
0.482,0.248
0.678,0.375
0.44,0.377
0.592,0.376
0.56,0.263
0.396,0.186
0.507,0.176
0.577,0.471
0.642,0.333
1.1338,0.185
0.492,0.379
1.098,0.145
0.44,0.202
1.029,0.306
0.204,0.402
0.549,0.266
0.004,0.005
0.0129,0.016
1e-04,0.003
0.0045,0.004
7e-04,0.018
0.0176,0.015
0.00751,0.00745
0.00181,0.00344
0.000812,0.00248
0.0123,0.00472
0.00203,0.00255
0.000418,0.00642
0.000326,0.00201
0.00187,0.00358
0.01,0.0149
0.000131,0.00435
0.00615,0.00509
0.00311,0.00254
0.0179,0.00817
0.0225,0.00534
0.00511,0.00577
0.000491,0.00194
0.00634,0.00533
0.273,0.146
0.183,0.052
0.195,0.055
0.186,0.052
0.138,0.042
6e-04,0.0035
0.1215,0.0357
0.4537,0.1496
0.276,0.114
10.469,24.772
2.199,1.82
0.046,0.063
0.112,0.106
0.476,0.097
15.497,19.873
0.036,0.027
0.473,0.097
0.006,0.009
10.645,23.963
0.275,0.114
0.248,0.146
15.931,19.987
0.005,0.006
0.098,0.068
0.003,0.042
0.004,0.025
0.305,0.185
0.045,0.587
0.05,0.029
0.037,0.027
0.005,0.132
0.172,0.088
0.146,0.763
0.062,0.07
2.188,1.814
0.048,0.063
0.001,0.011
0.267,0.129
0.398,0.398
48.637,21.522
0.305,0.143
18.713,6.951
0.015,0.012
0.127,0.054
4.106,2.421
0.032,0.02
0.005,0.018
3.513,2.138
0.114,0.058
0.48,0.19
0.203,0.088
0.012,0.038
0.37,0.15
0.143,0.056
0.053,0.054
0.4,0.14
0.34,0.13
0.028,0.021
0.05,0.043
0.045,0.072
0.046,0.022
0.021,0.013
0.094,0.048
0.062,0.035
0.71,0.21
0.024,0.011
0.048,0.034
0.68,0.21
0.235,0.098
0.011,0.023
0.139,0.074
0.37,0.14
0.53,0.19
0.005,0.006
0.002,0.009
1.1,0.36
1.36,1
0.42,1.02
1.42,2.01
1.61,0.43
1.46,0.5
0.49,1.32
1.16,0.57
1.18,0.52
0.99,1.07
1.08,0.76
1.09,0.55
1.57,0.72
1.41,0.13
2.3,0.38
0.92,0.04
0.8,0.06
1.85,0.49
0.83,0.04
3.2,3.35
0.93,0.05
1.05,0.09
7.96,53.18
1.45,0.65
0.84,0.08
0.93,0.05
4.52,0.7
1.42,0.21
0.007,0.053
0.002,0.025
0.041,0.029
0.034,0.037
0.18,0.026
0.064,0.0314
0.177,0.018
0.037,0.035
0.177,0.02
0.073,0.078
0.047,0.017
0.105,0.045
0.035,0.054
0.046,0.025
0.014,0.043
0.097,0.056
0.073,0.092
0.047,0.019
0.026,0.074
14.872,6.019
0.366,0.201
14.32,6.081
0.36,0.201
0.751,0.1
0.533,0.09
0.511,0.08
0.014,0.07
0.222,0.101
0.236,0.073
0.222,0.117
0.347,0.095
2.127,0.873
10,3.44
0.71,0.38
0.79,0.32
0.067,0.043
0.99,0.39
1.22,2.84
0.62,0.4
0.91,0.49
0.67,0.43
0.4,0.56
7.37,4.36
0.88,0.5
5.95,3.09
0.085,0.021
0.63,0.37
7.14,3.4
0.64,0.36
0.097,0.023
8.78,3.38
0.55,0.47
8.21,5.58
0.39,0.46
8.59,2.68
0.087,0.021
1.81,3.11
0.79,0.32
8.87,3.56
0.119,0.031
0.66,0.35
1.65,4.83
0.72,0.35
2.91,4.21
0.075,0.058
1.05,0.38
0.118,0.031
0.142,0.032
0.02,0.005
28.776,1.576
0.498,0.029
1.137,0.274
0.568,0.205
4.209,1.102
0.526,0.165
0.02,0.005
0.01,0.00049
0.01,0.00049
0.01,0.00049
0.01,0.00049
0.561,0.14458763
0.056,0.05045045
4.945,2.1314655
3.196,1.0146032
16.051,9.6113772
4.64,2.6363636
0.038,0.02261905
0.544,0.24285714
0.383,0.12120253
1.24,0.49799197
1.657,0.66015936
0.579,0.2392562
0.312,0.16082474
1.092,0.31836735
4.826,2.805814
0.123,0.01583012
0.147,0.06155779
0.225,0.0974026
4.452,1.7123077
4.489,1.1907162
0.374,0.19179487
0.092,0.02920635
0.151,0.06926606
0.035,0.03804348
0.091,0.05
0.617,0.22194245
0.544,0.21167315
0.736,0.23291139
0.4,0.22346369
0.07,0.02723735
0.095,0.02051836
0.54,0.07040417
1.349,0.39260768
0.025,0.00909091
1.393,0.54414063
0.037,0.01010929
0.098,0.03698113
0.022,0.02
0.096,0.032
0.021,0.006
0.105,0.033
0.048,0.033
0.048,0.02
69403,50468
0.049,0.033
18360,53453
0.024,0.006
0.012,0.002
0.039,0.117
1.05,0.033
0.081,0.059
59221,58779
0.002,0.023
0.051,0.018
0.016,0.01
0.056,0.021
0.058,0.029
0.033,0.02
0.025,0.008
0.742,2.191
0.066,0.022
0.11,0.028
0.019,0.009
0.064,0.026
2.648,0.338
2.736,0.747
1.856,0.608
2.367,0.862
1.341,0.145
3.362,1.038
1.578,0.477
2.052,0.689
1.821,0.219
1.913,0.241
2.421,0.29
1.281,0.133
0.000958,0.000928
0.000612,0.00108
0.0191,0.106
0.00191,0.0013
0.000706,0.00105
0.619,0.266
0.00102,0.00286
0.398,0.236
0.00442,0.00385
0.0152,0.0702
0.3233,0.2373
0.0515,0.1364
0.2032,0.164
0.2351,0.1675
0.3169,0.2346
0.3949,0.3542
0.0617,0.1526
0.2163,0.3705
0.8247,0.4211
0.0426,0.1362
0.0579,0.1606
0.8294,0.4863
0.087,0.047
0.019,0.059
0.055,0.034
0.244,0.078
0.148,0.068
0.047,0.059
0.098,0.038
0.072,0.03
0.05,0.051
0.069,0.034
0.077,0.074
0.123,0.054
28.019,3.051
14.989,3.02
7.066,1.621
5.24,1.059
23.439,4.701
14.971,2.873
19.969,2.417
20.485,2.672
24.016,3.836
7.23,3.52
6.64,5.08
7.18,2.61
7,2.98
4.1,1.86
1.16,1.24
3.78,1.75
7.94,5.38
9.38,4.37
12.78,4.99
2.72,4.68
10.95,4.34
3.32,2.99
3.48,5.07
5.03,3.42
2.55,1.08
5.7,3.51
6.04,2.75
6.65,4.53
4.95,2.09
4.28,1.45
5.64,1.95
11.35,8.63
4.13,1.34
3.22,1.67
5.76,4.05
8.03,3.303
7.58,3.78
2.39,2
3.46,2.08
8.907,3.443
8.917,3.548
0.018,0.088
0.031,0.091
0.083,0.091
8.287,3.157
9.219,3.353
10.117,3.682
7.599,3.301
0.882,0.216
0.384,0.087
3.624,0.97445118
1.704,0.45818565
0.117,0.04411649
0.474,0.12745305
7.545,2.0287622
0.975,0.26216609
0.0171,0.325
0.927,0.735
0.556,0.259
0.0143,1.199
0.273,0.141
0.736,1.018
0.791,0.267
0.163,0.695
0.719,0.235
0.881,0.726
0.099,0.205
0.643,0.335
0.0603,1.232
0.274,0.329
0.579,0.216
0.003,0.002
0.154,0.364
0.003,0.003
0.08,0.029
0.005,0.012
0.104,0.029
0.004,0.002
0.0075,0.0028
0.005,0.001
0.016,0.1
0.003,0.003
0.009,0.002
0.128,0.833
0.008,0.768
0.002,0.002
0.043,0.28
0.001,0.033
0.027,0.057
0.089,0.045
0.311,0.119
0.433,0.116
0.336,0.194
0.751,0.342
0.443,0.19
0.406,30.34
0.355,0.12
0.396,0.112
0.371,0.266
0.076,0.126
0.106,0.276
0.174,0.267
0.749,0.463
0.298,0.213
0.119,0.123
0.492,1.285
0.364,0.233
0.523,0.237
0.356,0.261
3.129,1.824
0.436,0.215
0.784,0.437
0.359,0.254
0.143,0.139
0.389,0.242
0.163,0.274
0.942,1.231
1.232,1.272
0.34,0.24
0.878,0.484
0.144,0.138
0.022,0.006
0.035,0.035
0.025,0.006
0.305,0.119
0.017,0.005
0.002,0.005
0.108,0.033
0.353,0.147
0.02,0.006
0.31,0.103
0.223,0.186
0.024,0.006
0.342,0.141
0.016,0.033
0.105,0.047
0.019,0.003
0.128,0.031
0.035,0.007
0.13,0.043
0.222,0.09
0.395,0.11
0.013,0.005
0.036,0.007
0.178,0.179
0.007,0.021
0.021,0.006
0.013,0.005
0.563,0.127
0.001,0.033
0.002,0.06
0.017,0.003
0.394,0.135
0.024,0.06
0.038,0.036
0.275,0.111
0.389,0.143
0.567,0.134
0.01,0.019
0.017,0.059
0.022,0.004
0.021,0.006
0.216,0.133
0.022,0.004
0.014,0.005
0.02,0.006
0.247,0.092
0.022,0.005
137,55.27922
17.2,9.1450757
0.323,0.031
0.405,0.032
0.252,0.038
0.479,0.041
0.002,0.001
0.001,0.001
0.001,0.001
0.0219,0.02
0.2028,0.01
0.0388,0.021
0.054,0.011
0.0579,0.01
0.0687,0.019
0.41,0.273
0.022,0.012
0.011,0.006
0.001,0.003
11.304,7.194
0.959,2.366
0.007,0.012
0.017,0.105
0.962,0.266
0.916,0.281
0.592,0.373
0.775,0.244
0.904,0.241
0.829,0.279
0.291,0.207
0.452,0.175
0.291,0.206
1.486,1.007
1.284,0.95
1.346,0.956
0.854,0.252
0.49,0.497
2.69,1.26
3.91,0.72
3.85,1.87
3.42,0.71
3.41,0.76
11.11,2.53
2.7,1.38
3.87,0.79
11.3,4.58
11.26,2.49
11.96,4.59
7.64,2.28
1.62,0.72
9.15,4.23
2.51,1.36
8.88,4.18
3.02,0.522
4.21,1.92
7.47,2.08
7.19,2.31
4.46,1.46
3.56,0.67
7.78,2.11
2.75,0.62
0.0292,0.0387
0.192,0.5998
0.0047,0.0108
0.019,0.0176
0.0029,0.0316
0.0326,0.0177
18,23
0.0032,0.0113
0.0126,0.0273
0.0286,0.0178
0.9263,2.4904
121,63
0.2508,1.29047
0.0241,0.0346
0.0105,0.0112
0.0184,0.0362
0.0142,0.015
0.002,0.029
0.0698,0.047
0.0171,0.0339
0.0312,0.0155
0.0109,0.0114
344,206
0.0023,0.0172
0.0141,0.0173
0.0634,0.0325
0.03,0.0273
6.2988,1.9753
0.0345,0.0253
0.0132,0.0146
0.0075,0.0112
0.0014,0.0114
0.0085,0.0151
0.006,0.0061
0.0263,0.0115
0.0056,0.0058
0.0065,0.0061
0.0259,0.0114
0.0293,0.0127
0.83,0.175
1.261,0.687
0.58,0.146
0.696,0.152
0.418,0.063
0.761,0.118
0.476,0.744
0.452,0.149
1.16,0.204
0.864,0.268
0.0291,0.222
0.753,0.137
0.773,0.222
2.306,0.532
1.039,0.265
1.319,0.326
1.276,0.677
1.346,0.227
1.692,1.017
0.995,0.194
1.071,0.482
0.737,0.116
0.021,0.198
0.901,0.251
0.0366,0.12
1.246,0.233
0.62,0.298
1.262,0.139
0.563,0.156
1.358,0.309
1.144,0.213
1.075,0.474
1.216,0.165
0.421,0.0987
0.513,0.862
0.4,0.064
0.873,0.186
0.404,0.049
0.132,0.111
0.194,0.093
1.198,0.164
1.579,0.388
0.113,0.045
1.423,0.526
0.996,0.186
0.403,0.052
1.261,0.358
1.508,0.254
0.627,0.329
6.35,3.196
8.784,4.344
7.103,3.223
1.201,1.054
6.35,3.196
0.977,0.537
8.343,4.144
0.608,0.024
0.641,0.038
0.551,0.023
0.5,0.268
0.62,0.024
0.584,0.033
0.561,0.036
0.006,0.293
0.245,0.427
0.61,0.037
0.554,0.023
0.359,0.348
0.08,0.025
0.393,0.096
0.121,0.041
0.12,0.039
0.083,0.05
0.011,0.0048
0.049,0.024
0.0047,0.0039
0.3,0.01
0.01,0.00049
0.01,0.00049
0.33,0.01
0.07,0.01
0.1,0.01
2.858,1.18
2.614,1.014
10,2.88
3.359,1.296
0.115,1.042
2.773,1.058
3.819,1.477
0.047,0.007
0.055,0.01
0.05,0.006
0.027,0.046
0.048,0.007
0.0044,0.0022
0.0075,0.0026
2.12,1.27
4.85,1.39
2.68,0.93
4.72,1.26
0.0016,0.003
0.001,0.0026
0.0031,0.0026
8.126,3.8
8.047,1.7194444
0.305,0.19426752
5.617,1.6328488
0.2688,0.25358491
4.092,1.3073482
0.485,0.24619289
0.797,0.32530612
0.903,0.40133333
17.505,3.1483813
0.209,0.1039801
0.408,0.2
0.15,0.06756757
0.967,0.49336735
1.045,0.56486486
0.639,0.30428571
3.97,1.2563291
8.25,1.7895879
0.894,0.77068966
1.04,0.51741294
0.192,0.15609756
1.278,0.665625
0.822,0.32619048
0.43,0.23243243
0.49,0.18421053
7.31,1.7529976
4.311,2.1447761
11.35,2.3450413
0.541,0.19184397
2.385,0.72492401
0.284,0.11050584
0.657,0.30700935
0.362,0.18190955
0.431,0.17663934
0.289,0.11747967
0.899,0.51079545
0.421,0.17113821
0.633,0.29579439
0.975,0.3362069
0.556,0.21889764
0.258,0.12585366
0.517,0.29884393
0.148,0.038
0.163,0.035
0.167,0.038
0.38,0.217
0.453,0.212
0.553,0.087
0.492,0.092
0.672,0.043
0.486,0.05
0.289,0.112
0.001,0.028
0.31,0.053
0.335,0.068
0.201,0.015
0.445,0.015
0.036,0.019
0.068,0.039
0.086,0.027
0.04,0.017
0.221,0.016
0.452,0.015
0.05,0.038
0.285,0.056
0.4,0.06
0.608,0.042
0.233,0.059
0.324,0.044
0.52,0.144
0.408,0.076
0.048,0.029
0.53,0.164
0.119,0.069
0.511,0.044
0.088,0.032
0.501,0.169
0.039,0.021
0.036,0.023
0.095,0.016
0.234,0.079
0.544,0.043
0.002,0.036
0.092,0.013
0.19,0.016
0.007,0.008
0.621,0.383
0.023,0.038
0.005,0.008
0.283,0.161
0.052,0.273
0.04,0.039
0.304,0.186
0.182,0.046
0.519,0.179
0.641,0.226
0.246,0.05
0.074,0.124
0.576,0.364
1.29,0.46
0.82,0.49
0.78,0.32
2.76,0.6
1.29,0.46
0.82,0.49
2.6,1.23
0.78,0.32
2.76,0.6
2.6,1.23
0.488,0.197
0.497,0.21
0.473,0.213
0.6,0.272
0.428,0.178
0.497,0.21
0.5,0.209
0.126,0.215
0.097,0.223
0.491,0.205
0.017,0.204
0.279,0.087
0.024,0.211
0.215,0.243
0.5,0.178
0.014,0.187
0.553,0.211
0.195,0.216
0.468,0.211
0.345,0.122
0.323,0.086
0.499,0.211
0.487,0.205
0.012,0.197
0.562,0.206
0.487,0.192
0.227,0.204
0.488,0.205
0.287,0.129
0.072,0.212
0.262,0.178
0.171,0.198
0.327,0.161
0.498,0.21
3.603,1.914
0.654,0.179
0.637,0.124
0.392,0.099
0.37,0.104
1.056,0.573
0.068,0.034
0.248,0.075
0.387,0.212
0.37,0.122
0.023,0.006
2.864,1.425
0.082,0.019
0.274,0.13
0.076,0.018
0.035,0.007
0.23,0.069
2.037,0.899
0.632,0.117
0.108,0.032
0.09,0.038
0.553,0.084
3.184,1.399
0.151,0.088
0.26,0.131
0.557,0.081
0.323,0.165
0.1,0.03
0,0.00049
0.004,0.001
0.004,0.001
2e-04,1e-04
0.004,0.001
0.006,0.001
0.001,1e-04
0.006,0.001
0.004,0.001
0.459,0.087
0.518,0.061
0.328,0.06
0.886,0.185
0.305,0.059
0.972,0.099
0.512,0.047
0.684,0.084
0.373,0.062
0.337,0.111
0.58,0.063
0.318,0.057
0.715,0.089
0.701,0.096
0.55,0.103
0.899,0.094
0.351,0.03
0.52,0.098
0.423,0.048
0.538,0.107
0.766,0.145
0.497,0.063
0.74,0.155
0.103,0.113
0.293,0.084
0.016,0.004
0.339,0.079
0.293,0.084
0.014,0.004
0.014,0.004
0.339,0.079
0.016,0.004
0.2037,0.09
0.172,0.058
0.202,0.092
0.251,0.126
0.1785,0.066
0.1779,0.062
0.306,0.155
0.174,0.068
0.1769,0.063
0.283,0.132
0.231,0.107
0.2308,0.16
0.241,0.095
0.2037,0.09
0.1784,0.066
0.3162,0.16
0.1666,0.872
0.299,0.106
0.2428,0.14
0.262,0.104
0.178,0.062
0.215,0.103
0.1972,0.089
0.353,0.144
0.208,0.124
0.114,0.057
0.142,0.138
0.012,0.03
0.123,0.047
0.097,0.059
0.013,0.033
0.005,0.004
0.015,0.063
0.125,0.055
0.126,0.054
0.061,0.155
1.809,1.939
0.181,1.883
0.209,0.127
0.051,0.032
0.015,1.439
0.037,0.025
0.14,0.042
0.948,1.128
0.281,0.144
0.005,0.004
0.006,0.029
0.192,0.038
0.024,0.061
0.036,0.042
0.156,0.046
0.123,0.05
1.09,2.109
0.102,0.049
0.279,0.193
0.099,0.053
0.016,0.033
0.054,0.026
0.113,0.064
0.189,0.042
0.158,0.046
0.095,0.056
0.105,0.049
0.094,0.057
0.524,0.966
0.065,0.049
0.135,0.073
0.293,0.193
0.005,1.441
0.121,0.055
0.108,0.052
0.068,0.032
0.105,0.062
0.107,0.056
0.03,1.404
0.179,0.107
0.177,0.077
0.786,0.131
2.864,1.144
3.567,1.443
1.5,1.141
0.446,0.16
0.152,0.196
0.697,0.131
2.252,1.863
0.639,0.143
0.95,1.885
0.344,0.197
2.089,1.441
2.339,1.083
0.058,0.05
0.167,0.055
0.4,0.18
0.235,0.201
0.134,0.084
0.032,0.023
0.07,0.104
0.846,0.145
0.383,0.196
0.304,0.167
0.557,0.155
0.825,0.129
0.288,0.079
0.741,0.162
2.378,0.523
1.892,0.541
2.322,1.014
1.711,0.166
0.7,0.6
0.89,0.38
0.13,0.25
0.68,0.52
0.52,0.26
1.88,1
0.08,0.28
0.76,0.95
1.83,1.01
1.05,0.53
0.13,0.11
0.84,0.51
0.67,0.54
1.6,0.81
0.31,0.26
1.39,0.82
1.58,0.72
0.09,0.47
1.11,0.76
1.22,0.73
0.09,0.61
1.73,1.13
2.41,1.11
0.69,0.58
0.36,0.79
1.6,0.77
1.27,0.75
1.89,0.66
1.502,0.654
0.244,0.183
0.227,0.126
0.366,0.168
0.395,0.219
0.485,0.279
0.369,0.163
0.338,0.181
0.062,0.014
0.096,0.07
0.058,0.032
0.233,0.084
0.366,0.178
0.325,0.178
0.366,0.168
0.336,0.144
0.361,0.16
0.484,0.226
0.123,0.03
0.102,0.026
0.048,0.018
0.058,0.017
0.102,0.0217484
0.041,0.02204301
0.156,0.07
1.408,0.331
0.097,0.032
32.245,17.815
0.468,0.296
0.902,0.183
3.095,0.81
1.317,0.405
1.259,0.405
0.075,0.049
0.726,0.442
0.684,0.266
0.494,1.297
2.812,1.316
1.259,0.405
3.217,0.804
0.044,0.085
0.263,0.227
1.336,0.192
0.145,0.0607
0.0921,0.0482
7434.7,2768.5
3951.4,1414.1
0.0772,0.0542
0.017,0.024
0.126,0.0477
5078.5,2265.4
1299,1247.4
0.445,0.108
1.948,0.39
0.436,0.121
0.013,0.005
0.221,0.074
0.077,0.021
0.154,0.068
0.027,0.012
0.01,0.011
0.075,0.03
0.018,0.013
0.518,0.137
0.282,0.076
0.011,0.017
0.119,0.13
0.287,0.21
0.061,0.071
0.223,0.116
0.016,0.101
0.179,0.123
0.459,0.132
0.003,0.018
0.165,0.095
0.078,0.018
0.051,0.161
0.029,0.016
0.065,0.098
0.49,0.88
0.047,0.012
0.022,0.024
0.098,0.074
0.032,0.103
0.039,0.02
0.075,0.02
0.009,0.028
0.04,0.08
0.006,0.018
0.053,0.038
0.007,0.014
0.037,0.012
0.0863,0.022
0.009,0.015
0.031,0.021
0.325,0.059
1.909,0.184
2.307,0.235
0.153,0.033
0.005,0.006
0.007,0.004
2.279,0.229
1.995,0.265
0.153,0.093
2.188,0.215
2.45,0.374
2.666,0.413
2.33,1
0.106,0.026
0.006,0.006
0.074,0.062
0.169,0.023
3.155,0.315
2.067,0.375
1.961,0.182
1.58,0.159
2.53,0.271
0.306,0.149
1.912,0.179
0.194,0.058
1.727,0.183
1.803,0.197
1.255,0.117
0.209,0.087
2.041,0.189
1.736,0.332
0.188,0.055
0.183,0.095
2.184,0.2149
2.446,0.252
0.155,0.024
0.155,0.023
0.162,0.029
0.005,0.006
1.688,0.142
0.161,0.036
0.152,0.043
0.229,0.037
0.168,0.022
0.167,0.025
2.608,0.263
0.006,0.006
2.915,0.435
2.145,0.251
0.163,0.023
0.176,0.033
0.161,0.033
2.774,0.4
2.394,0.317
0.17,0.023
0.164,0.024
0.172,0.028
0.093,0.051
0.146,0.033
0.612,0.283
0.652,0.318
0.541,0.272
0.489,0.268
0.93,0.442
0.578,0.318
1.019,0.503
0.467,0.279
1.106,0.482
0.024,0.007
0.044,0.007
0.101,0.022
0.05,0.009
0.027,0.008
0.055,0.018
0.036,0.006
0.066,0.024
0.003,0.002
0.413,0.09
0.055,0.021
0.003,0.013
0.038,0.005
0.112,0.016
0.028,0.008
0.04,0.008
0.47,0.54
0.001,0.015
0.004,0.002
0.077,0.051
0.041,0.009
0.024,0.006
0.001,0.004
0.078,0.019
0.055,0.08
0.018,0.004
0.027,0.135
0.106,0.017
0.386,0.176
0.06,0.053
0.043,0.106
0.475,0.023
0.052,0.022
0.063,0.009
0.123,0.011
0.075,0.008
0.112,0.008
0.274,0.067
0.05,0.005
0.035,0.013
0.109,0.008
2.071,0.463
77.677,3.873
0.099,0.007
0.115,0.009
0.041,0.024
0.07,0.017
4.861,0.958
0.186,0.028
1.0412,0.5141
3.5196,0.7916
0.0274,0.0158
0.0536,0.0234
0.0581,0.0219
1.3016,0.501
0.0272,0.011
4.7903,2.4252
0.0485,0.0219
0.0341,0.0165
0.0626,0.0231
0.0197,0.011
2.818,4.641
0.162,0.041
4.664,4.59
0.242,2.899
0.015,0.026
0.174,0.057
25.286,4.659
0.066,0.038
7.763,7.298
5.503,3.926
0.028,0.035
40.053,6.958
0.044,0.04
23.519,4.953
0.105,0.068
3.321,3.266
0.093,0.063
24.168,6.956
0.143,0.043
0.038,0.029
16.584,7.272
0.338,0.067
0.005,0.034
9.645,4.317
0.056,0.069
0.175,0.05
5.739,7.056
0.143,3.743
0.252,0.067
0.004,0.034
29.165,6.029
0.031,0.03
3.328,3.909
28.324,6.571
0.028,0.04
5.842,3.473
0.031,0.069
0.169,0.068
10.188,7.064
5.064,8.354
0.478,0.491
0.632,0.318
0.251,0.123
0.082,0.181
0.057,0.062
0.266,0.34
0.455,0.345
0.012,0.095
0.14,0.06
0.115,0.059
0.101,0.075
0.382,0.221
0.221,0.107
0.181,0.154
0.078,0.106
0.009,0.101
0.084,0.12
0.179,0.062
0.211,0.341
0.018,0.083
0.254,0.109
0.3021,0.09
0.184,0.084
0.19,0.065
0.067,0.076
0.045,0.086
0.076,0.037
0.157,0.112
0.084,0.05
0.029,0.101
0.074,0.052
0.152,0.08
0.064,0.087
0.225,0.112
0.249,0.11
0.211,0.097
0.17,0.075
0.343,0.173
0.023,0.091
0.208,0.104
0.135,0.177
0.059,0.187
0.13,0.116
0.045,0.081
0.086,0.082
0.005,0.094
0.237,0.149
0.185,0.092
0.042,0.075
0.082,0.123
0.09,0.066
0.144,0.091
0.626,0.371
0.143,0.061
0.223,0.091
0.041,0.094
0.145,0.098
0.012,0.097
0.002,0.077
0.101,0.0701
0.119,0.062
0.123,0.104
0.269,0.654
0.138,0.103
0.139,0.066
0.176,0.065
0.161,0.132
0.182,0.058
0.134,0.178
0.131,0.108
0.005,0.1
0.06,0.056
0.121,0.526
0.221,0.138
0.035,0.067
0.08,0.088
0.033,0.051
0.366,0.146
0.316,0.143
0.038,0.1
0.3054,0.099
0.09,0.069
0.236,0.107
0.032,0.409
0.159,0.1
0.327,0.103
0.07,0.051
0.138,0.103
0.289,0.132
0.05,0.065
0.053,0.112
0.029,0.049
0.079,0.053
0.053,0.102
0.095,0.061
0.235,0.129
0.166,0.091
0.016,0.086
0.24,0.118
0.37,0.419
0.092,0.047
0.134,0.062
0.22,0.269
0.2,0.157
0.138,0.114
0.19,0.371
0.17,0.306
0.189,0.134
0.097,0.063
0.186,0.162
0.321,0.137
0.183,0.077
0.121,0.081
0.262,0.13
0.454,0.231
0.129,0.054
0.149,0.091
0.162,0.099
0.064,0.071
0.158,0.15
0.229,0.328
0.202,0.062
0.214,0.132
0.121,0.091
0.007,0.092
0.06,0.056
0.066,0.103
0.232,0.096
0.183,0.106
0.152,0.062
0.008,0.051
0.224,0.12
0.006,0.094
0.089,0.082
0.173,0.091
0.15,0.152
0.125,0.072
0.086,0.11
0.086,0.044
0.116,0.379
0.143,0.086
1.073,0.673
0.008,0.087
0.151,0.135
0.339,0.291
0.176,0.065
0.038,0.086
0.114,0.05
0.051,0.181
0.064,0.092
0.057,0.108
0.068,0.045
0.058,0.068
0.296,0.161
0.111,0.118
0.188,0.093
0.317,0.197
0.26,0.102
0.031,0.103
0.0161,0.00754
0.00648,0.00464
0.00789,0.0104
0.0142,0.00848
0.00221,0.00399
0.236,0.0848
0.282,0.0768
0.0122,0.0108
0.321,0.18
0.0219,0.0109
0.00673,0.00725
0.226,0.0814
0.232,0.0887
0.017,0.00539
0.00525,0.00581
0.374,0.135
0.296,0.161
0.26,0.145
5.504,1.104
4.203,0.729
5.544,0.982
5.131,0.9
5.366,1.125
5.434,1.001
3.916,0.671
4.681,1.2
5.692,1.197
5.171,0.911
0.029,0.008
0.026,0.009
0.036,0.007
0.024,0.008
0.033,0.01
14.9728,36.417
0.9068,0.072
106.1626,73.284
0.3125,0.213
76.4374,60.799
0.4126,0.215
141.6735,115.038
0.133,0.149
0.0234,0.202
202.5769,134.68
59.3251,82.347
0.9601,0.072
0.97,0.065
0.1289,0.275
65.6077,42.471
0.9699,0.065
146.5227,49.681
0.1585,0.11
97.5054,71.899
0.028,0.198
58.9766,58.852
0.0616,0.182
0.4236,0.217
0.0365,0.188
0.9166,0.057
96.082,91.52
3.6364,20.485
0.2104,0.386
0.2597,0.253
107.1296,127.084
150.1284,49.136
0.1283,0.09
97.3147,117.164
0.2401,0.206
77.7434,83.438
36.9936,28.019
75.1359,60.766
0.906,0.096
88.9058,55.164
0.1875,0.402
66.5632,42.251
0.0367,0.083
40.3344,26.535
0.5042,0.265
55.2324,99.761
54.0848,33.402
0.2187,0.192
89.1479,48.203
0.798,0.072
140.0032,146.221
0.2832,0.162
0.913,0.057
2.5098,26.898
0.0495,0.184
0.0082,0.055
0.5206,0.481
36.916,27.684
185.8348,77.161
0.6397,0.27
0.2931,0.165
0.0194,0.057
25.6443,141.976
0.2348,0.382
0.2189,0.204
64.5288,36.37
0.2414,0.164
0.0276,0.063
5.5805,20.454
0.2701,0.154
0.3075,0.347
0.0192,0.16
154.2284,117.486
0.122,0.091
0.1342,0.105
1.9305,27.132
0.1365,0.146
102.7859,128.53
2.0413,27.341
0.5107,0.0262
187.8086,62.396
0.347,0.041
0.106,0.02
0.092,0.04
0.267,0.038
0.0476,0.02
2.0579,0.6347
0.52,0.01
2.24,0.11
0.163,0.064
0.2974,0.557
2.92,0.097
2.94,0.479
0.009,0.004
2.01,0.541
0.189,0.029
0.409,0.204
0.774,0.705
0.124,0.023
1.54,0.285
0.06,0.012
0.007,0.006
0.036,0.006
0.059,0.008
0.0036,0.005
4.74,0.843
0.953,1.72
6.56,1.55
0.157,0.03
2.04,0.723
3.33,0.115
0.897,0.237
0.215,0.115
1.49,0.575
0.401,0.096
0.971,0.316
1.47,0.62
1.62,0.181
1.34,0.4
0.004,0.012
0.066,0.046
2.03,0.204
1.57,0.547
0.004,0.009
3.04,0.661
0.405,0.113
1.11,0.162
4.04,1.23
0.346,0.098
0.32,0.07
0.75,0.22
0.135,0.058
0.65,0.19
0.7,0.16
0.05,0.05
0.14,0.09
0.17,0.04
0.41,0.2
0.019,0.02
0.24,0.09
0.21,0.06
0.05,0.11
0.206,0.098
0.254,0.104
0.164,0.086
0.08,0.1
0.05,0.014
1.21,0.31
0.89,0.24
0.22,0.1
0.24,0.047
0.83,0.22
0.63,0.11
0.092,0.05
0.22,0.08
0.504,0.077
0.48,0.08
0.96,0.26
0.53,0.14
0.46,0.08
0.17,0.05
0.046,0.044
0.29,0.09
0.196,0.065
0.61,0.11
0.52,0.11
0.064,0.107
0.71,0.23
0.16,0.11
0.095,0.115
0.203,0.189
0.2,0.06
0.15,0.09
0.14,0.06
0.14,0.08
0.06,0.018
0.29,0.11
0.1,0.07
0.82,0.2
0.22,0.06
0.49,0.15
0.008,0.087
0.73,0.18
0.19,0.05
0.104,0.135
0.25,0.09
0.08,0.04
0.6,0.17
0.129,0.04
0.295,0.155
0.024,0.019
0.54,0.22
0.016,0.036
0.93,0.22
0.37,0.08
0.44,0.13
0.176,0.085
0.428,0.168
1.06,0.65
0.323,0.145
7.748,1.978
0.0391,0.018
0.000767,0.00562
0.0251,0.00805
0.00959,0.00769
0.000646,0.00594
7.585,1.986
0.0288,0.0151
0.00971,0.00477
0.347,0.166
8.003,3.485
0.0147,0.0067
8.486,3.279
0.839,0.412
0.558,0.295
0.724,0.4
0.71,0.116
0.646,0.04
0.862,0.16
0.363,0.163
0.842,0.08
1.21,0.128
1.154,0.14
0.589,0.035
0.918,0.176
0.499,0.051
0.711,0.035
0.578,0.04
0.514,0.038
0.71,0.072
0.687,0.078
0.909,0.069
0.186,0.198
0.772,0.174
0.711,0.035
0.694,0.043
0.668,0.049
0.598,0.036
0.05,0.019
0.026,0.037
0.04,0.017
0.038,0.034
0.046,0.069
0.075,0.048
0.016,0.077
0.089,0.044
0.033,0.015
0.057,0.026
0.013,0.016
0.016,0.014
0.002,0.005
0.018,0.01
0.01,0.006
0.304,0.049
0.013,0.01
0.058,0.007
0.363,0.064
0.037,0.015
0.024,0.013
0.039,0.009
0.057,0.012
7e-04,0.008
0.314,0.043
0.46,0.007
0.249,0.034
0.002,0.012
0.059,0.012
0.035,0.015
0.032,0.019
0.007,0.008
0.072,0.01
0.039,0.008
0.01,0.006
0.026,0.01
0.037,0.009
0.003,0.01
0.82,0.01
0.388,0.054
0.308,0.037
2.678,1.042
2.206,0.76
1.74,0.811
1.4,0.662
1.262,0.569
3.03,0.836
26.2,11.5
4.31,1.77
15.2,10.4
5,1.87
3.64,1.55
0.519,0.179
0.797,0.294
41.65,41.32
0.82,0.79
1.33,0.5
0.1,0.49
1.44,1.26
4.93,9.29
0.07,0.28
5.5,2.75
0.14,0.24
0.23,0.17
0.79,4.41
0.19,1.21
0.2,0.91
1.17,0.69
1.23,0.35
1.48,0.61
1.2,0.46
1.24,0.4
0.74,0.76
0.52,5.11
0.53,0.27
0.82,0.36
0.03,0.28
0.08,0.19
0.28,0.25
23.05,33.81
0.92,0.5
0.67,4
2.56,0.54
3.33,7.2
0.67,0.31
0.48,0.37
1.06,0.33
114.08,215.91
46,146
0.09,0.34
0.4,0.55
0.38,0.2
0.06,0.29
1.08,0.37
0.21,0.47
1.24,0.3
0.43,0.27
0.44,0.25
0.32,0.17
0.89,0.39
0.22,0.2
0.54,0.41
0.97,0.39
0.06,0.25
0.14,0.24
0.79,0.32
0.37,0.31
0.26,0.26
0.18,0.24
0.0202,0.0134
0.589,0.0099
0.3683,0.0119
0.2913,0.0306
0.6182,0.0132
0.5709,0.01
0.6344,0.0124
0.3484,0.0117
0.9383,0.0329
0.8751,0.0281
0.3672,0.0112
0.2288,0.0101
0.114,0.049
0.531,0.195
0.411,0.187
0.096,0.224
0.171,0.091
0.246,0.145
0.35,0.185
0.404,0.221
0.091,0.039
0.534,0.016
0.226,0.112
0.87,0.373
0.095,0.031
0.108,0.013
0.321,0.172
0.183,0.099
0.345,0.149
0.106,0.046
0.319,0.117
0.329,0.137
0.287,0.102
0.275,0.139
0.451,0.009
0.033,0.021
0.645,0.244
0.273,0.093
0.071,0.1632
0.154,0.081
0.083,0.193
0.755,0.302
0.299,0.168
0.146,0.076
0.058,0.131
0.342,0.131
0.384,0.17
0.371,0.204
0.34,0.127
0.088,0.049
0.023,0.032
0.139,0.054
0.045,0.028
0.119,0.06
0.05,0.059
0.306,0.164
0,0.027
0.004,0.03
0.769,0.341
25.0209,5.9217
1.1092,0.2516
0.7097,0.2749
0.3264,0.1704
0.3833,0.1785
2.797,1.3113
0.0147,0.2361
4.9649,2.0914
0.2955,0.1959
4.0966,2.3567
0.8929,0.3508
1.9884,0.4258
0.9233,0.3505
0.1353,0.1122
2.1679,1.3839
10.3401,3.5911
0.6381,0.6156
0.6278,0.2505
0.3363,0.4172
91.604,25.373
130.03,64.278
124.907,36.827
94.118,78.483
58.551,46.795
98.592,72.412
0.405,0.217
0.503,0.208
0.544,0.177
0.582,0.247
0.747,0.169
0.664,0.25
0.032,0.119
0.645,0.133
0.632,0.248
0.036,0.123
0.117,0.149
0.55,0.267
0.118,0.115
0.061,0.122
0.632,0.225
0.429,0.233
0.031,0.122
0.364,0.033
0.03,0.008
0.024,0.008
0.244,0.033
0.116,0.036
0.193,0.026
0.08,0.023
0.173,0.023
0.384,0.034
0.254,0.044
0.11,0.036
0.21,0.026
0.105,0.036
0.211,0.044
0.061,0.036
168.325,83.202
0.498,0.121
0.0026,0.0051
0.0022,0.0033
0.0098,0.0042
0.0032,0.0022
0.0084,0.0035
0.006,0.0037
0.0084,0.005
0.0142,0.0048
0.0084,0.0035
0.004,0.003
0.0094,0.0036
0,7e-04
0.0046,0.0042
0.0087,0.0035
0.0082,0.003
0.0067,0.0029
0.0099,0.0036
0.0031,0.003
0.008,0.0034
0.0087,0.0035
0.0014,0.002
0.0066,0.0037
0.0015,0.0018
0.0011,0.0031
0.0112,0.0041
0.0015,0.0028
7e-04,9e-04
0.0092,0.0031
0.0181,0.005
0.007,0.0039
0.0081,0.003
0.0049,0.0046
0.0021,0.0028
0.0061,0.003
0.135,0.083
0.176,0.059
0.188,0.059
0.142,0.037
9.937,4.36
0.599,0.201
10.06,5.634
8.857,4.709
0.471,0.214
0.594,0.186
1.62,0.69
0.03,0.008
1.41,0.6
1.18,0.45
0.37,0.15
0.35,0.13
0.28,0.1
0.0016,0.004
0.7,0.9
0.87,0.89
0.041,0.01
1.34,0.44
0.3,0.1
0.0036,0.007
0.704,0.891
1.893,0.664
0.317,0.085
0.093,0.038
0.496,0.094
0.404,0.076
0.01,0.106
0.491,0.097
0.357,0.063
0.056,0.044
0.007,0.086
0.53,0.116
0.705,0.12
2.177,0.22
1.899,0.214
0.517,0.059
0.37,0.056
0.561,0.078
0.604,0.093
0.341,0.091
0.075,0.041
0.1,0.054
0.13,0.06
0.075,0.024
0.069,0.025
0.12,0.032
0.08,0.025
0.076,0.026
