98.592,72.412
124.907,36.827
91.604,25.373
2.15,0.81
58.551,46.795
0.023,0.0043
94.118,78.483
2.1,1.06
130.03,64.278
1.03,0.37
2.22,0.83
2.09,1.03
8.126,3.8
0.0772,0.0542
0.319,0.238
0.339,0.166
0.405,0.165
0.0921,0.0482
0.316,0.217
0.126,0.0477
0.335,0.18
0.145,0.0607
0.4,0.153
3951.4,1414.1
0.28,0.092
0.687,0.078
0.71,0.072
1.21,0.128
1299,1247.4
0.902,0.171
5078.5,2265.4
0.28,0.091
7434.7,2768.5
0.1907,0.0323
5.562,1.141
0.123,0.047
0.189,0.042
0.095,0.056
0.14,0.081
4.85,1.39
0.055,0.048
0.186,0.198
0.024,0.061
4.72,1.26
0.156,0.046
0.192,0.038
0.128,0.074
0.008,0.044
0.772,0.174
0.114,0.057
0.71,0.116
0.015,0.063
0.121,0.055
2.12,1.27
0.108,0.052
0.363,0.163
0.918,0.176
0.14,0.042
0.158,0.046
5.721,1.644
2.68,0.93
0.499,0.051
1.09,2.109
0.113,0.064
0.315,0.038
0.353,0.059
0.001,0.043
0.099,0.053
0.192,0.04
0.181,1.883
0.005,1.441
0.036,0.042
0.094,0.057
0.524,0.966
0.109,0.05
0.948,1.128
0.107,0.056
0.108,0.085
1.809,1.939
1.691,0.954
0.12,0.057
0.065,0.049
0.125,0.055
0.153,0.067
0.141,0.069
0.174,0.04
0.134,0.062
7.222,1.322
0.015,1.439
0.079,0.069
0.147,1.725
0.198,0.096
7.833,1.405
0.03,1.404
6.74,1.031
0.136,0.039
0.004,0.077
0.171,0.106
0.094,0.037
0.047,0.064
8.65,1.43
6.299,1.362
0.153,0.067
0.019,0.121
0.135,0.073
0.108,0.096
0.148,0.076
0.099,0.085
0.191,0.044
0.18,0.167
0.126,0.054
0.17,0.061
0.021,0.041
0.113,0.125
0.097,0.059
0.016,0.072
0.104,0.063
0.091,0.209
0.232,0.218
0.089,9.24
0.02,0.042
0.095,0.04
0.269,0.206
0.279,0.193
0.174,0.038
0.179,0.107
0.114,0.101
0.105,0.049
0.208,0.124
7.892,1.363
0.105,0.062
0.293,0.193
9.525,103.351
0.209,0.127
0.016,0.056
0.239,0.065
0.102,0.049
1.759,3.185
0.471,1.349
0.012,0.161
0.095,0.099
0.281,0.144
0.508,0.663
0.237,0.042
0.072,0.078
0.142,0.138
0.376,3.037
0.021,0.042
0.172,0.039
7.435,5.267
0.349,5.449
0.408,0.519
0.263,1.494
5.635,1.136
1.652,3.07
0.253,0.077
277.36,162.431
5.607,3.849
0.061,0.155
0.177,0.125
0.06,0.061
3.193,2.096
0.024,0.06
0.987,0.196
4.635,1.347
4.102,1.096
0.82,0.175
1.26,0.45
0.749,0.252
0.632,0.336
0.616,0.324
0.84,0.39
0.9,0.37
0.543,0.237
0.701,0.314
0.84,0.39
0.688,0.242
2.368,0.942
1.487,0.375
0.17,0.046
1.487,0.375
1.81,0.308
1.606,0.817
0.8,0.229
2.512,0.784
2.413,1.075
1.29,0.46
0.328,0.689
0.91,0.146
2.422,0.993
1.29,0.46
3.782,2.063
2.368,0.942
0.14,1.38
0.243,1.049
1.399,0.329
0.017,0.059
0.002,0.06
0.13,0.043
0.105,0.047
2.6,1.23
0.389,0.143
0.275,0.111
0.216,0.133
0.144,0.138
0.222,0.09
0.394,0.135
0.31,0.103
0.563,0.127
0.247,0.092
0.353,0.147
0.395,0.111
2.6,1.23
0.223,0.186
0.342,0.141
0.305,0.119
0.178,0.179
0.567,0.134
0.0098,0.0042
0.82,0.49
0.0112,0.0041
0.82,0.49
0.0066,0.0037
0.0046,0.0042
0.0026,0.0051
0.0049,0.0046
0.0142,0.0048
0.006,0.0037
0.007,0.0039
2.77,2.47
3.96,1.43
2.97,1.57
5.5,1.41
4.21,1.62
4.4,1.82
3.12,1.21
1.87,1.41
3.23,1.37
3.24,1.81
1.35,1.25
4.37,1.29
3.06,1.21
3.71,1.39
3.64,1.21
3.98,1.55
1.84,0.41
3.07,1.43
0.84,0.41
19.32,11.11
16.71,9.35
29.52,23.65
11.82,5.96
25.37,16.71
30.73,35.63
0.68,0.52
0.088,0.052
0.145,0.084
0.15,0.042
0.103,0.041
0.022,0.041
0.568,0.205
0.1,0.04
0.101,0.172
0.279,0.104
0.123,0.051
0.091,0.039
0.037,0.073
1.137,0.274
0.012,0.113
0.076,0.042
0.042,0.038
0.045,0.037
0.042,0.045
0.121,0.129
0.107,0.076
0.322,0.183
0.526,0.165
0,0.104
0.504,0.309
0.13,0.092
0.29,0.108
0.113,0.043
0.022,0.124
0.032,0.077
0.111,0.04
0.116,0.077
0.162,0.044
0.329,0.093
0.048,0.041
0.09,0.052
0.086,0.067
0.201,0.058
0.109,0.042
0.045,0.081
0.256,0.163
4.209,1.102
0.023,0.047
0.091,0.065
0.15,0.049
0.086,0.203
0.305,0.106
2.864,1.425
0.352,0.172
0.637,0.124
0.632,0.117
0.37,0.104
0.392,0.099
3.184,1.399
0.556,0.334
0.401,0.199
0.26,0.131
0.243,0.183
0.273,0.103
0.178,0.093
0.235,0.104
0.274,0.13
0.08,0.045
0.045,0.088
0.081,0.079
0.088,0.037
0.0152,0.079
0.035,0.041
0.083,0.071
0.413,0.091
0.263,0.095
0.03,0.076
0.003,0.062
0.331,0.089
0.064,0.044
0.058,0.104
1.58,0.72
0.266,0.0347
0.035,0.047
0.84,0.51
0.00682,0.00119
0.153,0.049
0.00792,0.00119
0.216,0.047
0.096,0.041
0.16,0.045
0.67,0.54
0.305,0.0351
0.107,0.047
1.05,0.53
0.00961,0.00121
0.156,0.045
0.719,0.235
0.306,0.164
0.557,0.081
0.23,0.069
3.72,1.647
1.39,0.82
0.643,0.335
5.381,1.946
0.139,0.054
1.661,0.582
1.88,1
1.83,1.01
0.769,0.341
0.0171,0.325
0.05,0.059
0.248,0.075
0.34,0.127
0.09,0.61
0.791,0.267
0.273,0.141
1.6,0.81
0.7,0.6
0.088,0.049
0.553,0.084
0.005,0.054
0.0143,1.199
0.274,0.329
0.026,0.063
0.041,0.043
0.019,0.049
0.011,0.061
0.69,0.58
0.043,0.053
0.881,0.726
0.11,0.064
0.099,0.054
0.044,0.059
1.11,0.76
0.023,0.047
0.011,0.052
0.09,0.064
0.05,0.048
0.927,0.735
0.088,0.056
0.127,0.068
0.005,0.049
0.138,0.055
3.603,1.914
0.015,0.049
0.033,0.053
0.163,0.695
0.736,1.018
0.042,0.053
0.0603,1.232
0.077,0.057
0.004,0.051
1.056,0.573
0.579,0.216
0.008,0.047
0.009,0.066
0.01,0.046
0.099,0.205
0.085,0.057
0.003,0.054
0.37,0.122
2.037,0.899
1.22,0.73
0.085,0.056
0.089,0.047
0.055,0.053
0.011,0.047
0.046,0.051
1.27,0.75
0.085,0.055
0.007,0.053
0.117,0.051
0.022,0.061
0.654,0.179
0.012,0.051
0.127,0.062
0.087,0.052
0.556,0.259
0.151,0.088
1.73,1.13
0.149,0.317
0.0352,0.00938
0.431,0.471
0.00999,0.0157
0.027,0.0144
0.0143,0.0104
0.89,0.38
0.931,0.516
0.323,0.165
24.263,9.944
18.2,5.8
8.663,4.008
0.09,0.47
6.281,2.866
0.387,0.212
274,278
1.6,0.77
0.09,0.038
11989,7204
2.41,1.11
0.76,0.95
36.253,12.494
1.89,0.66
0.36,0.79
1.262,0.569
1.4,0.662
2.678,1.042
2.206,0.76
0.047,0.059
0.123,0.054
3.03,0.836
0.087,0.047
1.74,0.811
0.05,0.051
0.019,0.059
0.244,0.078
0.077,0.074
0.148,0.068
0.098,0.038
0.084,0.094
0.062,0.067
0.797,0.294
0.519,0.179
0.0916,0.265
0.0151,0.0129
0.000658,0.00933
0.0916,0.265
0.0359,0.0109
0.175,0.0546
0.0151,0.0129
0.000658,0.00933
0.0165,0.0099
0.0165,0.0099
0.175,0.0546
0.0359,0.0109
1,0.19182812
1,3.2786885
1,1.8621974
1,4.1666667
1,0.6514658
1,1.4992504
1,0.14218683
1,0.14365752
1,0.18964536
1,0.31948882
1,0.22563177
1,0.37907506
1,1.2195122
1,0.31989763
1,0.3617945
1,0.17507003
1,0.21213407
1,0.6377551
1,0.22426553
1,0.54466231
1,0.10249052
1,0.12468828
1,0.2543882
1,0.18027763
1,0.2119093
1,0.75987842
1,1.0893246
1,0.56721497
1,0.28538813
1,0.49776008
1,0.18063584
1,0.12459507
1,0.1325381
1,0.11462632
1,0.28216704
0.837,0.381
0.828,0.397
0.868,0.405
0.916,0.438
0.0184,0.0037
0.0181,0.0052
0.049,0.043
0.098,0.041
0.09,0.056
0.158,0.055
0.002,0.041
0.063,0.044
0.1,0.044
0.049,0.043
0.853,0.434
0.095,0.844
0.851,0.424
0.081,0.043
0.085,0.041
0.082,0.838
0.098,0.058
30.588,13.07
0.423,0.152
0.888,0.322
0.132,0.0837
0.694,0.244
0.219,0.0778
0.143,0.0598
0.218,0.247
0.475,0.185
0.729,0.244
0.102,0.0217484
0.438,0.142
0.583,0.216
0.446,0.136
0.041,0.02204301
0.364,0.111
0.391,0.169
0.964,0.262
0.735,0.241
3.769,0.966
6.199,1.931
3.166,1.102
4.94,1.201
8.83,2.34
0.494,0.135
0.555,0.215
4.144,1.924
0.0653,0.0282
0.1617,0.1064
0.0591,0.0269
0.197,0.464
0.1304,0.0886
0.253,0.0914
1.015,0.594
2.885,2.284
2.0579,0.6347
0.364,0.111
0.185,0.0886
0.0108,0.0121
0.00897,0.00637
0.0539,0.0168
0.0695,0.037
0.0261,0.0219
0.0307,0.0152
0.114,0.0562
0.0223,0.0121
0.101,0.0387
0.00181,0.0115
0.141,0.0604
0.0447,0.0146
0.14,0.0775
13.97,8.91
0.054,0.038
0.218,0.0911
9.29,1.37
0.408,0.168
0.14,0.0618
17.6,5.34
5.19,3.7
6.44,1.89
0.265,0.135
0.04,0.039
0.023,0.038
0.182,0.046
0.641,0.226
0.283,0.161
0.519,0.179
0.304,0.186
0.074,0.124
0.621,0.383
0.576,0.364
0.052,0.273
0.198,0.236
1.04,0.525
0.595,0.356
1.751,1.005
0.345,0.164
0.807,0.489
0.288,0.262
0.261,0.167
1.151,0.837
0.209,0.173
0.171,0.084
0.107,0.155
0.478,0.491
0.251,0.123
3.42,1.27
3.09,1.77
3.05,2.09
2.79,1.84
40.12,29.22
23.76,12.19
28.27,14.09
3.77,2.44
10,2.88
36.54,17.62
0.179,0.256
39.65,19.51
0.163,0.082
5.366,1.125
3.94,1.92
1.96,0.97
3.819,1.477
0.143,0.073
2.614,1.014
0.05,0.043
0.079,0.041
4.203,0.729
2.773,1.058
0.098,0.099
3.95,1.81
0.046,0.039
0.152,0.078
0.112,0.055
0.127,0.067
0.043,0.038
5.692,1.197
0.115,0.053
0.095,0.046
3.359,1.296
0.195,0.097
1.73,0.74
0.073,0.098
4.05,1.74
5.554,2.227
0.102,0.044
3.916,0.671
50.01,15.26
48.87,30.05
44.89,17.42
0.09,0.043
0.039,0.072
0.082,0.045
0.115,1.042
3.63,2.21
5.544,0.982
2.858,1.18
0.113,0.675
0.056,0.095
0.122,0.066
0.315,0.125
0.283,0.143
0.014,0.038
0.082,0.038
0.636,0.323
1.715,1.006
0.234,0.091
1.637,0.992
0.056,0.087
0.033,0.095
0.062,0.089
0.293,0.137
0.323,0.167
0.32,0.158
0.281,0.106
0.22,0.104
0.066,0.037
0.273,0.136
0.059,0.046
0.348,0.163
0.807,0.489
0.093,0.056
1.151,0.837
0.415,0.143
0.015,0.045
0.038,0.039
0.133,0.129
0.109,0.088
0.085,0.105
0.046,0.045
5.171,0.911
0.877,0.804
0.05,0.043
5.434,1.001
1.179,1.136
0.028,0.052
0.554,0.215
1.373,1.186
0.824,0.829
5.504,1.104
0.471,0.193
0.15,0.105
0.08,0.251
1.252,0.413
0.008,0.348
1.041,0.272
0.041,0.272
0.113,0.365
0.92,0.251
1.052,0.266
1.322,0.461
0.151,0.403
0.052,0.266
1.074,0.377
0.153,0.098
0.113,0.046
0.0969,0.0939
0.01,0.053
0.069,0.092
0.0435,0.209
0.079,0.042
0.109,0.038
0.147,0.145
0.267,0.038
0.249,0.148
0.632,0.318
0.152,0.185
0.347,0.041
0.206,0.226
0.083,0.567
0.022,0.066
0.125,0.124
26.2,11.5
15.2,10.4
2.306,0.532
0.62,0.298
0.452,0.149
1.071,0.482
1.261,0.687
1.189,0.408
0.995,0.194
1.246,0.233
0.0291,0.222
0.563,0.156
1.692,1.017
2.663,4.465
0.513,0.862
0.132,0.111
0.773,0.222
1.423,0.526
0.753,0.137
0.404,0.049
0.052,0.077
0.737,0.116
1.276,0.677
0.403,0.052
0.476,0.744
1.075,0.474
1.261,0.358
0.021,0.198
1.262,0.139
0.083,0.112
0.76,0.209
0.31,0.1
0.704,0.171
0.196,0.065
0.97,0.474
8.951,2.139
0.24,0.047
0.203,0.189
0.064,0.107
6.35,1.474
0.404,0.108
9.032,2.632
0.504,0.077
0.24,0.122
0.176,0.085
5.778,1.702
1.144,0.213
1.16,0.204
1.579,0.388
3.55,2.135
3.736,1.877
0.095,0.115
1.786,0.389
1.827,7.692
0.28,0.094
0.104,0.135
5.695,4.566
1.346,0.227
0.0043,0.000642
0.182,0.064
0.325,0.479
2.021,6.899
0.18,0.283
0.368,0.278
0.97,0.475
0.099,0.183
1.358,0.309
0.194,0.093
0.164,0.086
0.418,0.063
0.285,0.114
0.00498,0.000668
0.996,0.186
0.24,0.122
0.046,0.044
11.304,7.194
0.113,0.045
5,1.87
0.008,0.087
3.64,1.55
0.206,0.341
2.879,0.703
0.321,0.104
0.83,0.175
0.031,0.159
0.254,0.104
4.31,1.77
0.092,0.046
0.175,0.069
0.28,0.387
0.761,0.118
1.216,0.165
0.58,0.146
0.421,0.0987
0.959,2.366
0.731,0.526
0.162,0.078
0.206,0.098
0.295,0.155
0.864,0.268
1.198,0.164
1.508,0.254
5.717,3.962
1.319,0.326
0.901,0.251
0.135,0.058
0.33,0.109
0.197,0.392
0.696,0.152
1.723,0.561
1.039,0.265
0.873,0.186
0.125,0.056
0.059,0.354
4.68,0.89
0.00459,0.00073
0.08,0.122
3.348,1.809
0.597,0.377
0.00527,0.000746
0.41,0.273
0.051,0.044
0.208,0.259
3.725,2.085
0.017,0.105
0.289,0.075
1.84,0.793
0.0039,0.000604
0.4,0.064
0.627,0.329
0.107,0.043
0.14,0.115
0.11,0.352
1.305,0.476
1.11,0.532
1.201,1.054
0.32,0.903
0.23,0.107
0.977,0.537
2.22,0.902
1.93,0.42
6.35,3.196
0.05,0.109
0.195,0.099
1.272,0.792
6.35,3.196
1.802,1.738
0.069,0.038
6.399,3.322
1.626,2.025
13.293,5.132
26.465,8.648
24.101,6.614
8.343,4.144
0.769,0.209
0.868,0.097
8.784,4.344
7.103,3.223
1.026,0.308
13.676,4.588
0.71,0.199
0.108,0.063
1.104,0.351
0.968,0.107
5.659,2.395
0.084,0.046
0.1477,0.0325
13.44,3.91
1.68e-05,1.14e-05
4e-07,5.69e-07
28.3848,9.4874
9.28,4
0.187,0.164
8.56,2.51
2.27e-05,1.42e-05
2.41e-05,1.78e-05
6e-07,6.11e-07
14.32,4.31
8.5,2.81
2.42,0.745
4.09e-05,1.86e-05
5.84,2.78
7.55,2.57
1.23,0.47
2.293,2.0695
0.168,0.165
3.104,0.756
0.1524,0.0277
27.06,8.2
10.26,3.84
3.88,2.68
0.0706,0.0187
18.16,5.55
9.94,3.73
0.005,0.223
1.02e-06,5.51e-07
5.7e-07,6.62e-07
3.1591,10.1428
183.9049,52.9436
2.42,0.578
0.16,0.041
0.299,0.056
0.282,0.128
7.375,1.847
6.917,2.049
8.382,1.165
7.948,1.593
7.225,2.196
5.868,13.109
6.917,2.049
5.904,4.43
7.77,2.532
5.902,4.444
7.765,3.215
7.77,2.528
0.236,0.073
0.222,0.101
0.0634,0.0325
0.0126,0.0273
0.0014,0.0114
0.03,0.0273
0.0105,0.0112
0.0029,0.0316
0.019,0.0176
0.0286,0.0178
344,206
0.0047,0.0108
121,63
0.0032,0.0113
0.0085,0.0151
0.0171,0.0339
0.0109,0.0114
0.192,0.5998
0.0132,0.0146
0.0241,0.0346
6.2988,1.9753
0.0184,0.0362
0.0141,0.0173
0.0345,0.0253
0.0075,0.0112
0.9263,2.4904
0.0023,0.0172
0.0326,0.0177
0.0312,0.0155
0.0698,0.047
0.0292,0.0387
0.2508,1.29047
0.063,0.063
0.824,0.404
0.917,0.514
2.127,0.873
0.222,0.117
0.347,0.095
0.64,0.158163265306122
0.39,0.127551020408163
0.08,0.173469387755102
0.48,0.122448979591837
0.66,0.219387755102041
0.71,0.214285714285714
0.47,0.147959183673469
0.75,0.229591836734694
0.51,0.352040816326531
0.04,0.188775510204082
0.44,0.255102040816327
0.13,0.107142857142857
0.09,0.224489795918367
0.71,0.209183673469388
0.56,0.224489795918367
0.09,0.193877551020408
0.1,0.280612244897959
0.65,0.214285714285714
0.2913,0.0306
0.0202,0.0134
0.41,0.196
0.413,0.198
1.158,0.489
0.108,0.044
0.125,0.043
0.26,0.073
0.234,0.076
0.149,0.041
0.142,0.044
0.097,0.052
0.215,0.069
0.115,0.243
0.133,0.043
0.097,0.039
0.003,0.037
0.175,0.0763
0.146,0.0462
0.144,0.0516
0.135,0.0703
0.178,0.0619
0.106,0.0454
2.529,1.148
2.037,0.637
2.41,1.164
2.786,1.204
1.196,1.592
1.457,1.24
1.336,1.626
1.65,0.636
2.142,1.172
1.751,0.904
2.246,1.182
2.41,1.164
0.115,0.627
4.809,1.531
0.537,0.267
0.018,0.088
8.287,3.157
9.219,3.353
10.117,3.682
0.031,0.091
8.917,3.548
7.599,3.301
8.907,3.443
0.083,0.091
0.557,0.155
0.152,0.196
0.697,0.131
0.741,0.162
0.344,0.197
0.639,0.143
0.304,0.167
0.846,0.145
0.383,0.196
0.235,0.201
0.825,0.129
0.786,0.131
2.089,1.441
3.567,1.443
2.339,1.083
1.5,1.141
2.252,1.863
2.864,1.144
0.95,1.885
0.177,0.077
0.134,0.084
0.07,0.104
0.167,0.055
0.288,0.079
0.232,0.112
1.399,0.592
0.047,0.137
0.163,0.043
0.146,0.055
0.027,0.045
0.128,0.833
0.089,0.045
0.008,0.768
0.154,0.364
0.027,0.057
0.1332,0.0236
0.1181,0.0208
0.169,0.0305
0.173,0.0287
0.1316,0.0147
0.064,0.0144
0.0507,0.0213
0.1291,0.0196
0.355,0.08372642
0.169,0.03112339
0.394,0.07419962
0.258,0.0585034
0.299,0.05236427
0.178,0.03852814
0.321,0.08991597
0.37,0.10136986
0.204,0.03013294
0.373,0.14570312
0.18,0.06081081
0.232,0.04566929
0.237,0.07053571
0.328,0.06271511
0.246,0.0314578
0.288,0.06063158
1.019,0.15462822
0.259,0.10318725
0.46,0.10176991
2.94,1.219917
1.126,0.51651376
1.251,0.51694215
0.993,0.49899497
0.005,0.00454545
0.005,0.00274725
1.003,0.5040201
4.48,1.8902954
2.128,0.68645161
1.076,0.54619289
1.366,0.62949309
3.61,0.96782842
1.864,0.80344828
5.65,1.3814181
0.22,0.03542673
0.464,0.05918367
0.131,0.04381271
0.024,0.02424242
0.287,0.02974093
0.285,0.05125899
2.588,0.3235
0.023,0.02323232
0.316,0.11285714
0.253,0.10675105
0.017,0.56666667
0.104,0.06419753
0.0152,0.02666667
0.088,0.088
0.14,0.08588957
0.2,0.07633588
0.381,0.08682771
0.268,0.08195719
0.171,0.10118343
0.203,0.15984252
0.136,0.08831169
0.123,0.06059113
0.215,0.06329114
0.295,0.08676471
0.0248,0.0199
0.104,0.02011605
0.0163,0.0484
0.0236,0.048
0.0257,0.0108
1.34,0.44
0.0271,0.0298
0.0317,0.0103
0.0382,0.0204
0.0103,0.0294
0.0509,0.0574
0.043,0.00928726
0.00273,0.0215
0.0728,0.0202
0.0456,0.0218
0.045,0.0152027
0.21,0.03839122
0.0398,0.0286
0.00136,0.0508
0.273,0.05311284
0.0251,0.0143
0.083,0.01255673
0.011,0.00789
1.18,0.45
0.87,0.89
0.0296,0.056
0.117,0.0409
2.071,0.463
0.063,0.08873239
1.62,0.69
2.81,6.5348837
0.031,0.02384615
0.208,0.0595
0.33,4.2307692
0.03,0.01428571
0.019,0.0088785
0.016,0.00909091
3.52,0.76355748
0.017,0.01504425
0.274,0.067
5.35,2.326087
0.111,0.05842105
4.861,0.958
0.33,0.187
0.054,0.02317597
0.026,0.01538462
0.089,0.03647541
0.0573,0.267
0.057,0.01775701
0.841,0.4102439
0.325,0.05632582
0.592,0.296
0.022,0.01032864
1.17,0.26
0.668,0.3009009
0.211,0.19719626
1.474,0.40163488
0.108,0.06067416
0.064,0.0314
0.035,0.054
8.857,4.709
0.594,0.186
0.599,0.201
10.06,5.634
0.471,0.214
9.937,4.36
0.105,0.045
0.026,0.074
0.007,0.053
0.097,0.056
0.073,0.078
0.073,0.092
0.034,0.037
0.014,0.043
1.06,0.65
0.428,0.168
0.558,0.295
0.839,0.412
7.748,1.978
7.585,1.986
4.155,1.168
0.9,0.217
238.6,241.3
2.076,0.993
0.441,0.117
0.982,0.49
3.536,1.018
0.459,0.429
26.71,13.73
0.091,0.328
108.1,63.08
3.897,1.101
2.489,1.219
0.51,0.277
0.668,0.197
0.0122,0.0108
0.703,0.265
0.0142,0.00848
0.502,2.5846362
0.994,0.32165867
0.017,0.00539
0.919,0.29738865
0.989,0.32004066
0.904,0.32899269
0.00789,0.0104
0.0219,0.0109
1.081,0.3934083
0.967,0.31292146
0.396,0.207
0.385,0.36993197
0.435,0.50390961
0.666,0.37277231
0.861,0.44309868
0.3867,0.197
0.00221,0.00399
0.0161,0.00754
0.2126,0.078
1.9256,0.455
0.00673,0.00725
0.392,0.3925589
0.00648,0.00464
0.439,0.54204496
1.5389,0.404
0.026,0.037
0.3853,0.196
0.868,0.42264173
0.62,0.35880993
0.00525,0.00581
0.000646,0.00594
0.99,1.07
1.032,0.37557573
0.232,0.0887
1.08,0.76
168.325,83.202
1.61,0.43
1.42,2.01
1.318,0.59203712
0.6407,0.136
0.374,0.135
1.16,0.57
0.6387,0.135
1.42,0.56525415
0.236,0.0848
0.722,0.31987535
0.904,0.29253464
2.5741,0.373
0.716,0.30777856
1.365,0.57701621
0.226,0.0814
0.42,1.02
0.758,0.49016022
0.00959,0.00769
0.4599,0.083
0.296,0.161
0.49,1.32
0.498,0.121
1.09,0.55
1.307,0.97034859
1.18,0.52
3.2148,0.438
0.636,0.38893516
0.0147,0.0067
0.282,0.0768
0.26,0.145
0.216,0.115
0.0251,0.00805
2e-04,0.074
0.07,0.082
0.122,0.103
0.33,0.116
0.118,0.076
0.233,0.127
0.046,0.069
0.188,0.148
0.089,0.044
0.00971,0.00477
0.126,0.054
0.134,0.084
0.039,0.117
0.067,0.091
0.075,0.048
0.000767,0.00562
0.049,0.111
0.144,0.061
0.016,0.077
0.0288,0.0151
69403,50468
8.003,3.485
2.076,0.993
59221,58779
4.717,2.569
18360,53453
8.486,3.279
65.6077,42.471
75.1359,60.766
0.068,0.046
0.617,0.222
0.07,0.047
0.54,0.237
0.507,0.058
97.3147,117.164
141.6735,115.038
0.488,0.194
0.711,0.205
0.101,0.045
0.089,0.051
0.422,0.178
54.0848,33.402
0.101,0.045
0.039,0.052
0.068,0.046
0.54,0.237
89.1479,48.203
14.9728,36.417
0.07,0.047
0.717,0.226
0.483,0.049
0.055,0.049
0.502,0.053
150.1284,49.136
64.5288,36.37
0.308,0.037
140.0032,146.221
0.479,0.187
154.2284,117.486
107.1296,127.084
0.347,0.166
36.916,27.684
3.6364,20.485
0.479,0.187
0.488,0.194
1.9305,27.132
0.323,0.145
2.5098,26.898
0.423,0.198
76.4374,60.799
36.9936,28.019
58.9766,58.852
0.388,0.054
185.8348,77.161
5.5805,20.454
146.5227,49.681
0.054,0.051
0.478,0.049
202.5769,134.68
55.2324,99.761
0.081,0.059
187.8086,62.396
0.717,0.226
77.7434,83.438
2.0413,27.341
0.304,0.049
0.314,0.043
96.082,91.52
59.3251,82.347
0.711,0.205
0.055,0.049
0.039,0.052
25.6443,141.976
0.363,0.064
106.1626,73.284
66.5632,42.251
97.5054,71.899
102.7859,128.53
0.054,0.051
40.3344,26.535
0.089,0.051
0.496,0.053
0.422,0.178
0.423,0.198
88.9058,55.164
0.504,0.055
0.617,0.222
0.06,0.172
0.127,0.118
0.5206,0.481
0.08,0.076
0.037,0.165
0.233,0.152
0.028,0.198
1.44,0.93
0.069,0.064
0.161,0.138
0.035,0.159
0.2414,0.164
0.172,0.124
0.2348,0.382
0.122,0.091
0.038,0.116
0.073,0.108
0.005,0.062
0.011,0.117
0.051,0.065
0.2597,0.253
0.009,0.103
0.011,0.061
0.5042,0.265
0.0194,0.057
0.013,0.041
0.0365,0.188
0.029,0.038
0.031,0.038
0.2701,0.154
0.0082,0.055
0.069,0.064
0.026,0.062
0.032,0.051
0.137,0.141
0.051,0.116
0.054,0.096
0.114,0.087
0.009,0.072
0.0367,0.083
0.1365,0.146
0.3075,0.347
1.88,0.89
1.44,0.81
0.041,0.099
0.081,0.153
0.132,0.113
0.1875,0.402
0.2187,0.192
0.149,0.111
0.056,0.073
0.051,0.125
0.042,0.057
0.2832,0.162
0.094,0.103
0.142,0.166
0.2189,0.204
0.054,0.096
0.017,0.044
0.145,0.135
0.4126,0.215
0.0616,0.182
0.041,0.099
0.011,0.061
0.056,0.197
0.051,0.125
0.013,0.041
0.0276,0.063
0.072,0.074
0.2931,0.165
0.0495,0.184
0.053,0.052
0.022,0.089
0.013,0.045
0.4236,0.217
0.03,0.201
0.273,0.264
0.061,0.097
0.133,0.149
0.011,0.122
0.1342,0.105
0.906,0.096
1.6,0.72
0.1289,0.275
0.006,0.067
0.094,0.088
0.096,0.109
0.2104,0.386
0.016,0.216
0.3125,0.213
0.032,0.051
0.12,0.213
0.2401,0.206
0.0234,0.202
0.048,0.107
0.129,0.071
0.612,0.283
0.541,0.272
0.652,0.318
1.019,0.503
0.93,0.442
1.106,0.482
0.578,0.318
0.489,0.268
0.467,0.279
0.411,0.145
0.091,0.069
1.259,0.405
0.594,0.181
0.078,0.067
1.408,0.331
0.726,0.442
0.042,0.065
0.902,0.183
0.263,0.227
32.245,17.815
3.095,0.81
1.336,0.192
0.044,0.085
0.468,0.296
0.684,0.266
0.145,0.057
1.259,0.405
0.127,0.041
0.512,0.096
0.007,0.129
0.215,0.086
0.137,0.12
0.146,0.039
0.712,0.141
0.179,0.128
0.145,0.057
0.075,0.049
3.217,0.804
0.077,0.103
0.192,0.107
2.812,1.316
0.179,0.128
0.494,1.297
1.317,0.405
0.183,0.108
0.131,0.115
5.76,4.05
0.157,0.061
0.038,0.05
4.28,1.45
7.23,3.52
0.222,0.059
0.166,0.145
5.64,1.95
6.65,4.53
3.32,2.99
6.64,5.08
6.04,2.75
3.22,1.67
0.163,0.055
5.7,3.51
0.824,0.152
0.214,0.052
0.006,0.043
7.18,2.61
11.35,8.63
0.565,0.109
8.03,3.303
1.16,1.24
12.78,4.99
0.263,0.1
7.94,5.38
5.03,3.42
3.78,1.75
0.01,0.153
7.58,3.78
7,2.98
4.13,1.34
10.95,4.34
9.38,4.37
4.1,1.86
0.805,0.083
3.48,5.07
0.172,0.044
4.95,2.09
3.46,2.08
0.622,0.067
2.55,1.08
2.72,4.68
0.131,0.105
0.388,0.138
0.005,0.039
0.007,0.129
0.067,0.096
0.145,0.057
0.137,0.12
0.325,0.046
0.14,0.044
0.006,0.043
0.061,0.101
1.052,0.381
3.74,1.22
0.233,0.598
1.88,0.67
0.351,0.557
0.038,0.167
1.074,1.32
0.31,0.105
26.59,6.4382567
16.405,3.6134361
91.829,20.406444
0.086,0.02828947
0.006,0.00171429
0.003,0.00096154
0.002,0.00058997
0.0496,0.01540373
0.173,0.0502907
1.704,0.45818565
0.117,0.04411649
0.474,0.12745305
3.624,0.97445118
7.545,2.0287622
0.975,0.26216609
1.85,0.49
7.96,53.18
1.45,0.65
3.2,3.35
1.57,0.72
2.3,0.38
0.144,0.259183673469388
0.254,0.145918367346939
0.467,0.222448979591837
0.435,0.211224489795918
0.418,0.076
0.333,0.101530612244898
0.215,0.117
0.072,0.045
0.112,0.054
1586,320
2465,738
1902,546
0.135,0.092
0.217,0.189
2333,1000
1228,299
1.9884,0.4258
4.0966,2.3567
0.7097,0.2749
4.9649,2.0914
0.9233,0.3505
0.6278,0.2505
0.3833,0.1785
0.062,0.065
2.797,1.3113
0.067,0.058
0.01,0.047
2.1679,1.3839
0.016,0.048
0.3264,0.1704
0.066,0.038
0.2955,0.1959
0.524,0.076
25.0209,5.9217
0.473,0.063
10.3401,3.5911
0.504,0.067
0.0147,0.2361
0.1353,0.1122
0.537,0.118
0.742,2.191
0.6381,0.6156
0.3363,0.4172
0.8929,0.3508
1.1092,0.2516
0.167,0.038
0.148,0.038
0.115,0.104
0.13,0.116
0.121,0.116
0.167,0.089
0.171,0.094
0.129,0.106
0.005,0.053
0.467,0.106
0.000612,0.00108
0.0191,0.106
0.00442,0.00385
0.000706,0.00105
0.054,0.056
0.619,0.266
0.0152,0.0702
0.027,0.046
0.467,0.106
0.000958,0.000928
0.398,0.236
0.00102,0.00286
0.005,0.053
0.054,0.056
5.614,2.352
0.323,0.086
0.468,0.211
0.5,0.209
0.279,0.087
0.345,0.122
0.473,0.213
0.428,0.178
0.327,0.161
0.287,0.129
0.488,0.197
0.553,0.211
0.487,0.205
0.562,0.206
0.6,0.272
0.499,0.211
0.491,0.205
0.487,0.192
0.488,0.205
0.5,0.178
0.171,0.198
0.215,0.243
0.126,0.215
0.017,0.204
0.012,0.197
0.072,0.212
0.097,0.223
0.024,0.211
0.014,0.187
0.195,0.216
0.227,0.204
0.262,0.178
9.19,3.3418182
11.07,2.5684455
1.88,2.1609195
6.95,2.3720137
0.087,0.059
0.066,0.068
0.167,0.067
0.123,0.051
0.1,0.05
0.187,0.068
0.048,0.08
0.063,0.071
0.135,0.076
0.024,0.07
0.035,0.053
0.365,0.111
0.14,0.084
0.026,0.073
0.345,0.104
0.914,0.253
1.682,1.235
0.172,0.145
2.676,1.982
4.434,2.126
0.914,0.53
2469,1322
0.527,0.176
2.983,2.238
2863,1275
4.021,1.823
0.729,0.421
2982,1129
1.04,0.385
2.149,0.657
1160,374.4
1.244,0.518
2530,1213
0.731,0.447
2.484,1.566
0.787,0.221
0.764,0.172
0.612,0.203
1.095,0.425
0.541,0.623
1.226,0.471
2.603,1.302
0.558,0.178
1.457,0.482
1.829,0.458
0.749,0.573
2.166,1.515
0.514,1.06
0.213,0.262
1.345,0.554
0.637,0.503
0.679,1.179
0.239,0.267
0.179,0.114
2.25,1.066
0.194,0.116
0.584,0.534
1.296,0.523
2.379,1.174
6e-04,0.0072
0.0042,0.0095
0.0029,0.0057
0.0245,0.0133
0.0055,0.0086
0.009,0.0149
0.0432,0.0202
0.009,0.0092
0.007,0.0119
0.0012,0.00635
0.003,0.0058
0.0121,0.0179
0.0095,0.0123
0.0011,0.0124
1e-04,0.0056
0.0061,0.0149
0.0074,0.0115
0.0064,0.107
0.0014,0.0129
0.004,0.0071
0.0264,0.0399
0.0041,0.0395
0.0302,0.0429
0.0201,0.0291
0.0133,0.0279
0.0038,0.0232
0.1258,0.0403
0.0072,0.0266
0.62,0.632
0.199,0.065
0.0456,0.0416
0.0935,0.0734
0.1102,0.0559
0.4549,0.3327
0.097,0.0333
6.244,2.793
7.466,2.25
0.144,0.0336
0.444,0.3326
0.0122,0.0283
6.265,2.09
7.401,3.06
4.343,1.875
5.16,2.291
0.0248,0.0055
0.0259,0.0285
0.138,0.0405
0.1121,0.0321
0.1624,0.0421
0.0092,0.0393
0.5304,0.3427
3.128,1.647
0.0633,0.0267
6.673,3.067
0.0884,0.0307
0.1601,0.0391
0.0281,0.0246
0.029,0.0058
0.1372,0.0404
0.0215,0.0166
0.2489,0.0547
0.0203,0.0051
0.1161,0.0358
8.713,2.814
0.0069,0.0396
0.1664,0.0366
0.0802,0.0438
0.0107,0.0041
0.0732,0.0421
0.0285,0.0072
0.0096,0.0394
0.0245,0.0071
0.248,0.0547
0.1482,0.0372
0.0234,0.0287
0.116,0.2741
4.206,2.026
10.02,2.772
0.2443,0.0542
0.5792,0.2697
0.32877,0.3065
0.0104,0.0162
0.0786,0.0432
0.0038,0.0164
0.0246,0.0068
5.135,2.017
0.0158,0.0043
0.154,0.121
0.0405,0.0385
0.079,0.085
0.1847,0.0452
0.1152,0.0272
0.21,0.232
0.1256,0.0418
0.0601,0.0259
0.1126,0.0472
0.036,0.056
0.1974,0.0503
0.0501,0.0256
0.002,0.071
0.038,0.071
0.2213,0.0517
0.0608,0.0397
0.101,0.111
0.07,0.096
0.1087,0.0516
0.1175,0.0523
0.0714,0.0357
0.152,0.0348
0.0302,0.0223
0.0309,0.0369
0.0996,0.047
0.1707,0.0343
0.247,0.214
0.05,0.115
0.30703,0.0431
0.0856,0.0489
0.0713,0.0333
0.0623,0.0451
0.0235,0.0315
0.0161,0.0276
0.0613,0.0449
0.0518,0.0416
0.0224,0.0264
0.1068,0.0482
0.0263,0.0306
0.0179,0.0258
0.0858,0.0439
0.0495,0.0277
0.1299,0.0475
0.0684,0.0286
0.0994,0.0346
0.0813,0.0359
0.0767,0.0487
0.0559,0.0289
0.0633,0.0471
0.0681,0.0327
0.1042,0.0461
0.0321,0.0317
0.0459,0.0484
0.0255,0.0378
0.0048,0.0391
0.0091,0.0383
0.1058,0.0465
0.07483,0.0488
0.0461,0.0485
0.0593,0.0492
0.0576,0.0491
0.0576,0.0308
0.086,0.0311
0.0531,0.0418
0.0407,0.0297
0.0777,0.0371
0.0199,0.0311
0.384,0.17
0.342,0.131
0.319,0.117
0.183,0.099
0.091,0.039
0.146,0.076
0.154,0.081
0.287,0.102
0.273,0.093
0.345,0.149
0.411,0.187
0.329,0.137
0.171,0.091
0.114,0.049
0.106,0.046
0.371,0.204
0.321,0.172
0.299,0.168
0.058,0.131
0.275,0.139
0.755,0.302
0.083,0.193
0.87,0.373
0.645,0.244
0.404,0.221
0.246,0.145
0.071,0.1632
0.531,0.195
0.226,0.112
0.096,0.224
0.35,0.185
0.236,0.185
0.547,0.212
0.701,0.185
0.853,0.191
0.523,0.213
0.845,0.175
0.266,0.191
0.592,0.214
0.46,0.215
0.438,0.205
0.735,0.196
1.01,0.182
0.777,0.204
0.429,0.196
0.285,0.185
0.479,0.209
0.283,0.192
0.276,0.194
0.39,0.198
0.918,0.178
0.764,0.198
0.245,0.189
0.792,0.195
0.284,0.194
1.01,0.189
0.286,0.187
0.28,0.205
0.479,0.208
0.267,0.195
2.646,0.611
0.703,0.304
0.257,0.074
0.257,0.074
0.244,0.074
0.239,0.057
0.238,0.058
0.239,0.057
0.238,0.058
0.244,0.074
0.215,0.059
0.287,0.064
0.287,0.064
0.731,0.168
0.731,0.168
0.215,0.059
1.94,1.9
1.18,1.9
0.32,0.9
0.95,1.5
0.293,0.084
0.293,0.084
0.339,0.079
0.339,0.079
0.13,1
0.22,36.1
0.28,2.4
0.04,0.3
0.17,0.6
0.02,0.01
0.39,1.8
0.11,1.4
0.0519,0.0198
1.61,0.96
0.008,0.085
0.103,0.051
0.00968,0.00449
0.058,0.096
0.006,0.115
0.0215,0.00976
0.084,0.104
0.033,0.0146
0.104,0.056
0.0514,0.0204
1.661,0.434
0.0332,0.0148
0.0224,0.0106
0.00944,0.00163
1.352,0.491
2.87,0.663
6.001,2.447
0.707,0.444
1.66e-05,2.56e-05
3.04e-06,4.98e-06
2.85e-06,7.96e-06
4.844,16.86
1.157,0.439
0.277,0.69
23.18,10.82
5.54e-06,2.81e-05
0.214,0.241
5.041,2.117
1.893,0.664
0.066,0.038
0.095,0.061
0.0343,0.0409
0.357,0.063
0.092,0.047
0.254,0.044
0.202,0.062
0.105,0.068
0.056,0.069
0.19,0.065
1.797,0.597
0.035,0.067
0.00652,0.00298
0.143,0.043
0.09,0.069
0.029,0.049
0.133,0.0429
0.114,0.05
16.584,7.272
0.182,0.058
0.05,0.065
0.101,0.0701
0.084,0.05
0.058,0.068
5.503,3.926
0.093,0.063
0.317,0.085
23.519,4.953
0.252,0.067
0.01,0.106
0.031,0.069
40.053,6.958
5.064,8.354
3.321,3.266
0.125,0.072
26.46,12.36
0.217,0.107
0.491,0.097
10.188,7.064
7.763,7.298
0.134,0.062
10.97,4.456
0.162,0.041
0.338,0.067
0.033,0.051
0.176,0.065
0.174,0.057
24.168,6.956
29.165,6.029
0.09,0.066
0.496,0.094
0.097,0.063
0.17,0.075
25.286,4.659
0.076,0.037
0.119,0.062
0.06,0.056
28.324,6.571
1.246,0.407
0.139,0.066
4.664,4.59
0.242,2.899
0.007,0.086
0.056,0.044
0.143,3.743
5.842,3.473
0.169,0.068
0.179,0.062
0.404,0.076
0.068,0.045
0.53,0.116
3.328,3.909
0.176,0.065
0.00311,0.00125
0.07,0.051
0.008,0.051
0.211,0.044
0.189,0.109
0.093,0.038
9.645,4.317
0.086,0.044
0.14,0.06
2.818,4.641
5.739,7.056
0.254,0.109
0.064,0.087
2.133,0.653
0.101,0.075
0.159,0.1
0.0628,0.0538
0.007,0.092
0.074,0.052
1.64,0.581
0.0832,0.0661
0.064,0.071
0.0369,0.0186
0.00249,0.00114
0.008,0.087
0.079,0.053
0.237,0.149
0.166,0.091
0.189,0.134
0.038,0.086
0.129,0.054
0.005,0.094
1.539,0.573
0.149,0.091
0.121,0.081
0.157,0.112
0.023,0.091
3.437,0.733
0.654,0.361
0.125,0.908
0.232,0.096
0.006,0.094
0.15,0.152
0.064,0.092
0.223,0.091
0.06,0.056
0.321,0.137
0,0.089
0.111,0.118
0.135,0.0542
0.082,0.123
0.758,0.119
0.045,0.081
0.161,0.132
1.487,0.56
0.089,0.082
0.158,0.15
0.086,0.082
0.08,0.088
0.067,0.076
0.214,0.132
0.309,0.248
0.61,0.319
0.152,0.08
1.879,0.679
0.057,0.108
0.327,0.103
0.04,0.0269
0.183,0.077
0.038,0.0826
0.235,0.129
0.151,0.135
0.018,0.083
0.021,0.09
1.953,0.675
0.053,0.112
0.316,0.143
0.2,0.157
1.372,0.536
0.042,0.075
1.629,0.593
0.00382,0.00141
0.012,0.095
0.016,0.086
0.041,0.094
0.0606,0.0409
0.188,0.093
0.0179,0.0326
0.045,0.086
0.181,0.154
0.366,0.146
0.184,0.084
0.221,0.138
0.289,0.132
0.111,0.0434
0.185,0.092
0.178,0.0827
0.144,0.091
0.262,0.13
0.115,0.059
0.143,0.086
0.00128,0.00102
0.138,0.114
0.225,0.112
0.186,0.162
0.162,0.099
0.002,0.077
0.517,0.059
0.00127,0.00105
0.236,0.107
0.00395,0.00149
0.082,0.181
0.053,0.102
0.138,0.103
0.221,0.107
0.029,0.101
0.341,0.091
0.211,0.097
0.317,0.197
0.704,0.891
0.249,0.11
0.208,0.104
0.134,0.178
0.382,0.221
0.145,0.098
0.059,0.187
0.183,0.106
0.009,0.101
0.173,0.091
0.005,0.1
0.224,0.12
0.26,0.102
0.012,0.097
0.066,0.103
0.057,0.062
0.343,0.173
0.604,0.093
0.131,0.108
1.573,0.436
0.181,0.108
0.24,0.118
0.123,0.104
0.3054,0.099
0.078,0.106
0.121,0.091
0.00255,0.00117
0.038,0.1
0.138,0.103
0.296,0.161
0.218,0.101
0.051,0.181
0.135,0.177
1.532,0.584
0.031,0.103
0.13,0.116
0.143,0.061
0.152,0.062
0.032,0.409
1.664,0.413
0.266,0.34
0.454,0.231
0.455,0.345
0.626,0.371
1.403,0.447
0.121,0.526
1.573,0.438
0.269,0.654
0.19,0.371
1.073,0.673
0.116,0.379
0.339,0.291
1.516,0.681
0.211,0.341
0.37,0.419
1.811,0.617
1.251,0.694
0.229,0.328
1.232,0.483
1.532,0.606
0.22,0.269
0.17,0.306
0.37,0.056
0.075,0.041
1.486,1.528
2.303,0.965
0.1,0.054
1.85,1.398
2.008,0.988
1.899,0.214
0.561,0.078
0.195,0.055
0.84,0.354
0.186,0.052
0.183,0.052
0.138,0.042
0.855,0.405
0.895,0.53
0.82,0.417
0.139,0.039
0.139,0.039
0.298,0.213
0.143,0.139
0.523,0.237
0.0179,0.00817
0.152,0.044
0.139,0.042
0.119,0.123
0.00751,0.00745
0.126,0.041
0.076,0.126
0.0225,0.00534
0.14,0.042
0.406,30.34
0.36,0.201
0.137,0.045
0.436,0.215
0.125,0.041
0.151,0.046
0.152,0.044
0.366,0.201
0.152,0.046
0.136,0.045
0.273,0.146
0.598,0.332
1.3016,0.501
1.011,0.396
0.706,0.494
0.125,0.173
0.291,0.166
0.153,0.202
0.00615,0.00509
0.665,0.522
0.808,0.514
0.768,0.454
0.0847,0.0321
0.396,0.112
0.337,0.095
1.846,1.017
0.498,0.176
0.78,0.523
0.242,0.338
0.547,0.803
0.779,0.447
0.665,0.49
0.000326,0.00201
1.0412,0.5141
1.162,1.175
0.0608,0.0407
0.46,0.165
0.0594,0.0274
0.706,0.233
0.73,0.523
0.598,0.252
0.433,0.116
1.592,0.939
0.0584,0.0296
0.0123,0.00472
0.73,0.326
14.872,6.019
0.78,0.433
14.32,6.081
0.00311,0.00254
0.808,0.548
0.000418,0.00642
0.094,0.228
0.00203,0.00255
0.0485,0.0219
0.00634,0.00533
0.0581,0.0219
0.0274,0.0158
0.00511,0.00577
0.0626,0.0231
0.0341,0.0165
0.0536,0.0234
0.000812,0.00248
0.00181,0.00344
0.696,0.65
0.696,0.574
0.102,0.0342
0.000491,0.00194
0.679,0.307
0.0664,0.0284
0.000131,0.00435
0.855,0.359
0.00187,0.00358
0.915,0.423
0.0735,0.0307
0.906,0.399
0.679,0.357
0.072,0.0432
0.01,0.0149
0.935,0.541
0.336,0.194
0.492,1.285
0.749,0.463
0.389,0.242
0.371,0.266
0.359,0.254
3.5196,0.7916
0.311,0.119
0.163,0.274
0.356,0.261
0.174,0.267
4.7903,2.4252
0.784,0.437
1.232,1.272
0.942,1.231
0.878,0.484
0.21,0.45
0.364,0.233
0.106,0.276
3.129,1.824
0.751,0.342
0.812,0.368
0.09,0.0485
1.166,0.57
0.0726,0.0434
0.119,0.0605
0.018,0.0399
0.804,0.411
0.693,0.368
0.0892,0.048
0.00427,0.0276
0.0294,0.0339
0.117,0.068
0.188,0.059
0.882,0.216
0.47,0.54
0.142,0.037
0.135,0.083
0.176,0.059
0.077,0.051
0.386,0.176
0.384,0.087
0.045,0.072
0.053,0.054
0.139,0.074
0.114,0.058
0.143,0.056
0.012,0.038
0.05,0.043
0.203,0.088
0.094,0.048
0.235,0.098
0.043,0.106
0.06,0.053
0.413,0.09
0.276,0.114
0.473,0.097
0.027,0.135
0.275,0.114
0.476,0.097
0.048,0.063
0.046,0.063
15.497,19.873
15.931,19.987
10.645,23.963
2.188,1.814
2.199,1.82
10.469,24.772
0.045,0.587
0.146,0.763
0.005,0.132
0.098,0.068
0.112,0.106
0.305,0.185
0.172,0.088
0.003,0.042
0.248,0.146
0.832,0.323
0.949,0.349
0.78,0.467
0.778,0.325
0.061,0.071
0.445,0.108
0.053,0.038
0.098,0.074
0.179,0.123
0.119,0.13
0.221,0.074
0.282,0.076
1.948,0.39
0.459,0.132
0.518,0.137
0.436,0.121
0.325,0.059
0.223,0.116
0.032,0.103
0.049,0.088
0.132,0.102
0.065,0.098
0.121,0.089
0.04,0.08
0.154,0.068
0.016,0.101
0.165,0.095
0.051,0.161
0.615,0.246
0.365,0.062
0.336,0.073
0.451,0.055
0.287,0.154
0.094,0.046
0.553,0.087
0.38,0.217
0.453,0.212
0.492,0.092
1.856,0.608
1.821,0.219
1.913,0.241
2.648,0.338
2.367,0.862
3.362,1.038
1.578,0.477
1.341,0.145
2.736,0.747
2.052,0.689
1.281,0.133
0.188,0.059
0.187,0.056
0.21,0.059
0.235,0.063
0.119,0.069
0.068,0.039
0.05,0.038
0.324,0.044
0.501,0.169
0.31,0.053
0.285,0.056
0.52,0.144
0.53,0.164
0.234,0.079
0.289,0.112
0.233,0.059
0.335,0.068
0.408,0.076
0.832,0.115
3.349,1.359
6.315,1.028
3.349,1.359
3.349,1.359
0.832,0.115
6.315,1.028
0.832,0.115
6.315,1.028
0.092,0.059
0.203,0.038
0.212,0.038
0.049,0.055
0.065,0.053
2.628,1.347
0.444,0.156
0.27,0.061
1.503,0.552
0.537,0.064
1.51,0.564
1.665,0.582
1.28,0.228
2.378,0.658
1.854,0.764
0.729,0.211
3.48,1.32
2.53,0.87
1.32,0.46
2.53,1.08
0.359,0.348
0.006,0.293
0.5,0.268
0.245,0.427
0.899,0.51079545
0.633,0.29579439
0.15,0.06756757
0.2688,0.25358491
1.045,0.56486486
8.25,1.7895879
1.278,0.665625
17.505,3.1483813
2.385,0.72492401
4.092,1.3073482
5.617,1.6328488
3.97,1.2563291
11.35,2.3450413
7.31,1.7529976
8.047,1.7194444
0.421,0.17113821
0.967,0.49336735
0.797,0.32530612
0.975,0.3362069
0.49,0.18421053
0.903,0.40133333
0.485,0.24619289
0.822,0.32619048
0.517,0.29884393
0.431,0.17663934
0.305,0.19426752
0.657,0.30700935
0.284,0.11050584
0.541,0.19184397
0.209,0.1039801
0.289,0.11747967
0.362,0.18190955
0.43,0.23243243
0.192,0.15609756
0.556,0.21889764
1.04,0.51741294
0.258,0.12585366
0.639,0.30428571
0.894,0.77068966
4.311,2.1447761
0.408,0.2
1.066,0.493
2.294,0.991
1.895,0.811
1.222,0.466
0.437,0.213
0.164,0.064
0.445,0.429
0.207,0.098
0.462,0.193
0.344,0.162
2.357,1.026
0.204,0.617
0.491,1.276
2.514,1.069
0.455,0.837
0.365,0.538
0.026,0.147
0.681,0.248
1.79,0.67
1.77,0.68
0.88,0.39
0.92,0.37
1.11,0.39
1.41,0.54
1.42,0.54
1.13,0.47
0.283,0.132
0.299,0.106
0.1666,0.872
0.306,0.155
0.353,0.144
0.262,0.104
0.251,0.126
0.178,0.062
0.215,0.103
0.231,0.107
0.174,0.068
0.172,0.058
0.241,0.095
0.1972,0.089
0.1779,0.062
0.1769,0.063
0.202,0.092
0.1784,0.066
0.1785,0.066
0.398,0.398
0.127,0.054
4.106,2.421
0.305,0.143
3.513,2.138
18.713,6.951
48.637,21.522
0.267,0.129
37.007,20.8
49.024,10.229
61.49,8.837
18.03,14.565
6.32,2.3494424
3.08,2.0397351
2.52,2.5454545
16.66,7.2121212
10.49,6.1705882
16.71,8.5255102
8.09,2.3864307
6.48,2.6234818
10.85,5.5076142
5.23,2.7819149
9.07,5.4311377
15.01,6.9813953
11.51,6.6531792
0.108,0.03941606
0.076,0.03897436
0.022,0.05945946
0.055,0.03767123
0.17,0.05862069
0.055,0.03900709
0.383,0.12120253
1.349,0.39260768
0.312,0.16082474
1.092,0.31836735
0.151,0.06926606
3.196,1.0146032
4.64,2.6363636
0.544,0.21167315
0.374,0.19179487
0.544,0.24285714
0.736,0.23291139
1.657,0.66015936
4.452,1.7123077
1.24,0.49799197
0.225,0.0974026
4.945,2.1314655
0.54,0.07040417
0.147,0.06155779
0.025,0.00909091
0.038,0.02261905
0.098,0.03698113
0.035,0.03804348
0.092,0.02920635
0.091,0.05
0.617,0.22194245
0.095,0.02051836
16.051,9.6113772
4.489,1.1907162
4.826,2.805814
0.4,0.22346369
1.393,0.54414063
0.579,0.2392562
0.123,0.01583012
0.056,0.05045045
0.037,0.01010929
0.07,0.02723735
0.561,0.14458763
2.603,1.277
2.489,1.288
0.98,0.427
0.831,0.409
0.087,0.092
0.137,0.068
0.2,0.474
0.183,0.062
1.094,0.457
0.095,0.048
0.388,0.078
0.112,0.18064516
0.872,0.21320293
0.828,0.23193277
0.837,0.23121547
0.764,0.12302738
1.662,0.18758465
0.692,0.28244898
1.264,0.16309677
0.9,0.21428571
0.587,0.29796954
0.718,0.12231687
0.787,0.21922006
1.602,0.18498845
1.94,0.22823529
0.439,0.21004785
0.796,0.13135314
0.892,0.21545894
0.783,0.12878289
0.875,0.21341463
0.827,0.22351351
0.261,0.20551181
0.721,0.15020833
0.004,0.00083682
1.832,0.24723347
1.383,0.17074074
0.809,0.20429293
0.798,0.21
1.033,0.23161435
1.2142,0.1558665
0.78,0.30708661
0.541,0.25162791
0.004,0.00082988
0.763,0.31399177
0.721,0.15673913
0.717,0.1484472
0.004,0.00084567
1.036,0.232287
1.053,0.22941176
0.684,0.13930754
1.666,0.2
0.773,0.20130208
0.806,0.21044386
1.039,0.23037694
2.648,0.26533066
0.004,0.00083857
1.803,0.197
2.915,0.435
2.45,0.374
2.279,0.229
0.209,0.087
1.58,0.159
1.736,0.332
0.194,0.058
2.067,0.375
2.53,0.271
2.774,0.4
0.188,0.055
1.995,0.265
0.183,0.095
0.229,0.037
0.153,0.093
2.666,0.413
0.306,0.149
0.074,0.062
0.093,0.051
2.608,0.263
2.145,0.251
0.152,0.043
2.446,0.252
1.727,0.183
2.394,0.317
2.307,0.235
0.308,0.595
2.277,1.082
7.955,8.947
4.089,2.312
1.336,0.522
0.914,1.584
1.966,0.952
2.245,1.02
1.497,0.572
1.751,0.81
1.579,0.87
0.669,0.507
0.533,0.222
0.52,0.231
0.712,0.916
2.939,3.105
0.174,0.889
4.001,2.021
6.45,3.024
2.768,3.717
10.975,3.431
3.437,1.871
1.3,1.419
0.962,1.642
6.907,3.258
4.57,2.372
0.0617,0.1526
0.2351,0.1675
0.0579,0.1606
0.2163,0.3705
0.8294,0.4863
0.3949,0.3542
0.2032,0.164
0.8247,0.4211
0.3233,0.2373
0.0515,0.1364
0.0426,0.1362
0.3169,0.2346
17.2,9.1450757
137,55.27922
0.325,0.178
0.366,0.168
0.233,0.084
0.244,0.183
1.502,0.654
0.369,0.163
0.366,0.168
0.227,0.126
0.484,0.226
0.485,0.279
0.338,0.181
0.366,0.178
0.336,0.144
0.395,0.219
0.132,0.084
0.065,0.055
0.164,0.049
0.161,0.134
0.162,0.052
0.195,0.046
0.111,0.105
0.146,0.072
0.106,0.037
0.182,0.048
0.111,0.037
0.195,0.046
0.062,0.055
0.098,0.041
0.093,0.039
0.082,0.059
0.028,0.094
0.077,0.039
0.065,0.038
0.068,0.047
0.195,0.046
0.031,0.041
0.177,0.053
0.082,0.056
1.06,0.42
1.98,0.37
2.322,1.014
2.378,0.523
1.892,0.541
0.451,0.094
0.576,0.083
0.314,0.145
1.037,0.241
0.359,0.239
0.008,0.274
0.453,0.132
0.395,0.153
0.399,0.108
0.015,0.173
0.972,0.099
0.684,0.084
0.423,0.048
0.715,0.089
0.538,0.107
0.305,0.059
0.899,0.094
0.52,0.098
0.518,0.061
0.337,0.111
0.497,0.063
0.103,0.113
0.373,0.062
0.886,0.185
0.55,0.103
0.459,0.087
0.74,0.155
0.701,0.096
0.318,0.057
0.766,0.145
0.58,0.063
4.43,0.52
4.25,0.49
3.55,0.38
7.93,1.83
5.54,2.74
9.26,2.11
1.32,0.51
0.65,0.39
10.11,3.53
1.16,0.47
1.02,0.45
1.61,0.51
0.082,0.043
1.11,0.46
1.74,0.51
1.38,0.51
7.77,3.52
2.49,0.89
2.01,1.09
8.48,4.09
1.43,0.94
1.7,1.06
2.59,0.97
1.87,1.16
9.93,4
2.1,0.84
2.14,1.06
9.68,4.46
2.39,1
1.97,1.17
1.87,0.98
8.51,3.88
0.4537,0.1496
0.1215,0.0357
0.747,0.169
0.55,0.267
0.645,0.133
0.632,0.248
0.582,0.247
0.544,0.177
0.632,0.225
0.503,0.208
0.429,0.233
0.405,0.217
0.031,0.122
0.061,0.122
0.118,0.115
0.117,0.149
0.032,0.119
0.036,0.123
0.44,0.377
0.44,0.202
0.204,0.402
0.482,0.248
0.705,0.194
1.029,0.306
1.098,0.145
0.527,0.265
0.274,0.104
1.028,0.346
0.577,0.471
0.384,0.184
0.559,0.277
1.465,0.229
0.642,0.333
0.535,0.176
2.03,0.204
2.94,0.479
0.953,1.72
0.507,0.176
4.74,0.843
1.1338,0.185
0.56,0.263
2.04,0.723
0.983,0.303
0.971,0.316
0.953,0.305
3.04,0.661
0.405,0.113
0.774,0.705
0.401,0.096
0.492,0.379
0.215,0.115
6.56,1.55
4.04,1.23
1.029,0.306
1.49,0.575
1.57,0.547
0.066,0.046
1.361,0.188
1.47,0.62
0.396,0.186
1.54,0.285
0.409,0.204
0.163,0.064
1.465,0.229
0.592,0.376
0.897,0.237
0.346,0.098
0.678,0.375
0.598,0.263
0.44,0.377
0.527,0.265
1.11,0.162
0.384,0.184
1.62,0.181
0.2974,0.557
2.01,0.541
0.549,0.266
1.08,0.37
0.92,0.5
1.33,0.5
1.24,0.4
0.191,0.072
3.42,0.71
0.338,0.218
2.69,1.26
3.56,0.67
0.33,0.63
3.91,0.72
2.7,1.38
2.75,0.62
1.7,0.51
3.02,0.522
1.2,0.46
1.62,0.72
3.41,0.76
2.56,0.54
0.21,0.47
0.48,0.37
0.89,0.39
4.46,1.46
3.87,0.79
2.51,1.36
0.97,0.39
0.831,0.258
0.829,0.279
0.74,0.76
114.08,215.91
41.65,41.32
0.962,0.266
0.79,4.41
0.133,0.064
0.362,0.137
0.245,0.155
0.916,0.281
0.775,0.244
4.93,9.29
23.05,33.81
46,146
0.878,0.251
1.48,0.61
0.335,0.125
1.17,0.69
0.352,0.119
0.517,0.325
0.45,0.144
0.52,5.11
0.455,0.115
0.4,0.55
0.245,0.124
0.2,0.91
0.293,0.129
0.82,0.79
0.783,0.241
0.54,0.41
5.5,2.75
3.33,7.2
0.904,0.241
1.44,1.26
0.1,0.49
0.608,0.232
0.203,0.056
0.455,0.156
0.19,1.21
0.967,0.311
0.67,4.11
0.854,0.252
0.1205,0.047
0.003,0.097
0.216,0.059
0.4121,0.053
0.592,0.373
0.111,0.038
0.206,0.061
0.0804,0.038
0.095,0.086
0.0399,0.3038
0.298,0.246
0.1213,0.051
0.092,0.226
0.071,0.037
1.346,0.956
0.0129,0.038
0.126,0.047
0.1316,0.039
0.194,0.064
0.291,0.207
0.536,0.153
0.133,0.042
0.2589,0.044
0.2062,0.042
1.486,1.007
0.452,0.175
0.0962,0.049
1.208,0.293
0.16,0.051
9e-04,0.037
1.284,0.95
0.291,0.206
0.344,0.075
0.49,0.497
0.292,0.086
0.237,0.074
0.365,0.085
0.951,0.285
0.158,0.043
11.96,4.59
7.47,2.08
11.26,2.49
7.78,2.11
11.3,4.58
11.11,2.53
7.19,2.31
3.85,1.87
7.64,2.28
9.15,4.23
4.21,1.92
8.88,4.18
0.12,0.039
0.121,0.041
0.393,0.096
0.168,0.105
0.219,0.059
0.216,0.052
0.211,0.051
0.179,0.106
0.119,0.072
0.185,0.112
0.243,0.061
0.095,0.042
0.208,0.053
0.193,0.059
0.163,0.099
3.03,0.55
2.55,0.47
1.24,0.43
1.24,0.43
0.99,0.39
0.91,0.49
1.05,0.38
0.55,0.47
0.67,0.43
0.71,0.38
0.4,0.56
0.39,0.46
0.63,0.37
0.075,0.058
0.067,0.043
1.22,2.84
10,3.44
8.87,3.56
8.59,2.68
2.91,4.21
1.65,4.83
8.21,5.58
8.78,3.38
1.81,3.11
5.95,3.09
7.37,4.36
0.006,0.0061
0.0056,0.0058
0.0259,0.0114
0.0065,0.0061
0.0263,0.0115
0.0293,0.0127
0.36,0.168
0.699,0.131
0.293,0.069
0.16,0.079
0.382,0.098
0.713,0.134
0.195,0.108
0.165,0.107
0.252,0.038
0.079,0.209
0.208,0.234
0.07,0.074
0.166,0.118
0.174,0.098
0.459,0.176
0.889,0.364
0.339,0.301
0.493,0.128
0.592,0.169
0.052,0.164
0.583,0.147
0.289,0.128
0.403,0.192
0.208,0.248
0.605,0.184
0.572,0.125
0.113,0.103
0.195,0.077
0.167,0.068
0.339,0.128
0.181,0.188
0.222,0.144
0.152,0.109
0.336,0.106
0.292,0.151
0.361,0.143
0.742,0.198
0.521,0.177
0.104,0.136
0.367,0.115
0.012,0.115
0.103,0.085
0.572,0.262
24.016,3.836
19.969,2.417
28.019,3.051
20.485,2.672
7.066,1.621
14.989,3.02
5.24,1.059
23.439,4.701
14.971,2.873
0.0047,0.0039
0.011,0.0048
