2426.4,750.24
.35,.5600000000000001
2.14,.5
2.3,.37
3.16,.37
.44,.76
2.29,.54
2.22,.46
2.54,.55
2052.39,1567.93
.61,.48
2244.3,656.96
2996.73,1335
.117,.0665
.0885,.0313
.0469,.0989
.0783,.0292
.0397,.3067
.00979,.0211
.041,.0258
.177,.101
.137,.0709
.323,.0949
.00637,.0272
.176,.0636
.0325,.0207
.313,.097
.133,.0638
.0405,.0279
.014,.038
.187,.038
.079,.042
.167,.046
.005,.0121
.187,.081
.006,.01395349
.043,.08
.07,.083
.006,.097
.01,.091
.111,.053
.02,.089
.112,.042
.206,.091
.182,.084
.107,.043
.04,.052
.006,.00372671
.071,.156
.177,.111
.635,.107
1840,6082
835,6243
.05,.0119
.009,.051
.095,.039
.109,.04
.061,.049
.0526,.0114
.104,.0144
1114,2804
.1,.159
.132,.079
.044,.0416
262,666
.007,.06
.018,.049
.589,.078
383,687
.12,.0128
.028,.043
.635,.105
1326,316
.102,.0154
.014,.049
.128,.079
.008,.0061
.119,.013
.603,.077
.054,.066
.078,.047
.25,.098
.0325,.0141
.293,.109
.0152,.0125
.132,.0339
.286,.107
.022,.045
.0502,.0126
.17,.055
.9320000000000001,.549
.0648,.0156
.237,.092
.233,.089
.13,.082
.0292,.0115
.009,.039
.196,.256
.104,.053
.282,.041
.284,.038
.039,.144
.471,.178
.061,.089
.294,.136
.052,.059
.096,.092
.5649999999999999,.067
.069,.095
.269,.226
.049,.052
.081,.039
.228,.047
.051,.248
.326,.157
.092,.096
.029,.045
.108,.161
.0381,.0258
.202,.336
4.28,1.54
.147,.162
.015,.082
.008,.054
.023,.048
.6,1.64
.0511,.0259
.031,.117
.037,.055
.069,.107
.186,.096
.053,.058
2.03,1.11
.115,.094
.109,.0259
.046,.116
.214,.116
.001,.411
.225,.175
.025,.116
.26,1.64
.0043,.552
.405,.202
.189,.076
.892,.182
.217,.119
4.14,1.52
1,2.9411765
1,.38314176
.28,1.55
.28,1.51
.141,.062
.96,.202
.103,.077
.194,.176
.112,.069
2.129,1.125
.043,.063
.043,.133
.32,.306
.031,.092
.31,.157
.00239,.0243
.073,.142
1,.30487805
.0501,.0244
.024,.096
.044,.301
1.954,1.075
.222,.582
.142,.112
.173,.133
.287,.168
.34,1.59
1.11,1.67
.475,.162
.227,.597
.341,.161
.0164,.0205
.14,1.67
.00558,.0205
3.83,1.52
.091,.148
3.544,1.007
.046,.055
2.41,1.14
.121,.072
.09,.146
.389,.193
.026,.089
.0244,.0206
.094,.106
.095,.077
.016,.063
.176,.077
.467,.151
.285,.161
.0239,.0209
2.925,.949
.0247,.0206
.146,.105
.051,.088
.1,.127
.028,.047
1.212,.208
.64,1.62
.0313,.0208
3.92,1.5
.0278,.0346
.0236,.0688
.0119,.0289
.0547,.0311
.0582,.0203
.00257,.0313
1,3.2258065
.0602,.0236
.153,.0673
.0421,.0275
.00428,.0902
.187,.0791
1,.63011972
.139,.0616
.163,.0614
.00168,.0266
1,.95238095
.089,.051
.122,.046
.09,.065
.1,.042
.106,.038
.109,.047
.151,.055
.344,.16
.106,.038
.2,.11
.4,.161
.122,.046
.158,.053
4.293,.603
4.467,.755
.089,.051
.182,.111
.325,.12
.369,.11
43.57,186
.183,.0619
509.4,183.8
.0536,.0587
2.555,2.025
534,262
.178,.0464
3.275,1.045
59.89,21.93
7.756,10.88
.0595,.0681
284.4,276.5
55.96,18.83
.116,.0701
64.92,195.1
.0836,.0599
.0383,.0644
.101,.0346
165,250.3
8.039999999999999,224.8
45.6,185.7
108.4,27.21
3.26,1.155
.0166,.0691
.00546,.0636
.119,.0643
.0441,.0666
.157,.0481
.00842,.0184
.0817,.0528
.115,.0366
5.144,1.866
1.839,.6283
112,169
.019,.039
2.697,4.789
7.174,5.575
.7068,8.036
479,444.8
15.52,2.417
.135,.044
.0298,.0332
.4319,.9774
217,628
.291,.082
361034,43585
365932,44233
.252,.058
3.6,8.5
27.4,56.1
.357,.093
457,150
.38,.085
.084,.041
61.8,130
3.552,1.421
.0936,.0419
.2577,.041
.0809,.0397
1206,290
.7967,.786
1.236,1.161
75,2163
462.7,94.09999999999999
.252,.064
.106,.0291
386.8,210.5
4.653,8.247999999999999
368,84
.0288,.0253
.408,.078
.0318,.0362
3.34,1.805
.508,.051
2856,4548
356,181
94,336
.6,54
458,120
2.569,1.185
318.2,169.8
.0256,.0331
158,2940
.003,.9224
.444,.109
.085,.067
799,669
.278,.0845
1.855,2.192
.0491,.7914
306.6,67.8
795,103
10714,6317
3.289,1.095
1.487,1.29
.0005,1.221
.1836,1.17
1.74,.5855
4.137,1.871
2554,6156
3.247,.765
180,89
.908,1.324
959.5,438.2
.1995,1.367
.0556,.0166
.193,.0258
473.1,50
67.3,55.7
22.9,46.5
1181,1086
161.1,447.7
4.79,1.602
.329,.161
.14,.0259
1334,230
1069,2520
979,287
.108,.0933
.429,.065
2.253,.7917999999999999
74130,79611
389,90
1286,439
629,74
574,101
89,258
197,199
277,174
80,60
55,64
1157,456
47,129
1.7,20.7
.0815,.0445
35.86,289.39
526,403
124.51,144.9
706,1324
354,314
150.85,210.19
.068,.072
63,219
.0531,.0315
.075,.0708
177.5,311.8
573,414
5266,3720
.135,.048
1620,3257
.007,.0263
26.4,66.09999999999999
266.06,203.36
20.81,210.16
674,541
119,47
198,243
172.1,319.5
154,75
255,1056
2105,1100
49.8,32.7
542,372
134,207
.085,.038
141.01,330.48
1448,658
.0602,.0293
8167,7314
.4,.173
34.84,264.57
915.59,336.22
414.5,5390
.0151,.0186
.07,.046
206,258
0,39
371.83,133.02
1119,698
948,588
.195,.112
343,1263
225.9,303.5
.111,.0818
193.72,200.9
50.22,208.94
3548,3813
312.58,275.37
391,213
.0083,.0215
21.4,72.3
.018,.038
.05,.0824
17.05,203.32
4.789,5.302
27,84.90000000000001
.137,.077
898,1063
1,196
.006,.043
.12,.099
77,38
879,2201
.045,.04
6061,2167
598,384
2644,1491
1682,1412
601.4,592.9
113.7,92.8
15.2,67.8
4057,1721
321.06,272.72
.0357,.0188
121,52
1384,981.4
994.68,279.15
839,945
7.852,4.23
.19,.143
2005,1210
14.4,12.8
1261,530
530,547
5013,4049
29.292,249
224,223
.09,.0406
5.047,7.913
.0104,.496
7.323,7.797
76.67,37.81
.795,1.78
3.372,2.36
2005,1210
20.117,2.795
3.343,7.791
74.97,117
542,372
6.359,.709
171,233
.125,.0489
4.98,2.44
1.6,35.5
679,262
.083,.048
.181,.066
2.743,1.544
32.482,4.866
.438,.236
526,358
322.9,569.7
.14,.0159
301.5,125.5
8.662000000000001,4.784
49,84
3.883,.605
.178,.237
1.391,.98
167.3,78.93000000000001
.0916,.0735
.353,.112
74.5,614.9
11.38,5.53
.882,.428
701,619
1.059,.57
16.68,9.696999999999999
513,431
954,1267
48.37,51.78
.28,.163
1.951,.671
.0542,26.29
3.971,3.16
83.38,32.89
143.5,57.33
141,212
712,479
24.524,11.903
199,156
1.849,1.47
43.146,6.089
6.962,6.069
.0501,.0459
.0602,.0293
.8129999999999999,.65
.173,.229
11.28,7.079
.387,.188
.0582,.028
447,1342
6.25,3.503
58,64
4.727,1.619
1.893,.923
105.8,32.52
4.8,5.3
.0798,.0288
16.33,5.696
13.441,7.56
.081,.47
11.676,8.08
30,128
.055,.053
252,185
9.403,1.424
.151,.0191
8.869999999999999,1.27
1.761,135.2
354,314
.281,.061
.349,.79
29.75,25.04
1050,478
35.85,41.41
.0231,.0263
3.653,1.992
1.706,3.82
.0314,.0936
.0114,.0261
2.074,3.525
267.3,45.2
.427,.358
1.703,1.583
259,45.2
84.86,169.9
.533,.227
.414,.0797
1.1,1.43
.1,.68
2.409,14.94
90.09999999999999,71.90000000000001
1.477,1.01
312.2,70.09999999999999
.015,.61
.192,.42
9.842000000000001,10.73
4.331,8.933999999999999
.8080000000000001,.6879999999999999
95.97,76.22
1.418,.95
4.3631,4.75
2.023,1.78
11.731,11.61
5.153,5.11
.6879999999999999,.47
18.411,16.26
.466,1.418
21.128,23.06
1,1.03
2.207,1.97
.501,3.52
10.74,35.86
.991,1.176
.585,.39
.7,1.42
2410,3807
.9429999999999999,.83
2.466,2.361
6.991,2.57
227.7,78.90000000000001
1.875,2.956
1.487,.75
4.093,7.705
3.207,15.8
8.196,4.19
.008,.46
3.238,10.13
4.955,3.32
2.485,3.274
3.176,1.421
5.675,3.008
1.909,3.023
2.71,1.474
.414,.37
170.1,38.9
5.337,4.73
2.6,1.52
11.89,8.077
.073,.0167
.622,2.72
2.951,2.49
1.138,8.31
.712,1.488
1.238,1.544
8.038,3.09
.739,2.245
1.7,1.53
19.29,8.978
.44,.948
.502,3.68
2.447,17.87
1.031,2.07
.416,.84
.468,.45
6.577,39.86
332.8,168.7
1,.54
1.387,1.521
1.713,2.162
.197,.0225
1.622,1.55
.0064,.0179
6.3477,2.95
3.608,7.24
2.076,1.046
5.796,2.94
2.033,2.741
6.523,2.59
6.135,2.469
.0404,.0192
1.326,5.81
1.1,1.04
5.65,3.905
95.87,42.8
25.139,24.93
45.96,35.01
.278,.609
.231,.0331
39.08,28.46
0,.065
4.26,2.494
2.584,1.065
1.157,.583
111.3,56.44
307.9,77.3
.5,.66
.29,.0488
.287,1.307
.9,1.17
.105,.269
3.759,2.996
.026,2.065
46.65,35.01
147.9,45.64
5.756,3.41
5.067,9.432
.037,1.46
16.69,71.63
3.7,11.51
1534,598
14.16,8.09
12.11,12.06
.236,.048
2.427,1.333
.0732,.048
.179,.124
1.661,.582
.071,.093
5.381,1.946
10.24,37.22
2.061,9.865
.213,.363
45,46
.42,9.880000000000001
.144,.069
.169,.074
8.785,4.92
19.73,11.35
.007,.038
4.26,14.59
.051,.057
46,47
63,44
422.5,174.5
.109,.061
18.93,366.1
6.5,31.81
.23,.53
.42,9.880000000000001
.0696,.037
647.9,327.6
.506,.104
.02,.072
4.103,5.821
.0975,.048
6.17,4.12
16.24,15.43
48,51
.0937,.041
10.07,6.17
.109,.048
.0718,.0281
3.72,1.647
.103,.049
85.44,79.36
.0901,.045
12.16,15.19
95.44,428.95
.074,.254
.047,.038
.092,.133
.004,.038
.0309,.0398
1.059,.629
.174,.185
.0498,.0419
.0892,.054
.0803,.035
.0805,.168
.0852,.156
.109,.043
.029,.038
.613,.743
.531,.269
.014,.59
.019,.144
.164,.085
.8179999999999999,.517
.0168,.103
.6,1.71
.127,.317
.129,.117
.247,.117
.028,.202
.021,.0381
.0288,.0375
.0671,.0346
.0621,.123
.041,.0261
.0172,.0368
.169,.205
.222,.385
.025,.046
1.78,.965
1448,658
46,47
4057,1721
1033,1296
6061,2167
.01,.04
2.928,.9360000000000001
.0543,.0346
.008,.047
.019,.044
93,94
.083,.0308
647,2701
.0435,.0325
15774,4154
.0751,.0412
.0718,.0369
3710,1942
1013,1737
476,1252
1612,1132
10171,3555
1234,558
1.425,.431
2005,1210
.139,.0402
2113,692
366,1734
3.204,1.095
4186,1334
2453,795
82,62
4.365,1.048
1.436,.468
1050,478
1003,705
5603,2452
.171,.302
2.336,160.1
4682,1870
482,192
.132,.33
365.1,180.7
19800,7758
7866,4122
71.33,48.14
1263,1138
11934,5580
29.36,60.67
74.69,70.59
.441,.41
153.1,152.4
.124,.333
.252,.292
63.63,66.62
167.9,192.2
.107,.05
.245,.194
.004,.075
.111,.23
.03,.26
.031,.038
.09,.039
.014,.038
.097,.04
.034,.042
.046,.038
.067,.043
.028,.043
.03,.039
.057,.042
.041,.041
.065,.054
.112,.049
.082,.045
.096,.047
.1,.047
.096,.048
.086,.045
.045,.079
.124,.049
.124,.084
.474,.17872833
16.85,5.8544312
8.119999999999999,4.6992527
4.35,7.0289053
5.47,3.631507
.483,.21398863
.436,.1172353
5.96,8.3619693
10.46,7.3731877
7.79,3.8677501
16.53,4.4447235
6.24,8.9157683
.414,.11131975
3.47,9.069001
12.11,5.3652222
11.7,3.145993
.397,.197
.033,.19855663
.654,.248
.147,.052
.542,.167
.004,.0023298
.11,.044
.003,.00080666
.057,2.5264201
.036,.09277832
.004,.00188673
.583,.23
.466,.218
.127,.054
.716,.244
.176,.051
.626,.239
.128,.0750274
.003,.00080666
.073,.45308242
.076,.04808706
.004,.00234461
.102,.055
.12,.06527331
.243,.045
.088,.055
.095,.054
.133,.053
.073,.2519328
.428,.193
.02,.03449029
.612,.234
.9,.211
.548,.228
.579,.238
.103,.053
.55,.237
.242,.045
.121,.055
.01,.00268888
.069,.044
.593,.238
.034,.24583489
.466,.217
.053,.27287992
.01,.00268888
.076,.04538221
.072,.044
.005,.00230405
.842,.212
.109,.044
.17,.051
.479,.22
1.806,.365
.395,.059
.178,.064
.135,.054
.014,.061
.379,.067
.347,.412
.161,.074
.011,.067
1.69,.471
.143,.059
.288,.34
1.782,.445
.023,.059
.011,.067
.199,.109
.161,.074
.3143,.059
.39,.072
.135,.054
.45,.48
.014,.061
.216,.106
.183,.089
.409,.106
1.84,.427
.022,.05
.308,.09
.711,.464
.255,.108
1.235,.651
.4,.603
1.047,.486
.129,.092
1.49,.612
.395,.059
.033,.063
.3742,.072
.887,.667
.883,.539
.088,.088
.309,.091
.634,.502
.347,.412
1.759,.6820000000000001
.002,.097
.031,.061
.16,.11
.286,.091
.252,.094
.02,.045
.023,.059
.03,.061
.016,.057
.217,.115
.055,.089
.099,.102
.286,.092
.122,.089
1.806,.365
.188,.084
1.862,.625
.379,.067
1.759,.679
.409,.106
.127,.106
.133,.11
.881,.581
1.69,.471
.029,.061
.38,.072
.178,.064
1.811,.428
.443,.099
.797,.53
.288,.34
.443,.099
.3672,.072
.24,.086
1.782,.444
.036,.086
.014,.05
1.877,.628
.8179999999999999,.542
.088,.041
.046,.051
.078,.037
.0043,.0043
.032,.053
.015,.046
.091,.11
.02,.052
.069,.037
.015,.045
.009,.15
.11,.049
.051,.088
.07,.037
.13,.05
.097,.042
.064,.049
.108,.08
.0096,.051
.0017,.038
.068,.039
.033,.051
.076,.041
.085,.04
.1,.037
.068,.044
.0019,.0183
.0068,.0152
.0018,.0062
.0059,.006
.0168,.0143
.0025,.0056
.0369,.019
161,98
.0101,.0094
.015,.0094
.0012,.0063
.1358,.6984
3.1948,.9911
.0056,.0057
.0085,.0169
.0158,.0078
.0145,.0193
.0076,.008
.0896,.3026
.5016,1.3479
.0177,.0096
.0088,.0176
.0039,.0055
.0064,.0071
.0117,.0168
.0187,.0137
9.1904,11.6729
.0011,.0155
.0374,.0248
.0067,.0082
.0041,.0072
.0012,.0084
.0074,.0045
.0035,.0058
.2053,.0827
.0108,.0045
.2469,.0789
.02,.039
.055,.041
.031,.052
.036,.048
1.074,.134
.262,.089
.164,.118
.104,.128
.185,.079
.229,.138
.061,.102
.032,.12
.545,.068
.133,.045
.033,.1
.116,.07
.079,.055
.364,.156
.017,.051
.156,.108
.071,.095
.083,.06
.053,.065
.016,.061
197.22,19.79
3.26,5.56
61.37,16.2
12.18,10.58
87.17,9.69
65.95999999999999,9.84
46.19,6.8
1.105,.311
1.48,.532
1.467,.532
.349,.169
.173,.085
.236,.124
.0143,.091
.448,.163
.587,.183
.146,.168
.292,.111
.241,.172
.242,.097
.0893,.094
.277,.128
.149,.042
.026,.037
.292,.111
.358,.133
.134,.045
.0996,.046
.292,.173
.429,.154
.167,.039
.0483,.107
.384,.131
.159,.061
.395,.161
.0342,.094
.0518,.103
.445,.147
.181,.037
.241,.177
.383,.159
.0241,.085
.273,.125
.0961,.051
.273,.122
.119,.047
.111,.047
.134,.092
20.49,5.532
9.375999999999999,3.487
25.72,6.923
18.89,8.068
.232,.063
.248,.058
.194,.047
.302,.06
.281,.048
.174,.057
.284,.082
.244,.059
.104,.041
.221,.049
.203,.066
.22,.059
.245,.089
.229,.082
.075,.058
.168,.079
.168,.053
.155,.058
.16,.04
.183,.058
.5639999999999999,.168
.105,.061
.189,.096
.206,.097
.0728,.0349
.0336,.0488
.0805,.043
.0829,.0309
.0319,.0469
.0801,.0434
.0718,.0497
.0719,.0349
.068,.0489
1.2214,.7023
1.2318,.6889999999999999
.055,.041
.091,.054
.098,.049
.104,.047
32.596,18.525
.077,.044
.116,.046
25.746,12.587
.09,.041
.118,.046
.179,.044
.211,.051
.094,.046
.07,.043
.215,.048
.237,.047
.226,.047
.159,.05
.034,.043
.071,.041
.096,.045
.021,.046
.24,.052
30.542,13.306
32.518,19.087
.099,.049
.116,.047
.084,.048
.081,.038
.113,.048
.216,.055
.067,.037
.091,.052
.252,.039
10.38,12.235
71.8,16.92
7.756,21.46
.007,20.016
.005,.037
19.363,18.449
6.03,13.271
6.59,12.975
67.06,17.267
33.35,13.46
60.9,20.52
.022,.062
7.43,1.583
40.81,14.95
2.61,1.804
39.81,15.568
11.99,28.37
.448,.064
.488,.055
32.57,14.778
7.603,17.71
11.86,14.036
55.23,13.4724
13.43,11.475
16.97,34.98
119.2,26.12
4.37,1.417
42.97,27.74
1.144,8.336
.127,.064
3.2,1.544
.148,.038
47.23,20.259
12.89,34.98
5.59,.6879999999999999
1.453,.544
4.478,.472
.068,.059
.759,.372
.552,.083
.145,.073
.459,.075
.027,.083
.037,.099
.059,.046
.039,.041
.015,.056
.088,.069
.125,.07
.113,.08
.094,.065
.067,.084
.733,.353
.5590000000000001,.367
.089,.212
.658,.254
.258,.088
.22,.07
.157,.078
.21,.104
.066,.042
.01,.043
.159,.088
.072,.038
96.52,64.45
7.11,34.77
185,95.76000000000001
47.24,49.62
96.17,29.18
20.43,8.84
92.70999999999999,50.59
58.21,70.8
.21,14.22
10.21,7.75
12.43,16.4
55.6,74.95
.66,1.95
17.09,7.32
28.25,11.61
1.65,.99
1.47,2.04
67.92,84.38
1717,1934
2.98,6.02
2.93,10.66
4022,2718
2.9,9.01
4022,2223
.045,.116
8.255000000000001,19.304
.006,.077
.965,13.209
41.008,17.356
.106,.097
.129,.067
46.055,25.791
.05,.07
.224,.105
.174,.098
.015,.068
.127,.084
25.84,23.588
27.164,29.451
.072,.059
.121,.061
.148,.067
1.36,2.19
18.2,4.93
3.23,3.67
3.78,2.06
14.008,2.909
11.172,2.268
20.589,3.26
11.172,2.265
7.695,3.969
7.695,4.01
20.589,3.286
14.008,2.92
2.74,1.987
27.35,8.276
1.644,1.58
.274,1.745
9.221,3.841
1.274,1.664
.24,.391
.114,6.762
.03,.0049
4.548,.953
19.183,3.963
2.6,.997
4.942,1.489
.03,.0049
1.248,.38
4.675,2.05
8.725,9.997999999999999
22.033,6.195
36.754,13.054
4.152,1.531
1.274,.5600000000000001
18.307,6.854
2.524,2.625
4.756,1.715
1.109,3.154
1.161,2.275
1.267,2.487
.379,.587
.366,.584
.104,.101
3.92,6.84
.038,.076
.044,.075
5.83,4.31
.081,.089
.056,.074
.015,.085
19.51,49.95
.021,.065
.101,.075
.094,.083
.051,.085
.038,.075
.115,.104
.005,.092
.043,.052
.083,.065
.051,.091
.02,.084
2.6,3.83
.001,.07
.012,.064
.033,.088
1.26,1.57
.023,.068
.034,.085
.046,.086
.102,.096
.04,.074
.046,.091
.111,.099
34.57,53.03
.055,.062
.028,.075
32.23,52.06
3.04,6.69
.082,.081
.031,.066
.036,.079
.018,.059
.012,.061
.099,.058
5.35,30.631
.005,.072
.052,.067
.081,.071
.048,.06
.046,.063
.1,.069
2.19,.581
.071,.144
2.297,1.267
.002,.071
2.2,.57
.301,.041
.233,.115
.012,.07
.148,.122
.124,.06
.02,.074
.046,.056
2.432,1.223
65,62.07
.059,.068
.044,.053
.013,.068
.035,.133
.07,.066
.061,.081
.041,.056
.062,.082
.164,.077
.071,.067
.051,.071
.064,.072
.036,.073
.0178,.0446
.07,.07
.114,.0476
.045,.076
.172,.082
.067,.067
.294,.162
.002,.067
.337,.179
.051,.057
.135,.298
1.049,6.514
.324,.292
.0394,.0772
1.233,.137
.301,.305
4.414,6.324
.239,.175
4.722,5.364
.167,.291
4.597,7.963
7.426,6.534
.261,.238
10.259,7.645
.335,.29
1.272,.143
1.589,7.624
5.845,6.795
.254,.24
1.237,.137
.284,.303
.66,.37
.0329,.018
.004,.00049
.125,.0543
.529,.6850000000000001
.74,.83
.153,.239
4.07,7.43
.081,.075
.0221,.0365
13.533,15.795
.214,.135
.22,.037
14312,5041
.694,.355
.063,.06
1871,384
.058,.083
15.1313,17.914
.115,.065
.008,.075
2446,1810
.2002,.098
0,.071
.128,.137
.092,.08
.115,.086
.012,.061
1085,1939
24887,13756
.0391,.0383
.084,.071
.088,.084
.6096,.464
.099,.045
255,370
.064,.065
.013,.081
.845,7.515
.483,.264
.08,.069
27.99,22.508
.779,.116
.0953,.0429
2281,856
.093,.046
.1553,.102
.0321,.063
.031,.069
.085,.072
.883,.123
.041,.037
.1189,.124
3.2151,7.634
.126,.067
.109,.043
.097,.042
.136,.133
.1977,.039
.0922,.133
.0631,.049
.088,.046
10.73,13.014
550,992
.107,.059
.838,.72
504,714
.061,.8070000000000001
.027,.055
.92,.224
3422,650
.00945,.0439
.0288,.0299
5655,3642
.7671,.571
4826,3566
4050,1888
.019,.071
11.9162,19.529
732,1540
.0845,.037
.1575,.331
.134,.074
.185,.071
12.688,17.384
.003,.067
.087,.058
.065,.051
.0544,.055
.041,.079
7407,3405
.0309,.0427
25936,9636
1.778,.612
8.48,12.978
16.23,21.476
.068,.094
.246,.137
9.699999999999999,7.581
.00329,.0278
.0528,.049
14183,5363
.183,.087
3286,772
7826,2830
371,787
.022,.058
12615,6964
.803,.121
4172,1518
.251,.129
6009,1336
.05,.071
.072,.74
11155,7103
.095,.043
.024,.134
.216,.262
.052,.058
13676,4278
19077,10390
.114,.077
148,42
.84,1.56
375,48
153,40
.098,.062
.074,.11
.098,.079
.541,.265
7810,4241
942,148
767,295
1808,1630
.218,.133
.074,.043
.14,.084
.423,.293
.088,.08
.063,.057
3.793,7.2
.003,.132
.072,.053
.042,.069
.057,.058
8985,4156
.178,.069
356,88
.118,.051
.01,.055
2923,1068
.095,.056
26,48
.493,.202
44.06,20.63
9.486000000000001,4.011
.105,.056
3.8,4.2
.075,.098
9.372999999999999,4.068
.901,.386
.092,.089
.252,.078
.087,.053
9.727,4.49
.158,.114
.362,.408
4.129,6.802
0,.067
.038,.051
.037,.067
.105,.127
56,386
.159,.041
.004,.059
.263,.11
.206,.38
29.37,19.47
2437,388
125,1149
.61,.5600000000000001
306,2801
.058,.054
.043,.044
.154,.051
.028,.057
827,444
.134,.069
1635,1386
.412,7.42
.189,.056
8.882999999999999,20.29
17.183,21.937
.402,.162
.122,.084
.082,.127
.032,.056
1.12,.37
.007,.044
.063,.061
.14,.118
1055,137
4894,785
.071,.0127
.195,.183
.138,.066
.029,.058
.007,.053
1.34,.55
2093,513
.111,.102
.019,.156
.154,.27
.106,.049
.074,.136
43.22,20.66
.06,.078
.036,.049
.026,.068
.061,.315
14.092,19.129
.038,.069
.431,.269
7.9,4.6
.026,.081
.088,.062
.07,.046
.098,.048
.084,.075
34.748,17.199
.036,.109
2460,2975
8.529,27.623
.123,.116
10.291,4.345
.153,.53
.126,.043
.145,.063
11292,2670
1.94,.9399999999999999
.003,.041
.041,.047
.627,.306
3569,1464
.039,.065
339,184
.058,.051
11.762,16.434
.131,.058
.109,.478
.194,.071
.189,.235
1511,192
.043,.101
725,82
.37,.76
.1,.043
.473,.202
1.03,1.26
.06,.112
.323,.152
.216,.211
.05,.42
98,37
.44,1.01
.78,.377
.14,.064
.065,.181
.077,.071
.14,.091
.261,.08
.006,.041
.019,.054
343,65
.128,.058
.019,.073
19.111,46.985
1197,444
21946,10226
.075,.059
669,573
.01,.072
.17,.038
.333,.221
.003,.093
6015,2776
2177,1373
.084,.058
.064,.056
.333,.602
.059,.062
704,209
.109,.058
.046,.062
.297,.221
1.041,.717
.222,.153
.414,.328
.105,.159
.125,.136
.197,.153
2.6,4.8
.022,.061
.046,.048
.153,.071
.016,.038
.211,.258
.045,.048
.075,.068
.516,.247
.09,.045
21.15,19.54
.033,.148
.02,.038
.061,.061
.054,.041
.253,.124
.583,.241
681,93
14693,6743
6.8,4.9
.044,.092
.049,.055
.097,.102
.181,.127
.093,.052
.016,.131
.018,.083
.223,.399
8717,3551
.355,.095
5317,3339
.179,.04
.061,.037
.037,.038
.63,.4
1.507,7.509
55.659,29.805
.014,.04
.1,.046
.059,.064
.44,.239
.007,.074
.031,.059
.04,.131
.024,.052
.587,.082
.055,.037
.02,.078
.294,.073
.576,.064
.139,.042
14.44,21.76
.137,.041
.062,.042
6.141,9.256
.067,.065
.137,.041
.036,.054
.056,.085
.046,.057
.132,.066
.664,.172
.028,.067
.11,.067
.001,.074
.104,.081
.258,.073
.087,.171
.044,.056
.85,.41
.059,.066
.022,.052
3.05,.78
.049,.056
.046,.063
.025,.037
.667,.8100000000000001
.051,.053
.034,.105
.023,.078
.049,.053
.267,.074
.125,.067
.044,.055
.018,.079
.038,.093
.042,.04
.043,.085
.043,.037
.098,.063
.162,.038
.088,.072
.193,.093
.09,.076
3.09,7.35
.137,.042
.023,.067
4.82,7.22
.097,.077
.027,.059
.163,.05
.037,.054
.022,.073
.6889999999999999,.198
1.11,.46
.99,.5600000000000001
.069,.049
.884,.9399999999999999
.046,.067
.037,.056
.1,.046
.35,.38
.003,.062
.022,.052
.037,.063
7.21,18.56
.026,.039
.137,.041
.062,.042
.11,.085
.055,.037
.043,.072
.061,.042
.116,.058
1.23,.38
.024,.052
.024,.052
.102,.064
.122,.066
.443,.59
.041,.041
.647,.14
.041,.132
.024,.078
.139,.048
.294,.075
.104,.064
.084,.041
.05,.053
.711,.92
.051,.124
18.32,21.93
.004,.078
.023,.078
.026,.059
3.05,.78
.128,.082
.094,.063
.174,.046
.055,.037
0,.074
.048,.09
.078,.073
1,.53
.052,.063
.124,.065
.097,.061
1.3,.7
36.21,13.63
3.41,4.26
.022,.052
.522,.8
.023,.078
4.87,.5600000000000001
.031,.055
5.48,1.01
.14,.042
.117,.064
.096,.046
.011,.152
.025,.044
.137,.041
.079,.037
.055,.037
2.65,2.94
.062,.042
.043,.056
.018,.078
.037,.063
.137,.042
.011,.053
.002,.108
.05,.179
.113,.064
.105,.063
.384,.61
.01,.073
.024,.052
.011,.051
.067,.071
.011,.045
10.515,4.35
.07,.109
.027,.039
.139,.106
.004,.126
.925,.23
.225,.112
.744,.144
.074,.049
1.1,2.28
10.989,6.725
.073,.059
.015,.052
10.892,5.318
.326,.154
1.006,.27
.025,.041
.017,.039
.061,.057
17.727,6.534
.007,.043
.062,.062
5.7,1.96
.132,.076
12.428,5.512
2.38,4.83
.011,.097
.082,.091
7.667,6.815
.033,.04
.167,.085
.001,.073
5.6,3.9
4.04,1.72
.149,.068
.045,.09
.039,.142
1.205,.286
6.76,5.39
.244,.128
.16,.125
13.337,5.58
.087,.064
.019,.05
.996,.277
.076,.081
.554,.278
.008,.038
.555,.279
.5610000000000001,.092
5.66,1.86
.134,.059
16.6,3.8
1.56,1.92
.575,.097
.902,.233
.056,.065
13.418,5.19
5.63,1.86
2.53,1.69
13.169,5.646
.608,.144
1.214,.281
.136,.059
.722,.137
.067,.062
.27,4.13
.017,.069
19.583,46.45
0,.048
.11,.116
.03,.04
.001,.037
.007,.065
.092,.049
.074,.081
.028,.072
.008,.065
.035,.049
40.184,31.908
.007,.055
.044,.038
1.521,57.362
124.965,101.639
.006,.037
.03,.08
.017,.044
5.03,5.19
13,22.3
.047,.193
.052,.044
1.558,.755
.035,.1
23.4,16.7
.084,.095
21.1,19
.081,.077
.104,.057
.074,.053
.5,15.3
.045,.044
3.2,10.9
.044,.047
.089,.073
1.9,6.7
50.06,19.62
29.196,19.1
0,.108
1.2,10.9
.046,.047
12.8,17.5
1.548,.752
7.8,20.4
3.94,5.7
.039,.039
.017,.187
56.24,13.76
2.6,16.3
2.977,.775
2.963,.779
.103,.084
4.9,9.300000000000001
.122,.122
.071,.088
1.26,.83
10.1,16.5
.004,.101
.005,.044
.056,.091
.6,6.8
.184,.073
.39,15.05
1.169,15.672
18.862,20.248
5.4,16
.484,.436
.06,22.6
.031,.049
6.63,6.49
.002,.098
10.3,16.1
.082,.148
.05,.042
1.8,7.6
3.4,11.8
.085,.039
.041,.125
.015,.095
10.1,12.6
.069,.039
12.5,24.1
13.5,16.7
17.69,3.43
.349,.06
10.59,10.77
41.88,15.82
9.539999999999999,10.42
24.34,18.71
.156,.082
.021,.045
.222,.078
.122,.053
.042,.051
.103,.049
.052,.049
.645,.366
.024,.059
.413,.316
.19,2.8
.297,.08
.194,.161
.6919999999999999,.354
.054,.174
.11,.094
.303,.071
.069,.041
.047,.043
.336,.043
.38,.077
.357,.066
.337,.043
.275,.061
.231,.093
.281,.098
.055,.048
.162,.359
.6,.387
.647,.273
.194,.073
.16,.101
.0941,.106
.031,.038
.022,.106
.384,.241
.8129999999999999,.518
.318,.386
.539,.529
.183,.147
.111,.045
.332,.056
.367,.065
.075,.043
.259,.064
.141,.038
.176,.071
.081,.04
.09,.071
4.93,2.17
1.69,.82
2.34,.9399999999999999
2.95,1.48
1.41,.83
6.28,3.18
2.49,1.15
3.73,2.23
2.11,.85
4.39,1.96
3.69,1.86
.052,.052
1.6,1.98
.014,.04
5.01,1.68
1.46,1.59
4.47,1.69
.033,.078
.004,.038
.004,.05
4.15,1.71
1.94,2.48
.136,.08
.067,.06
3.18,1.55
.019,.062
.73,.62
1.679,1.015
1.22,1.02
.062,.192
.075,.358
1.023,.62
.003,.135
.022,.072
.109,.199
.074,.206
.54,.37
4.22,1.38
.086,.0186
.028,.075
.028,.14
3.13,.978
.03,.066
3.78,1.42
3.07,1.43
.973,.644
.89,1
.025,.068
.232,.1
.017,.055
.024,.071
.055,.054
.042,.074
.208,.078
.272,.106
.245,.079
.179,.057
.184,.298
.038,.096
.147,.846
.169,.103
.803,.894
.034,.085
.091,.038
.25,1.02
2.318,1.256
.187,.101
.491,.497
2.39,1.78
.401,.198
.384,.238
.584,.251
1.124,.314
.6,1.07
.86,1.18
.174,.055
.185,.109
.14,.047
.034,.072
1.31,1.69
.093,.039
.054,.08
.298,.188
2.71,1.83
.126,.471
.042,.076
1.468,1.188
.136,.064
.134,.088
4.37,2.26
3.96,1.95
.174,.118
.028,.045
.194,.116
.074,.098
.001,.044
4.02,2.26
.117,.149
.063,.042
.266,.165
.158,.169
.053,.06
5.7,1.55
.111,.112
.31,.15
2.5,1.87
.103,.037
.047,.082
5.22,1.14
9.65,2.28
7.87,4.66
.117,.066
.00716,.0668
5.87,4.27
.00179,.00836
7.3,3.93
10.4,3.16
3.79,3.67
.025,.069
.037,.063
.04,.057
.008,.053
.056,.051
.046,.054
.022,.068
.046,.053
.005,.058
.02,.06
.012,.062
.038,.051
.007,.048
0,.056
.042,.083
.026,.085
.041,.069
.101,.091
.105,.093
.083,.063
.015,.075
.01,.072
.86,.52
.073,.069
.109,.086
.133,.072
.014,.066
.032,.083
.063,.061
.002,.069
.04,.062
.09,.056
.086,.074
.064,.072
.097,.051
.046,.088
.012,.048
1.72,.75
.017,.063
.064,.075
1.57,.73
.029,.048
.43,.51
.68,.83
.087,.057
.016,.044
.37,.64
.026,.051
8.472,4.358
7.057,4.225
5.444,4.407
3.147,3.187
9.917999999999999,4.91
7.309,4.946
9.779,4.711
.121,.041
.041,.047
.068,.047
3.994,3.587
13.37,8.99
9.140000000000001,8.09
56.5,11.69
90.48,16.6
5.96,8.41
18.07,3.82
55.54,16.43
16.14,7.64
31.77,12.95
.105,.056
.137,.072
.081,.052
.091,.059
.078,.043
.025,.042
.082,.073
.054,.047
.03,.043
.035,.068
.145,.053
.072,.048
.157,.099
.13,.069
.112,.039
.167,.051
2802.47,2596.98
1489.33,1899.37
5377.83,6487.07
1982.18,2451.91
10515.93,7379.64
3102.88,3009.16
2318.39,2448.78
5533,6456.68
1379.11,1519.03
387.75,204.4
49.12,569.01
328.1,547.54
411.79,195.9
219.07,204.76
340.78,860.93
290.34,540.71
296.27,841.5599999999999
207.42,188.35
155.39,88.06999999999999
248.07,123.67
17.57,538.79
258.68,112.06
153.6,87.77
213.74,120.22
93.53,51.63
104.54,65.98999999999999
185.77,117.66
554.17,311.58
170.33,192.6
224.72,193.6
113.15,65.40000000000001
115.95,49.98
667.5599999999999,320.63
9023.549999999999,6170.88
1026.1,524.12
708.8,2022.65
520.79,874.61
9316.35,6111.74
1068.52,549.28
458.78,845.29
1024.22,2214.22
.101,.069
.095,.043
.052,.154
.058,.092
.02,.574
.081,.054
.191,.098
.045,.074
.115,.102
.177,.118
.075,.044
.168,.071
.057,.07
.014,.059
.203,.059
.122,.061
.186,.065
.052,.087
.02,.09
.079,.075
.172,.083
.106,.087
.175,.122
.068,.055
.201,.081
.087,.087
.156,.086
.139,.11
.194,.252
.089,.069
.049,.081
.19,.069
.043,.037
.082,.058
.029,.087
.137,.089
.03,.063
.115,.141
.02,.133
.185,.075
.114,.057
.006,.094
.078,.057
.083,.098
.002,.076
.002,.082
.094,.054
.115,.107
.273,.113
.175,.088
.041,.087
.112,.088
.101,.084
.193,.104
.076,.068
.051,.059
.095,.114
.039,.056
.048,.128
.107,.069
.004,.064
.063,.101
.001,.082
.041,.108
.158,.09
.207,.117
.037,.072
.197,.104
.066,.077
.059,.056
.126,.047
.082,.095
.206,.144
.149,.065
.012,.06
.077,.1
.129,.071
.109,.069
.041,.065
.075,.044
.01,.178
.207,.111
.1,.057
.113,.088
.202,.097
.063,.073
.036,.091
.076,.065
.104,.051
.062,.098
.184,.108
.003,.076
.007,.083
.11,.067
.018,.148
.003,.04
.007,.043
.05,.084
.034,.039
.029,.088
.017,.06
.024,.044
.065,.045
.1,.056
.054,.037
.112,.055
.024,.046
.006,.065
.062,.058
.008,.06
.039,.043
.024,.076
.028,.043
.111,.046
.089,.044
.1,.067
.099,.067
.016,.047
.087,.086
.105,.06
.007,.044
.096,.085
.104,.061
.0954,.0454
.0875,.0361
.106,.0357
.111,.0461
.045,.0167
2186,1091
8760,2604
7137,2562
11544,5302
2689,2099
.297,.0744
.0727,.0197
.468,.191
160.1,42.29
.121,.0356
.113,.0351
269,100.5
.4,.172
.157,.0581
.251,.0571
.0866,.0232
.2,.0595
.176,.0582
.0808,.0236
.105,.0175
.16,.044
.296,.111
.163,.0455
.291,.107
.646,.279
.796,.288
.597,.276
.0679,.0372
.486,.216
.073,.0352
.373,.215
.0773,.0372
.0148,.0255
.759,.277
.0611,.0349
.021,.0203
.366,.141
.068,.041
.233,.073
.225,.073
.072,.04
.211,.081
.088,.039
.2,.081
.063,.041
3.347,1.869
3.877,3.686
5.66,4.529
9.106,3.199
3.979,3.665
.475,.851
.425,.847
9.144,3.165
4.755,2.843
4.765,2.786
1.173,1.651
1.681,1.815
1.887,.728
1.794,1.832
1.303,1.658
3.393,1.875
5.671,4.568
4.351,1.893
4.379,1.896
1.893,.733
10.637,3.116
.482,.774
5.647,4.008
6.247,2.428
1.579,2.091
1.863,.789
4.068,3.404
1.061,1.95
4.39,1.934
3.174,1.826
.018,.082
.034,.085
.03,.078
.027,.052
.059,.054
.001,.077
.039,.081
.009,.077
.052,.073
.061,.074
.004,.062
.007,.052
.003,.061
.032,.066
.469,.471
.003,.038
.111,.057
.116,.424
.016,.038
.02,.053
.269,.167
.596,.607
.024,.043
.021,.053
.27,.175
.063,.041
.073,.505
.143,.575
.581,.607
.272,.174
.075,.506
.197,.549
4.876,1.927
.431,.207
.024,.043
.462,.472
4.92,1.93
.016,.038
6.525,2.094
.143,.575
4.935,1.88
.111,.057
6.659,2.107
.267,.168
.132,.423
.163,.549
.431,.207
4.897,1.874
.063,.041
.002,.038
.04,.044
.136,.117
.143,.152
.042,.045
.345,.183
.429,.247
.501,.283
.021,.037
.358,.182
.022,.037
1.88,1.45
.039,.038
.086,.038
.117,.043
.094,.038
7.899,2.662
.46,1.223
2.125,2.111
3.583,1.926
.105,.046
1.105,1.041
8.714,2.692
2.684,2.023
7.057,2.308
.6879999999999999,1.05
2.653,2.136
.101,.044
9.382,2.904
.124,.046
.108,.045
1.9258,.282
4.404,.605
2.017,.467
.082,.049
1.586,.418
.072,.073
.119,.066
1.115,.422
4.8,5.1
.064,.048
.573,.238
1.9,.457
388,263
683,336
1.4,5.9
.657,.191
1.726,.499
2.8,3.8
.916,.328
.017,.075
.154,.068
.64,.184
168,443
.262,.221
2.236,.506
3.058,.594
.087,.074
.012,.099
.001,.065
.1,.082
.033,.063
.162,.062
.144,.6899999999999999
.018,.062
.003,.044
.037,.037
.009,.038
.012,.037
.755,.156
1.023,.499
.527,.158
.593,.144
.845,.424
.582,.084
.777,.09
.551,.167
1.074,.295
.748,.141
.668,.071
.8139999999999999,.502
.948,.221
.511,.124
.662,.129
.65,.066
.329,.161
.407,.213
.831,.225
.829,.177
1.026,.466
.659,.068
.794,.169
.8120000000000001,.107
.141,.107
.196,.098
.214,.078
.231,.089
.204,.097
.195,.098
.213,.078
.22,.097
.166,.102
.14,.106
.215,.083
.154,.102
9.361000000000001,5.215
.00192,.00081
.00269,.00195
2.095,1.179
.01516,.00254
.782,.137
.00131,.00076
.8159999999999999,2.172
.136,.235
1.029,.71
.096,.054
.048,.07
.00021,.00095
.517,.196
.122,.252
.174,.066
.607,.27
.206,.046
1.604,.161
1.024,.126
.183,.652
.154,.042
6.952,4.28
.982,.448
.481,.278
.403,.155
.149,.066
1.257,.739
.289,.232
.00006,.00091
.643,4.6
.9409999999999999,3.865
.1,.055
.00186,.00074
.00039,.00091
1.565,.169
.01114,.00398
.268,.663
0,.00095
1.494,.18
.322,.187
.327,.095
.13,.0728
.006,.171
2.4,1.266
.233,.126
2.144,.917
.507,.099
.0413,.0331
.347,.08
1.076,.391
.26,.115
.192,.11
.0461,.043
1.69,1.379
.175,.0962
1.481,.89
.014,.155
.921,2.257
7.192,2.637
.084,.113
.424,.196
.162,.0858
1.219,.46
.29,1.987
5.851,2.482
.416,.776
.005,.8149999999999999
.025,.041
1.64,.174
.122,.541
.05,.086
.304,.143
1.098,.895
1.512,.361
.381,.476
.42,.506
.315,1.185
1.113,.201
.441,.209
1.397,.372
1.39,.638
.388,2.411
.027,.238
3.2,3.7
1.334,1.334
1.438,.417
1.45,.374
.397,.625
.181,.083
.086,.1
1.55,.767
.264,.433
.218,.115
.329,.109
.441,.47
.864,.618
.802,.9399999999999999
1.064,.393
.8070000000000001,.514
.604,.638
.094,.32
.896,.834
.367,2.437
.448,1.117
.968,.467
.16,.316
.823,.657
.265,1.164
1.076,.657
1.312,.53
.05,.094
1.642,.174
1.254,.198
1.856,.968
1.712,.313
.249,.129
1.718,.314
.033,.238
.18,.323
1.206,.533
.24,.429
.005,.078
.01,1.023
.492,.507
.355,.184
1.921,.586
.093,.106
.087,.5600000000000001
.013,.319
.212,.112
.02,.084
.372,.085
.073,.098
.145,.063
.13,.106
.078,.08
.001,.088
.269,.169
.047,.07
.192,.192
.219,.13
.08,.073
.254,.177
.175,.145
.0805,.103
.0594,.109
.138,.09
.093,.182
.101,.074
.0745,.236
.148,.087
.103,.075
.122,.071
.037,.186
.182,.141
.216,.138
.5,.49
2.97,.51
.5600000000000001,.45
3.05,.51
.093,.073
.745,.323
.01,.142
.138,.152
.064,.191
.065,.362
.248,.283
.044,.123
1.276,.611
.16,.133
.119,.127
.165,.162
.06,.218
.163,.078
.527,.153
.292,.181
.113,.091
.07,.165
.096,.171
.02,.205
.18,.218
.103,.13
.28,.128
.128,.144
.214,.185
.345,.091
.175,.159
.194,.221
.062,.216
.032,.193
1.4,.65
.149,.112
.459,.192
.239,.14
.151,.22
.86,.54
.123,.149
.165,.177
.043,.118
.123,.126
.003,.216
.13,.152
.516,.407
.26,.46
.027,.085
.205,.107
1.65,.75
.155,.181
2.76,.46
.276,.183
.022,.148
1.75,.85
.805,.364
.045,.216
.363,.398
.252,.135
.081,.097
146.94,138.89
478.15,228.7
.08,.084
.246,.142
.108,.136
.258,.135
23.52,24.83
.14,.073
46.5,26.21
1.4,1.26
.068,.089
1.24,1.28
138.98,134.86
7,3.37
.252,.146
.015,.098
335.56,172
.243,.137
.061,.085
.041,.091
446.18,182.1
79.63,282.03
7.62,3.13
974.85,306.94
.082,.038
122.79,203.13
14,4.82
.014,.067
450.82,244.12
195.75,198.68
4.68,1.75
4.78,1.72
446.8,185.73
1.89,1.86
.014,.043
2.11,1.85
229.65,434.84
.015,.042
.035,.056
2.45,4.96
6,5.17
.084,.042
122.79,203.13
.018,.052
1.89,1.86
.051,.042
.002,.039
.299,.072
.28,.073
446.8,185.73
4.68,1.75
.001,.04
.009,.046
4.66,.63
196.39,142.56
4.68,1.75
446.18,182.1
4.78,1.72
.148,.483
2.19,1.47
2.29,1.45
438.56,169.17
3.75,1.57
4.22,1.66
3.56,.57
222.72,145.43
4.01,1.69
2.74,.51
1.24,1.28
446.8,185.73
399.17,166.71
.185,.631
2.84,.51
338.59,165.68
.243,.115
.05,.137
138.98,134.86
1.4,1.26
4.58,.63
380.87,162.46
5.93,.71
.48,.48
3.86,1.56
3.43,.5600000000000001
146.94,138.89
.12,.404
.279,.859
1.023,.803
200.73,264.41
.28,2.49
.543,.736
2.083,.726
1.53,2.85
.325,.78
190.84,272.83
48.95,276.77
1.132,.837
17.17,284.24
.36,.245
.574,.89
369.74,321.11
4.56,3.24
205.47,331.53
378.69,312.67
1.914,.662
1.061,.74
.123,.766
.9389999999999999,.652
325.31,359.48
.796,.668
.874,.821
6.38,3.37
.12,.636
.01,.666
.275,.631
.578,.619
1.515,.6929999999999999
309.76,369
.414,.636
2.02,2.78
5.54,3.06
117.18,326.34
.082,.703
.662,.705
.399,.694
5.8,3.47
.728,.84
.033,.795
15.9,6.16
36.3,7.32
4.84,5.5
16.9,4.9
54.7,11.1
55.5,7.51
6.17,6.91
7.33,7.98
29.3,6.67
25.2,4.24
31.4,5.79
27.8,9.93
29.1,4.57
42.1,5.64
32.3,4.77
1.36,8.890000000000001
.11,5.34
51.3,9.050000000000001
22.4,7.22
106.4,25.6
22.7,7.49
4.46,6.1
56.87,15.1
13.6,5.4
90.2,21.3
9.73,7.04
54.5,6.25
4.71,6.58
18.5,5.02
63.4,10.4
32.3,6.18
1.81,6.3
46.6,7.61
2.11,6.05
43.7,8.363
2.98,6.374
.31,5.74
13.5,5.54
67.40000000000001,12.7
34.8,6.46
4.73,6.62
18.6,7.39
32.4,5.24
2,4.31
21.9,5.04
44.6,7.99
9.630000000000001,6.84
1.11,5.35
29.7,4.86
3.99,7.51
42.3,8.15
83.40000000000001,16.9
28.8,6.36
1.27,5.74
4839,1764
4827,2031
9666,1703
140,1419
623,1347
764,1293
526,1035
7455,1328
23,33.75
683,2669.3
4538,1503.03
121,1201.6
88,26.38
20,30.41
45,18.62
.13,.48
385,917.5700000000001
7470,1974.78
16,34.47
23,23.17
4398,1439.84
197,1436
664,1514
6802,2017
3200,1935
861,1555
3602,1974
4.71,6.4
2.11,4.79
63.7,14.9
65.3,11.5
31.8,7.9
45.5,9.98
19.9,5.87
.26,15.9
9.039999999999999,8.32
34.6,7.62
69.7,14.8
51,7.43
1.95,4.49
18.2,5.92
21.1,6.1
33.4,5.98
1.7,7.43
7.27,8.789999999999999
2.09,6.42
15,4.07
17.1,6.01
22.5,8.869999999999999
23.6,6.28
99.40000000000001,18.7
44.8,8.93
6.89,7.92
27.8,12.4
.15,7.32
28.8,7.85
45.4,7.214
2.74,5.963
97,22.4
72.40000000000001,22.1
63.9,15.8
1.44,4.87
37.2,7.75
28.8,6.26
25.3,5.79
33,7.48
5.91,6.54
24.9,9.539999999999999
50.7,12.7
25.2,18.5
35.8,5.3
18.7,5.65
86.3,26.7
14.7,7.84
.62,5.73
2.72,8.76
.32,6.64
57.4,16.6
4.75,6.32
55.2,8.109999999999999
101,22.9
64,8.85
1.51,6.39
37.2,5.76
16.34,4.46
1.1,9.029999999999999
15,5.91
26.8,4.84
80.59999999999999,21.4
5.98,8.33
35.3,5.95
54.7,7.54
33.8,5.62
.67,6.89
2.21,9.76
30.8,7.71
77.59999999999999,9.94
1.32,6.42
5.06,8.380000000000001
43.9,7.59
61.4,17.6
6.72,7.57
24.4,3.59
44.36,17.5
39.9,9.32
76.2,12.8
8.327999999999999,5.734
5.525,14.694
.25,.13
.087,.064
.485,.911
.117,.092
.105,.06
8.117000000000001,5.661
.27,.141
.085,.05
.106,.157
.195,.117
.064,.046
.516,1.26
.113,.091
.242,.127
.158,.157
.204,.123
.111,.156
.055,.176
.05,.144
.29,8.75
11.886,10.876
5.657,14.551
.092,.147
5.426,10.93
.07,.07
2.146,8.616
.006,.175
8.384,4.536
.17,.173
.06,.175
.074,.071
.07,.041
5.108,15.452
1.475,1.421
.5620000000000001,.953
.126,.088
6.108,5.016
.516,1.152
.005,.174
43.157,113.758
.261,.137
.525,8.465
.048,.143
1.271,1.332
10.226,8.282999999999999
.049,.177
2.664,7.497
5802,5831
8.218999999999999,4.606
.08,.054
.098,.064
5330,5705
.062,.152
.022,.054
.061,.146
.129,.055
.072,.104
.03,.045
.033,.045
.046,.053
.048,.055
.03,.098
.062,.053
.07,.052
.02,.046
.126,.109
.128,.102
.017,.103
.09,.108
.128,.085
.153,.107
.013,.104
.061,.139
.208,.138
.13,.103
.14,.105
.115,.082
.114,.06
.033,.077
.074,.112
.035,.077
.237,.14
.075,.0132
.055,.121
.24,.14
.064,.121
.112,.06
.114,.107
.223,.139
.08,.04
.025,.092
.043,.05
.015,.057
.006,.037
.047,.051
.056,.044
5.91,3.79
539,95
17.19,3.02
11.82,3.57
1071,239
374,112
428,94
215,70
332,123
176,119
10.15,3.91
14.09,2.99
417,113
140,63
156,69
73,69
120,59
2.32,2.17
4.6,2.17
84,69
150,69
35,86
482,126
2.24,2.34
3.82,2.74
483,148
14.31,4.71
15.15,3.99
69,74
6.32,1.49
4.24,2.04
11.93,6.9
32.88,7.59
1.28,8.300000000000001
33.33,9.16
.6899999999999999,1.09
.67,3.63
9.33,4.93
21.58,4.55
.278,1.51
18.9,5.22
26.17,7.96
25.49,6.81
1.73,5.75
4.41,3.14
2.39,1.28
3.4,6
32.71,10.7
8.93,3.78
8.26,5.54
4.65,5.72
.05,1.62
3.2,1.63
.96,3.79
3.82,4.93
.87,2.28
7.45,2.11
4.67,2.34
4.369,2.48
3.38,1.87
4.84,1.99
.0767,.0091
.0048,.0077
.0738,.0093
.0333,.0094
.0084,.0086
.0243,.0086
.0519,.0088
.0088,.0086
.007,.0086
.0148,.0085
.0769,.0091
.0536,.0096
.0313,.0088
.0273,.0085
.0531,.0089
.0066,.0086
.0296,.0083
.0139,.0085
.0044,.0061
.0536,.0096
.025,.0086
.031,.0088
.0066,.0086
.0202,.0084
.0038,.0086
.0532,.0084
.0144,.0085
.0309,.0088
.004,.0086
.0043,.0061
.0247,.0078
.033,.0094
.0533,.0084
.0043,.0061
.0066,.0086
.0054,.0078
.0739,.0084
.0139,.0085
.0047,.0083
.0086,.0086
.0316,.0088
.031,.0088
.0041,.0061
.0545,.0097
.0086,.0086
.0032,.0086
.0267,.0079
.0242,.0086
.0558,.0097
.0137,.0085
.075,.0081
.0067,.0086
.056,.0099
.0201,.0084
.021,.0085
.0032,.0083
.0039,.0086
.056,.0097
.0256,.0086
.0337,.0096
.0045,.0061
.004,.0086
.0032,.0083
.0086,.0086
.0244,.0085
.0081,.0129
.1217,.0132
.0159,.0113
.1275,.0146
.1168,.0138
.1211,.0133
.0336,.0137
.0116,.0132
.011,.0112
.0146,.0131
.0286,.0118
.1273,.0146
.0223,.0131
.034,.0141
.1297,.0152
.1296,.0152
.0156,.0119
.0258,.0117
.0127,.0117
.0164,.0128
.0083,.0129
.0213,.0122
.1235,.0128
.1239,.0151
.0338,.0137
.025,.0111
.1303,.0153
.0184,.0129
.0164,.0128
.0185,.0129
.057,.04
.067,.039
3106,2858
12496,14029
114,1384
1847,1669
.008,.057
602,2930
3016,3021
.041,.06
3413,1047
5235,8010
1246,1832
470,5742
3308,1678
7376,7312
3998,7911
51,1091
1224,6399
874,3377
12192,14243
19,1747
5967,869
540,1451
2228,2754
8053,4798
2041,949
242,3233
.025,.048
.2,.037
.00974,.0224
.838,.499
.221,.453
.0288,.0258
.187,.08749
.0366,.0213
.213,.0344
.105,.0839
.0365,.0353
.286,.142
3.13,.8025641
3.95,.66241825
4.79,.9410609
3.94,.65886288
1.06,.61627907
1.86,.47938144
1.79,.7920353999999999
.36,.70588235
2.56,.64810127
1.16,.63387978
.38,.71698113
1.46,.62660944
4.31,.64232489
1.87,.48195876
1.16,.64088398
1.09,.62643678
1.76,.78923767
4.35,.61527581
1.41,.8245614
2.59,.64427861
5.21,.84304207
2.92,.71744472
1.92,.78367347
1.33,.60454545
2.25,.52204176
1.96,.77165354
2.89,.71007371
1.62,.63779528
4.7,.80895009
.55,.71428571
.6899999999999999,.6969697
1.23,.60891089
2.25,.51963048
1.62,.63035019
12.337,8.736000000000001
23.872,7.865
7.658,7.664
8.686,9.587
31.773,8.613
16.283,8.32
.023,6.623
5.888,6.089
42.795,6.681
33.069,6.081
7.006,6.678
16.039,6.625
6.84,2.15
.41,.91
1,.45
.6899999999999999,.43
2.94,.75
1.77,.416
2.4,1.96
.98,.92
7.43,4.39
2.27,1.1
.93,.59
3.63,1.74
.08,1.37
.54,.55
.71,.79
1.36,.57
1.55,.95
2.99,2.27
1.28,.88
1.5,.45
4.08,1.31
9.17,4.49
.87,.86
1.93,.59
1.14,.841
.06,.73
2.88,4.76
1.66,1.51
1.21,.93
1.26,.62
.28,4.69
.46,.42
1.43,.64
1.76,.75
1.25,1.04
1.12,.67
5.93,1.7
.19,.67
1.33,.92
.96,1.12
1.26,1.35
.79,.5600000000000001
.35,1.03
.87,.86
.72,.9399999999999999
1.22,.68
.28,.86
.39,.084
1.59,.85
.26,.82
1.33,.89
.147,.4
1.225,.42
4.182,79.02
56.5,61.21
80.143,60.936
175.907,86.81
114.93,63.76
84.90000000000001,62.51
148.9836,85.01000000000001
29.489,78.04000000000001
144.137,73.79000000000001
78.682,65.68000000000001
39.656,71.5
65.19,69.84
133.337,70.03
1.225,.42
60.365,105.13
52.466,100.1
165.972,74.73
49.9,80.04000000000001
39.656,71.5
22.94,69.5
1.225,.42
1.9,.44
78.682,65.68000000000001
.008,.101
.072,.057
11.108,7.085
.4941,.8129999999999999
2.309,1.901
7.414,4.179
.984,.847
2.844,1.126
17.254,7.025
.042,.105
5.988,5.112
.291,.167
.099,.078
.221,.112
5.558,2.935
10.663,4.613
1.76,.731
1.083,.5590000000000001
5.237,7.611
9.038,5.261
1.97,.8159999999999999
5.558,2.935
.994,1.024
.736,1.224
3.18,3.86
1.76,.731
11.784,5.073
1.083,.5590000000000001
1.49,.881
10.663,4.613
.9562,.7029
.2083,.0632
.0869,.0365
.3382,.8108
.0869,.0365
.1321,.0553
.9562,.7029
.1321,.0553
.1884,.0635
.0137,.0049
.0069,.0049
.0167,.0049
1.0554,.4701
.7989000000000001,.8397
.1607,.0522
.0854,.064
.7427,.6718
1.0555,.4701
.0089,.0042
1.0909,.8195
.0089,.0042
.0008,.0049
.3401,.7896
.0029,.0049
.118,.0627
.0127,.0048
.1426,.806
.0147,.0629
.0049,.0635
.007,.0048
.8953,.7969000000000001
.1206,.8204
.0883,.0634
.0059,.0051
.005,.0042
.032,.9344
.7063,1.0724
.0055,.0044
.032,.9344
.0055,.0044
.0024,.0051
.1954,1.1058
.1192,.8913
.0067,.0051
.7385,.6262
.7383,.6262
.8686,1.103
.037,.054
.052,.064
.092,.052
.096,.037
.052,.055
.059,.068
.08,.038
.089,.067
.042,.057
.016,.064
.117,.066
.101,.037
.027,.064
.207,.052
.038,.062
.09,.05
.021,.062
.048,.053
.142,.038
.012,.037
.014,.039
.028,.04
.003,.039
.07,.038
.103,.039
0,.039
.085,.04
.061,.039
.024,.039
.018,.041
.022,.038
.147,.041
.061,.041
.02,.057
.013,.062
.006,.041
.062,.049
.105,.041
.032,.056
.025,.061
.133,.051
.153,.058
.073,.056
.048,.042
.122,.043
.044,.058
.11,.04
.14,.061
.036,.061
.109,.052
.068,.039
.109,.05
.12,.057
.012,.059
.037,.057
.012,.056
.006,.053
.139,.05
0,.054
.093,.057
.005,.057
.0345,.056
.093,.048
.0074,.055
.125,.049
.035,.056
.058,.048
.051,.055
.074,.058
.007,.059
.02,.058
.133,.07
.049,.074
.0274,.046
.027,.068
.008,.068
.048,.067
.006,.048
.028,.045
.036,.046
.005,.07
.002,.065
.026,.049
.155,.067
.02,.047
.052,.049
.05,.046
.047,.054
.024,.053
.049,.051
.023,.053
.048,.046
.054,.072
.053,.072
.03,.053
.003,.048
.031,.048
.005,.049
.224,.211
.132,.05
.031,.223
.201,.049
.197,.218
.175,.049
.134,.049
.105,.212
.521,.063
.334,.062
.114,.061
.314,.062
.434,.061
.441,.063
.536,.263
.174,.0911
.0942,.239
.298,.178
.00982,.0703
.0151,.307
.203,.113
.192,.077
.0671,.161
.0948,.202
.167,.312
.18,.0608
.375,.129
.277,.122
.15,.128
.702,.0795
.582,.318
.317,.217
.12,.0717
.408,.152
.387,.138
.166,.0878
.284,.1
.31,.0858
.0024,.0047
.00643,.0158
.141,.053
.03,.039
.265,.0688
.0458,.04
.278,.0977
.153,.0839
.153,.0428
2.164,1.151
.108,.128
.54,.19
.153,.0434
.443,1.368
.156,.0798
.02,.042
.014,.041
.0552,.0262
.448,.163
.0976,.0811
.672,.09
.144,.0837
.341,.102
.211,.0729
.326,.289
.003,.041
.0427,.0385
.006,.04
.273,.104
.0568,.0262
.199,.18
.027,.042
.5600000000000001,.07
.028,.04
.11,.193
.639,.212
.004,.051
.012,.051
.0249,.147
.0124,.07
.623,.222
.083,.19
.044,.193
45.426,102.511
.171,.0972
6.996,8.159000000000001
113.018,126.26
.047,.047
38.339,101.573
.354,.114
86.995,109.439
.006,.178
.017,.044
.581,.072
.698,.096
.744,.35
25.354,110.911
.387,.108
264,123
.799,.35
.427,.17
400,146
.467,.092
.316,.056
.498,.064
.743,.175
.48,.09
.162,.088
24.166,105.03
605,275
.0006,.0054
265,109
.297,.126
.271,.157
.305,.094
.195,.069
5.802,8.337999999999999
.526,.088
.282,.198
.008,.049
.232,.101
.035,.177
.206,.192
1.988,102.701
.358,.064
12.693,106.513
.152,.33
.122,.18
.231,.109
.184,.092
.0619,.0756
9.074,6.92
.0012,.0046
.062,.094
.705,.215
147.983,119.543
.1,.062
.057,.047
55.237,27.98
.354,.105
330,141
.013,.089
.511,.102
.113,.076
.062,.064
281.555,132.572
.093,.05
.13,.196
.06,.075
.071,.076
.07,.038
28.978,15.166
142.479,101.002
95,143
.367,.045
245,96
.445,.127
.079,.039
.342,.073
.0318,.0876
83.989,94.661
.02,.102
.001,.195
.228,.387
.102,.198
.037,.042
.084,.179
.217,.34
79.77,68.482
.0756,.198
.0943,.124
296.574,126.38
.23,.059
70.062,45.054
.057,.054
.125,.091
.0359,.0584
187.826,106.129
32.533,17.131
.281,.089
.131,.181
.227,.36
.048,.09
.581,.436
181.102,305.878
.026,.071
.361,.077
.463,.316
.732,.082
.389,.106
4.7,.629
.053,.063
.152,.046
.711,.387
.167,.172
.213,.051
.03,.045
.579,.317
.072,.042
.154,.045
.062,.063
.173,.362
.6889999999999999,.104
.108,.038
.088,.041
.5,.179
.239,.293
.108,.058
.366,.302
84.55200000000001,127.252
1.31000000000e-15,.438
122.822,297.461
.08,.202
.5580000000000001,.076
.0921,.141
.122,.052
.61,.108
.257,.054
450.125,356.568
382.002,271.23
188.496,94.733
.034,.077
.342,.144
4.888,.517
.19,.052
.00433,.379
.266,.433
19.996,100.273
406.34,468.693
.101,.038
.445,.197
5.3,.604
.047,.062
.108,.039
193.7495,242.484
.066,.232
1.03000000000e-15,1.18000000000e-08
.039,.044
.473,.133
.024,.057
155.526,403.44
.338,.229
607.436,342.681
643.63,455.407
.516,.436
.119,.072
.07,.279
.572,.171
.326,.298
.047,.254
.295,.142
.099,.277
.113,.11
.168,.059
.165,.108
.34,.253
.26,.131
.231,.037
.331,.261
.768,.293
.283,.286
.114,.066
.355,.231
.009,.044
.054,.256
.511,.146
.497,.302
.0356,.0942
.478,.161
.117,.135
.074,.275
.022,.134
.114,.076
.131,.223
.119,.201
.101,.038
.212,.218
.143,.195
.273,.196
.577,.06511
.137,.2
.122,.199
.326,.206
.058,.192
.128,.052
.198,.253
.634,.207
.096,.22
.091,.197
.626,.214
.678,.446
.375,.145
.483,.731
.091,.01497
.03,.045
.125,.206
.275,.207
.063,.061
.056,.19
.078,.052
.204,.221
.511,.208
.05,.041
.15,.212
.172,.203
.088,.045
.047,.196
.475,.221
.255,.207
.00114,.156
.045,.193
88.036,86.988
.058,.081
2.078,33.161
21.121,16.27
8.904,33.463
.107,.072
18.1325,24.477
10.659,18.778
47.373,31.321
30.12,27.596
14.382,36.958
5.365,37.339
11.237,19.3
20.18,16.061
.071,.068
9.358000000000001,19.391
2.136,32.783
.075,.064
9.584,16.446
1.655,31.352
15.412,25.576
59.46,31.719
2.512,61.83
27.516,20.963
31.648,20.923
5.036,29.416
36.302,27.427
35.94,52.405
10.517,53.487
12,38
15.025,57.674
5.23,1.64
5.51,1.47
.27,.9399999999999999
.96,1.28
