19.9,5.87
31.8,7.9
61.4,17.6
0.62,5.73
15.9,6.16
2.09,6.42
9.63,6.84
1.81,6.3
72.4,22.1
14.7,7.84
15,5.91
54.5,6.25
29.3,6.67
54.7,7.54
99.41,18.7
46.6,7.61
45.4,7.214
2.21,9.76
25.3,5.79
80.6,21.4
83.4,16.9
77.6,9.94
26.8,4.84
13.6,5.4
44.8,8.93
44.6,7.99
2.74,5.963
2.72,8.76
28.8,6.36
7.33,7.98
0.31,5.74
5.86,17
9.04,8.32
50.7,12.7
32.4,5.24
33.8,5.62
3.99,7.51
54.7,11.1
1.32,6.42
33,7.48
18.2,5.92
39.9,9.32
18.5,5.02
35.3,5.95
22.4,7.22
24.9,9.54
29.1,4.57
27.8,9.93
31.4,5.79
6.17,6.91
56.87,15.1
1.11,5.35
34.6,7.62
6.72,7.57
9.73,7.04
17.1,6.01
21.9,5.04
32.3,6.18
97,22.4
1.27,5.74
1.44,4.87
18.7,5.65
86.3,26.7
4.75,6.32
35.8,5.3
106.4,25.6
2.11,4.79
76.2,12.8
29.7,4.86
2,4.31
43.7,8.363
28.8,6.26
67.4,12.7
63.7,14.9
23.6,6.28
18.6,7.39
27.8,12.4
15,4.07
21.1,6.1
33.4,5.98
22.7,7.49
22.5,8.87
7.27,8.79
37.2,5.76
4.84,5.5
1.1,9.03
0.15,7.32
44.36,17.5
4.71,6.4
28.8,7.85
57.4,16.6
63.9,15.8
1.7,7.43
0.67,6.89
73.6,16
64,8.85
45.5,9.98
63.4,10.4
51.3,9.05
1.51,6.39
1.36,8.89
2.98,6.374
43.9,7.59
42.3,8.15
16.34,4.46
42.1,5.64
13.5,5.54
65.3,11.5
5.91,6.54
36.3,7.32
69.7,14.8
24.4,3.59
51,7.43
16.9,4.9
101,22.9
0.32,6.64
4.46,6.1
6.89,7.92
90.2,21.3
1.95,4.49
0.11,5.34
30.8,7.71
4.73,6.62
4.71,6.58
25.2,4.24
37.2,7.75
55.2,8.11
32.3,4.77
5.06,8.38
34.8,6.46
2.11,6.05
0.26,15.9
25.2,18.5
55.5,7.51
5.98,8.33
1.41,0.8245614
1.09,0.62643678
2.56,0.64810127
3.95,0.66241825
0.56,0.02036364
0.56,0.02047532
0.56,0.02046036
4.31,0.64232489
1.96,0.77165354
4.35,0.61527581
0.69,0.6969697
2.92,0.71744472
4.7,0.80895009
1.87,0.48195876
5.21,0.84304207
2.59,0.64427861
2.25,0.51963048
1.46,0.62660944
1.79,0.7920354
3.13,0.8025641
1.06,0.61627907
1.23,0.60891089
2.89,0.71007371
0.56,0.02676864
1.33,0.60454545
2.25,0.52204176
7.58,0.72397326
1.62,0.63779528
7.81,0.75096154
0.55,0.71428571
0.38,0.71698113
1.76,0.78923767
4.79,0.9410609
3.94,0.65886288
1.86,0.47938144
1.62,0.63035019
1.16,0.64088398
1.92,0.78367347
0.36,0.70588235
1.16,0.63387978
0.014,0.011
1.9,6.7
0.098,0.048
0.038,0.093
5.4,16
0.044,0.024
0.189,0.056
0.036,0.026
0.051,0.124
0.026,0.068
23.4,16.7
12.5,24.1
0.6,6.8
0.006,0.008
0.001,0.005
0.087,0.171
0.105,0.035
10.1,16.5
0.033,0.04
12.8,17.5
13,22.3
0.037,0.028
0.022,0.02
0.06,0.078
0.019,0.022
10.3,16.1
0.06,0.112
0.048,0.09
4.9,9.3
0.194,0.071
0.009,0.036
0.145,0.063
0.095,0.056
0.014,0.04
0.045,0.032
0.04,0.131
0.011,0.152
0.007,0.027
0.034,0.105
0.019,0.05
0.011,0.013
0.118,0.051
3.4,11.8
0.023,0.019
2.6,16.3
1.8,7.6
7.8,20.4
0.154,0.051
0.05,0.179
0.025,0.041
0.041,0.132
21.1,19
0.153,0.071
1.2,10.9
0.008,0.038
0.021,0.018
0.013,0.013
0.002,0.108
0.002,0.033
10.1,12.6
13.5,16.7
0.5,15.3
3.2,10.9
0.06,0.075
0.113,0.076
0.48,0.041
0.195,0.069
0.017,0.044
0.655,0.054
0.367,0.045
0.088,0.041
0.07,0.038
0.23,0.059
0.502,0.048
0.732,0.082
0.304,0.033
0.008,0.049
0.636,0.036
0.56,0.07
0.46,0.041
0.062,0.063
0.19,0.052
0.511,0.102
0.053,0.063
0.047,0.047
0.013,0.089
0.037,0.042
0.062,0.064
0.071,0.076
0.057,0.054
0.086,0.031
0.358,0.064
0.61,0.108
0.865,0.042
0.498,0.064
0.389,0.106
0.024,0.057
0.026,0.071
0.125,0.091
0.316,0.056
0.062,0.094
0.02,0.102
0.213,0.051
0.467,0.092
0.108,0.039
0.342,0.073
0.48,0.09
0.361,0.077
0.558,0.076
0.1,0.062
0.093,0.05
0.079,0.034
0.034,0.077
0.689,0.104
0.048,0.09
0.846,0.029
0.257,0.054
0.03,0.015
0.039,0.02
0.027,0.013
0.04,0.018
0.036,0.014
0.035,0.018
0.033,0.014
0.002,0.1
1.477,1.01
0.045,0.08
5.153,5.11
11.676,8.08
0.005,0.00049
3.971,3.16
0.04,0.03
0.001,0.08
3.883,0.605
0.081,0.47
2.207,1.97
0.506,0.104
1.951,0.671
0.008,0.46
2.023,1.78
0.023,0.05
0.193,0.19
0.349,0.79
1.138,8.31
5.337,4.73
0.034,0.019
0,0.04
20.117,2.795
0.006,0.01
0.015,0.02
21.128,23.06
0.016,0.02
3.608,7.24
0,0.063
0.037,1.46
0.015,0.02
1.706,3.82
0.622,2.72
0.056,0.12
1.893,0.923
1.326,5.81
0.071,0.06
0.131,0.18
0.05,0.12
0.019,0.05
0.002,0.02
0.001,0.01
6.359,0.709
0.438,0.236
0.015,0.01
0.468,0.45
1.031,2.07
0.017,0.04
0.001,0.07
11.731,11.61
0.23,0.53
0.387,0.188
0.008,0.07
0,0.02
0.416,0.84
0.882,0.428
0.003,0.01
0.01,0.03
0.125,0.13
1.849,1.47
0.012,0.01
0,0.031
0.28,0.163
3.653,1.992
0.273,1.2
2.447,17.87
0.007,0.002
0.154,0.28
25.139,24.93
1.418,0.95
0.037,0.05
0.061,0.13
0.006,0.05
18.411,16.26
0.236,0.048
13.441,7.56
0.585,0.39
0.006,0.01
9.403,1.424
0.055,0.08
0.09,0.2
4.955,3.32
0.015,0.02
0.003,0.02
0.007,0.01
0.037,0.04
0.192,0.42
32.482,4.866
0,0.013
0,0.03
2.743,1.544
24.524,11.903
0.001,0.01
0.018,0.03
0.795,1.78
11.38,5.53
4.727,1.619
0.813,0.65
0.015,0.61
4.3631,4.75
0.302,0.21
0.414,0.37
0.502,3.68
0,0.01
0.004,0.22
8.87,1.27
0.016,0.02
0.02,0.05
3.372,2.36
0.053,0.06
9.842,10.73
0.033,0.03
0.004,0.01
0.016,0.04
1.391,0.98
0.688,0.47
16.33,5.696
0.035,0.11
1.622,1.55
43.146,6.089
0.033,0.03
1.059,0.57
6.25,3.503
0.169,0.074
0.079,0.034
0.104,0.022
0.007,0.02
0.035,0.015
0.943,0.83
0.048,0.11
4.98,2.44
1,4
219,204
328,547
155,88
1,2
411,195
1489.33,1899.37
1982.18,2451.91
248,123
340,860
113,65
213,120
224,193
667,320
708,2002
1379.11,1519.03
1068,549
5533,6456.68
49,569
2802.47,2596.98
1,3
9316,6111
115,49
554,311
170,192
9023,6130
9,5
5377.83,6487.07
93,51
207,188
10,2
7,2
153,87
258,112
290,540
3102.88,3009.16
2,2
107471.41,7446.21
458,845
2,2
1024,2214
17,538
10515.93,7379.64
2318.39,2448.78
0.09,0.03
520,874
296,841
185,117
387,204
9,4
7,3
1026,524
1,4
104,65
71,29
3,6
10,16
1,26
83,98
24,5
43,21
82,95
49,36
8,24
85,31
7,43
34,17
50,84
75,30
5,11
3,76
9,22
39,43
113,88
4,9
59,27
35,24
100,56
59,56
44,25
17,60
12,15
52,26
6,26
1,12
191,98
82,58
139,110
115,102
101,69
75,44
76,21
51,59
35,17
4,64
5,19
16,17
22,9
207,117
37,17
33,20
33,15
19,25
156,86
18,15
115,107
11,20
126,47
273,113
17,31
14,20
79,75
75,24
5,21
100,57
16,47
77,100
24,28
52,19
33,15
50,29
51,25
29,26
7,16
17,26
95,114
201,81
29,29
10,178
41,65
19,11
87,86
66,77
24,16
55,22
175,122
26,27
184,108
13,8
105,60
18,21
70,26
33,21
7,83
30,17
42,23
75,44
28,43
78,57
76,65
53,15
4,20
62,98
193,104
58,29
22,22
69,22
89,69
87,87
38,24
49,56
36,31
63,73
14,24
10,17
8,18
175,88
45,19
6,65
58,25
2,76
4,18
99,67
1,82
29,22
48,28
190,69
12,33
57,22
172,83
6,22
48,128
41,108
63,101
32,31
112,55
129,71
19,14
202,97
15,20
89,44
15,33
2,82
11,15
42,18
28,9
95,43
52,21
107,69
11,6
168,71
114,57
36,91
10,10
53,18
24,27
2,22
20,90
206,144
75,29
13,25
18,148
12,21
8,25
20,133
115,141
41,87
13,24
5,8
157,11
101,84
21,18
4,30
81,54
24,32
26,26
100,67
94,54
3,40
45,74
197,104
185,75
37,72
10,11
6,22
37,20
24,46
70,25
57,70
7,44
25,20
14,15
36,32
34,19
149,65
111,46
7,21
112,88
122,61
207,111
20,574
65,45
24,76
109,69
12,60
2,18
8,60
12,15
71,29
76,68
24,44
29,88
49,81
19,26
158,90
52,87
21,29
68,55
9,28
177,118
6,94
24,8
45,25
52,154
62,58
40,12
106,87
104,61
12,15
29,87
186,65
42,33
104,51
20,21
30,23
4,33
203,59
20,14
194,252
58,92
8,17
110,67
0,16
21,30
27,26
10,15
43,37
65,23
19,26
30,63
96,85
34,39
137,89
19,30
14,59
36,29
50,15
75,24
11,22
5,6
54,37
83,29
39,18
0.072,0.042
0.079,0.033
0.168,0.059
0.103,0.035
0.122,0.052
0.688,1.05
7.899,2.662
0.055,0.032
0.048,0.035
2.236,0.506
9.382,2.904
0.124,0.046
0.262,0.221
0.087,0.074
0.033,0.063
0.117,0.043
8.714,2.692
1.9258,0.282
0.039,0.035
0.012,0.019
0.094,0.038
1.9,0.457
0.175,0.07
0.06,0.033
0.018,0.062
0.46,1.223
0.025,0.019
0.657,0.191
0.003,0.044
0.1,0.082
0.03,0.026
0.042,0.036
0.05,0.04
0.093,0.035
3.058,0.594
2.684,2.023
0.013,0.009
0.012,0.06
1.726,0.499
0.043,0.036
2.125,2.111
4.404,0.605
0.048,0.022
0.144,0.69
0.105,0.046
3.583,1.926
1.586,0.418
0.012,0.099
2.017,0.467
0.916,0.328
1.115,0.422
0.086,0.038
1.105,1.041
0.108,0.045
0.008,0.022
2.653,2.136
0.061,0.034
0.162,0.062
0.045,0.035
0.039,0.038
0.573,0.238
1.88,1.45
0.101,0.044
0.001,0.065
0.021,0.035
0.64,0.184
7.057,2.308
0,0.023
0.054,0.025
0.002,0.013
0.01,0.055
0.077,0.03
0,0.022
0.006,0.023
0.001,0.028
0.158,0.114
0.003,0.041
0.123,0.116
0.044,0.019
0.074,0.11
0.001,0.011
0.037,0.038
0.021,0.013
0.033,0.033
0.039,0.142
0.022,0.061
0.036,0.027
0.058,0.054
0.082,0.091
0.033,0.027
0.019,0.073
0.016,0.018
0.038,0.069
0.074,0.049
0.012,0.023
0.026,0.039
0.042,0.04
0.027,0.032
0.043,0.036
0.007,0.034
0.033,0.029
0.03,0.08
0.037,0.023
0.009,0.02
0.04,0.019
0.041,0.047
0.088,0.08
0.011,0.021
0.013,0.023
0.004,0.126
0.018,0.031
0.022,0.033
0.043,0.101
0.067,0.071
0.004,0.022
0.079,0.037
0.012,0.032
0.001,0.037
0.075,0.059
0.019,0.015
0.011,0.053
0.064,0.036
0.035,0.023
0.006,0.016
0.037,0.035
0.092,0.049
0.017,0.012
0.03,0.026
0.037,0.029
0.004,0.059
0.008,0.065
0.007,0.044
0.057,0.058
0.059,0.062
0.049,0.035
0.007,0.01
0.017,0.039
0.021,0.029
0.036,0.016
0.132,0.076
0.046,0.029
0.069,0.049
0.056,0.065
0.028,0.072
0.022,0.031
0.105,0.159
0.097,0.102
0.003,0.014
0.028,0.057
0.014,0.01
0.074,0.081
0.006,0.014
0.111,0.102
0.032,0.056
0.105,0.063
0.017,0.044
0.03,0.04
0.053,0.036
0.014,0.024
0.07,0.109
0.017,0.033
0.011,0.017
0.045,0.048
0.042,0.026
0.076,0.081
0.131,0.058
0.067,0.062
0.041,0.041
0.01,0.072
0.02,0.013
0.032,0.02
0.087,0.064
0.045,0.09
0.044,0.038
0.013,0.036
0.073,0.059
0.027,0.039
0.027,0.022
0.006,0.009
0.006,0.025
0.181,0.127
0.02,0.033
0.045,0.035
0.037,0.056
0.015,0.018
0.006,0.033
0.075,0.098
0.009,0.027
0.02,0.038
0,0.048
0.128,0.058
0.122,0.084
0.007,0.055
0.009,0.017
0.037,0.023
0.014,0.028
0.006,0.035
0.008,0.016
0.035,0.049
0.012,0.029
0.006,0.037
0.084,0.075
0.043,0.044
0.001,0.032
0.062,0.062
0.015,0.052
0.092,0.089
0.015,0.015
0.016,0.038
0.044,0.092
0.061,0.057
0.013,0.028
0.026,0.03
0.11,0.116
0.011,0.045
0.074,0.043
0.007,0.053
0.109,0.058
0.024,0.035
0.007,0.065
0.007,0.043
0.007,0.035
0.012,0.018
0.017,0.069
0.042,0.069
0.167,0.085
0.003,0.017
0.05,0.11
0.14,0.04
0.23,0.06
1.05,0.11
0.02,0.03
0.57,0.18
0.06,0.05
0.14,0.03
0.58,0.12
0.51,0.14
0.06,0.05
0.02,0.02
0.16,0.03
0.37,0.11
0.11,0.03
0.13,0.08
0.19,0.03
0.22,0.06
0.67,0.21
0.35,0.07
0.23,0.07
0.38,0.1
0.28,0.07
0.53,0.11
0.08,0.03
0.114,0.0476
0.13,0.04
0.74,0.11
0.33,0.06
0.48,0.1
0.01,0.03
0.11,0.05
0.294,0.162
0.54,0.1
0.19,0.09
0.44,0.08
0.06,0.02
0.02,0.02
0.38,0.07
0.0394,0.0772
0.15,0.02
0.55,0.09
0.82,0.12
0.41,0.1
0.23,0.06
0.0178,0.0446
0.17,0.04
0.97,0.13
0.53,0.13
0.57,0.1
0.56,0.08
0.1,0.08
1.09,0.21
0.239,0.175
0.05,0.02
0.09,0.03
0.15,0.03
0.19,0.07
0.4,0.25
1.04,0.22
1.09,0.18
0.34,0.08
0.03,0.01
0.36,0.07
0.55,0.08
0.08,0.07
0.24,0.04
0.47,0.1
0.26,0.08
0.035,0.133
1.11,0.11
0.28,0.04
0.02,0.03
0.33,0.28
0.09,0.2
0.1,0.05
0.29,0.08
1.41,0.2
0.337,0.179
0.18,0.03
0.67,0.14
0.19,0.05
0.31,0.09
0.02,0.07
0.63,0.18
0.28,0.07
0.72,0.09
0.26,0.08
0.01,0.01
0.89,0.19
0.11,0.1
0.81,0.17
0.2,0.05
0.07,0.07
0.22,0.05
1.11,0.024
0.02,0.14
0.22,0.09
0.14,0.03
0.62,0.08
0.1,0.03
0.0805,0.103
0.126,0.06
0.025,0.024
0.13,0.0728
0.025,0.041
0.145,0.063
0.233,0.126
0.162,0.0858
0.0461,0.043
0.0594,0.109
0.05,0.086
0.13,0.106
0.073,0.098
0.0413,0.0331
0.0745,0.236
0.05,0.094
0.175,0.0962
0.05,0.034
172,368
0.157,0.0481
45.6,185.7
0.124,0.333
536,587
498,419
803,350
3.343,7.791
111.3,56.44
1436,468
0.0166,0.0691
95.97,76.22
84,169
109,43
29.36,60.67
0.178,0.0464
5.047,7.913
4.093,7.705
59.89,21.93
509.4,183.8
7.756,10.88
83.38,32.89
11.28,7.079
534,262
46.65,35.01
365.1,180.7
0.171,0.302
3.238,10.13
0.119,0.0643
11.89,8.077
0.0836,0.0599
0.183,0.0619
35.85,41.41
64,194
153.1,152.4
0.252,0.292
4.365,1.048
6.962,6.069
4.331,8.934
3.275,1.045
74.69,70.59
0.139,0.0402
45.96,35.01
3.26,1.155
1780,968
105.8,32.52
167.9,192.2
0.0817,0.0528
165,250
830,308
309,398
48.37,51.78
74.97,117
1425,431
671,346
3.72,1.647
0.00842,0.0184
8,224
0.441,0.14
546,6360
43.57,186
2555,2025
3204,1095
1.661,0.582
383,644
39.08,28.46
6.577,39.86
0.0542,26.29
595,681
7.323,7.797
718,369
108.4,27.21
435,325
71.33,48.14
210,381
19,9
5144,1866
5.381,1.946
288,375
301.5,125.5
284,276
332,167
16.69,71.63
2928,936
95,42
55.96,18.83
2.336,160.1
0.132,0.33
116,70
0.101,0.0346
63.63,66.62
90.1,71.9
0.0751,0.0412
10.74,35.86
543,346
8.662,4.784
143.5,57.33
147,45
0.115,0.0366
76.67,37.81
29.75,25.04
441,666
5,9
7,48
0.038,0.051
12,62
8,53
4,35
0.046,0.054
0.046,0.053
0,0.056
20,60
40,57
25,69
37,63
5,58
56,51
2,34
22,68
0.086,0.034
0.017,0.009
10.259,7.645
0.098,0.062
0.038,0.075
0.044,0.075
0.554,0.278
0.071,0.067
0.036,0.079
0.046,0.086
0.135,0.298
5.845,6.795
0.067,0.067
0.023,0.068
0.007,0.007
0.051,0.085
0.128,0.082
0.284,0.303
0.017,0.009
0.012,0.064
0.041,0.056
0.122,0.066
0.051,0.057
0.013,0.009
0.109,0.029
0.115,0.104
0.051,0.071
0.003,0.067
0.062,0.082
0.021,0.045
0.254,0.24
0.043,0.085
0.09,0.076
17.727,6.534
0.061,0.081
0.046,0.063
0.088,0.024
4.597,7.963
0.055,0.062
0.084,0.034
0.294,0.075
0.105,0.056
0.183,0.087
1.233,0.137
0.041,0.079
0.902,0.233
0.048,0.06
0.114,0.077
0.004,0.022
0.003,0.008
0.019,0.071
0.031,0.069
0.252,0.078
1.552,0.112
0.085,0.072
0.026,0.081
0.167,0.291
0.335,0.29
0.005,0.027
0.105,0.034
0.036,0.073
0.07,0.07
0.038,0.076
0.014,0.011
0.097,0.077
0.042,0.051
0.125,0.067
0.083,0.027
0.04,0.074
0.013,0.081
0.092,0.08
0.052,0.067
0.051,0.091
0.267,0.074
0.002,0.028
0.097,0.061
0.294,0.073
0.124,0.06
0.104,0.101
0.104,0.064
0.0012,0.07
0.555,0.279
0.126,0.067
0.07,0.066
0.031,0.066
10.892,5.318
0.004,0.029
1.589,7.624
0.081,0.071
10.989,6.725
0.065,0.051
0.018,0.083
0.008,0.075
0.172,0.082
0.098,0.079
0.104,0.081
0.059,0.066
0.004,0.078
0.075,0.027
4.414,6.324
0.043,0.072
0.094,0.083
0.016,0.011
0.002,0.067
0.018,0.079
0.081,0.089
0.067,0.065
0.996,0.277
0.083,0.065
0.027,0.055
0.012,0.061
0.1,0.069
1.492,0.138
0.324,0.292
0.11,0.067
0.081,0.075
0.028,0.075
1.237,0.137
7.426,6.534
0.088,0.062
0.043,0.052
0.046,0.057
0.015,0.085
12.428,5.512
0.164,0.077
0.132,0.066
0.005,0.072
0.101,0.075
0.088,0.072
0.023,0.067
0.004,0.008
0.088,0.084
0.063,0.06
0.007,0.006
0.033,0.088
10.515,4.35
0.014,0.024
0.045,0.076
0.078,0.028
0.085,0.035
1.205,0.286
0.0149,0.028
0.134,0.069
0.072,0.053
0.013,0.068
0.092,0.023
0.185,0.071
4.722,5.364
0.028,0.067
0.039,0.065
1.049,6.514
0.138,0.066
0.069,0.041
0.013,0.009
0.099,0.058
0.014,0.029
0.064,0.031
0.058,0.051
0.023,0.078
0.024,0.059
0.007,0.01
1.246,0.113
0.056,0.085
0.036,0.049
1.006,0.27
0.044,0.055
0.02,0.074
13.418,5.19
0.046,0.067
0.084,0.071
0.261,0.08
1.214,0.281
0.022,0.073
0.034,0.085
0.063,0.061
7.667,6.815
0.258,0.073
0.018,0.078
0.087,0.058
0.925,0.23
0.097,0.031
0.02,0.084
0.03,0.012
0.052,0.049
0.005,0.092
0.122,0.053
0.003,0.008
0.09,0.03
0.059,0.068
0.047,0.043
0.102,0.096
0.064,0.072
0.134,0.074
0.021,0.065
1.554,0.135
0.002,0.071
0.115,0.086
0.107,0.059
0.115,0.065
1.612,0.14
0.031,0.014
0.046,0.091
0.056,0.074
0.005,0.008
0.097,0.031
0.046,0.056
0.052,0.063
0.012,0.061
0.082,0.081
6.76,5.39
0.005,0.01
0.103,0.049
0.018,0.059
0.044,0.053
0.261,0.238
0.065,0.031
0.064,0.065
0.001,0.07
1.272,0.143
0.077,0.027
0.054,0.036
0.111,0.099
0.301,0.305
0.078,0.073
0.045,0.024
5.15,0.402
5.233,0.363
0.344,0.16
4.467,0.755
0.042,0.026
0.2,0.11
0.151,0.055
0.03,0.01
0.029,0.01
0.08,0.033
0.071,0.021
0.182,0.111
0.09,0.032
4.293,0.603
0.369,0.11
0.325,0.12
0.4,0.161
0.063,0.024
0.158,0.053
748,141
755,156
814,502
407,213
1074,295
593,144
948,221
582,84
650,66
668,71
1023,499
1026,466
831,225
662,129
845,424
794,169
812,107
551,167
659,68
511,124
777,90
829,177
527,158
329,161
0.004,0.013
0.04,0.05
0.039,0.011
0.057,0.037
0.01,0.024
0.025,0.022
0.304,0.024
0.02,0.017
0.02,0.008
0.009,0.004
0.072,0.022
0.02,0.019
0.03,0.026
0.02,0.022
0.018,0.014
0.14,0.05
0.005,0.006
0.01,0.02
0.017,0.024
0.05,0.049
0.07,0.048
0.03,0.011
0.016,0.013
0.014,0.016
0.03,0.023
0.001,0.021
0.074,0.023
0,0.014
0.02,0.02
0.01,0.057
0.04,0.034
0.026,0.069
0.02,0.018
0.04,0.024
0.006,0.01
0.026,0.021
0.07,0.021
0.011,0.012
0.05,0.017
0.04,0.024
0.1,0.051
0.04,0.018
0.02,0.026
0.03,0.025
0.002,0.005
0.04,0.018
0.01,0.023
0.03,0.016
0,0.02
0.012,0.015
0.001,0.015
0.04,0.052
0.04,0.05
0.03,0.016
0.06,0.053
0.319,0.023
0,0.004
0.126,0.042
0.407,0.024
0.034,0.022
0.012,0.053
0.02,0.051
0.075,0.02
0.02,0.019
0.025,0.012
0.088,0.027
0.069,0.03
0.194,0.047
0.075,0.058
0.245,0.089
0.229,0.082
0.134,0.029
0.183,0.058
0.072,0.024
0.069,0.036
0.168,0.053
0.221,0.049
0.055,0.031
0.281,0.048
0.12,0.025
0.125,0.035
0.302,0.06
0.174,0.057
0.203,0.066
0.063,0.024
0.248,0.058
0.032,0.001
0.014,0.017
0.088,0.027
0.105,0.061
0.155,0.058
0.104,0.041
0.094,0.032
0.244,0.059
0.22,0.059
0.168,0.079
0.232,0.063
0.049,0.027
0.284,0.082
0.16,0.04
0.021,0.013
0.564,0.168
0.05,0.02
0.07,0.02
0.55,0.04
0.56,0.026
0.89,0.1
0.005,0.024
0.03,0.06
0.06,0.02
0.029,0.036
0.05,0.02
0.13,0.02
0.03,0.01
0.09,0.02
0.09,0.04
0.06,0.05
0.04,0.03
0.055,0.041
0.4,0.26
0.16,0.03
0.04,0.01
0.05,0.02
0,0.05
0.03,0.03
0.94,0.08
0.01,0.01
0.03,0.02
0.001,0.03
0,0.02
0.01,0.026
0.01,0.02
1.03,0.05
0.08,0.06
0.01,0.01
0.09,0.02
0,0.01
0.01,0.01
0.23,0.35
0.06,0.02
0.05,0.02
0.04,0.03
0.69,0.32
0.08,0.04
0.004,0.026
0.03,0.03
0.08,0.04
0.09,0.02
0.44,0.08
0.92,0.08
0.17,0.02
0.023,0.033
0.13,0.02
0.05,0.03
0.02,0.039
0.03,0.02
0.43,0.09
3.016,0.253
0.039,0.032
0.02,0.058
0.08,0.027
0.031,0.048
0.048,0.067
0.0074,0.055
0.012,0.037
0.005,0.07
0.124,0.033
0.109,0.052
0.062,0.049
0.089,0.067
0.048,0.046
0.073,0.056
0.028,0.045
0.058,0.048
0.005,0.057
0.117,0.05
0.021,0.062
0.0345,0.056
0.035,0.056
0.124,0.032
0.142,0.038
0.105,0.041
0.111,0.036
0.117,0.021
0.076,0.022
0.064,0.036
0.036,0.046
0.133,0.07
0.079,0.036
0.052,0.049
0.08,0.038
0.117,0.066
0.155,0.036
0.018,0.041
0.11,0.04
0.132,0.025
0.068,0.039
0.07,0.038
0.003,0.048
0.096,0.023
0.064,0.031
0.05,0.046
0.027,0.064
0.059,0.068
0.037,0.054
0.047,0.054
0.085,0.04
0.037,0.057
0.032,0.056
0.0274,0.046
0.133,0.051
0.053,0.072
0.05,0.031
0.025,0.061
0.093,0.057
0.008,0.068
0.134,0.049
0.027,0.068
0.014,0.039
0.022,0.038
0.024,0.039
0.056,0.031
0.087,0.021
0.106,0.021
0.048,0.042
0.059,0.023
0.122,0.043
0.002,0.065
0.006,0.048
0.093,0.024
0.14,0.061
0.048,0.053
0.101,0.037
0.103,0.039
0.052,0.055
0.006,0.053
0.12,0.028
0.028,0.04
0.061,0.039
0.197,0.218
0.061,0.041
0.003,0.039
0.006,0.041
0.104,0.025
0.012,0.056
0.105,0.212
0.139,0.05
0.207,0.052
0.096,0.037
0.049,0.074
0,0.054
0.051,0.055
0.153,0.058
0.02,0.047
0.007,0.059
0.016,0.064
0.093,0.048
0.042,0.057
0.092,0.052
0.013,0.062
0.113,0.033
0.125,0.049
0.02,0.057
0.03,0.053
0.054,0.072
0.127,0.021
0.074,0.058
0.1745,0.049
0.036,0.061
0,0.039
0.201,0.049
0.12,0.057
0.119,0.035
0.132,0.0501
0.224,0.211
0.049,0.051
0.052,0.027
0.005,0.049
0.023,0.053
0.012,0.059
0.09,0.05
0.147,0.041
0.031,0.223
0.052,0.064
0.047,0.031
0.099,0.022
0.044,0.058
0.066,0.032
0.119,0.036
0.155,0.067
0.063,0.032
0.117,0.035
0.065,0.03
0.106,0.022
0.052,0.024
0.075,0.027
0.109,0.05
0.024,0.053
0.068,0.021
0.026,0.049
0.038,0.062
0.003,0.135
0.298,0.188
0.055,0.054
0.042,0.074
0.136,0.064
0.973,0.644
0.245,0.079
0.31,0.15
0.086,0.0186
0.232,0.1
0.111,0.112
0.194,0.116
0.126,0.471
0.033,0.078
0.028,0.14
2.318,1.256
0.136,0.08
0.187,0.101
0.54,0.37
0.584,0.251
0.022,0.072
0.184,0.298
0.075,0.358
0.491,0.497
0.134,0.088
0.109,0.199
0.054,0.08
1.124,0.314
0.062,0.192
0.401,0.198
0.004,0.05
0.266,0.165
0.067,0.06
0.147,0.846
1.023,0.62
0.053,0.06
0.384,0.238
0.004,0.038
0.017,0.055
0.03,0.066
1.679,1.015
0.025,0.068
1.468,1.188
0.074,0.206
0.272,0.106
0.052,0.052
0.174,0.118
0.038,0.096
0.803,0.894
0.047,0.082
0.019,0.062
0.208,0.078
0.024,0.071
0.014,0.04
0.08,0.075
0.034,0.085
0.117,0.149
3.13,0.978
0.093,0.036
0.084,0.042
0.036,0.05
0.023,0.031
0.119,0.034
0.033,0.02
0.14,0.073
0.299,0.072
0.05,0.137
0.104,0.021
0.06,0.025
0.028,0.031
0.185,0.631
0.001,0.04
0.069,0.036
0.013,0.036
0.001,0.036
0.078,0.032
0.063,0.027
0.081,0.097
0.009,0.046
0.019,0.028
0.108,0.136
0.084,0.035
0.246,0.142
0.015,0.098
0.243,0.115
0.068,0.089
0.08,0.084
0.05,0.031
0.015,0.03
0.093,0.036
0.013,0.036
0.014,0.043
0.12,0.404
0.041,0.091
0.015,0.042
0.01,0.033
0.243,0.137
0.082,0.038
0.252,0.146
0.051,0.042
0.252,0.135
0.061,0.085
0.002,0.039
0.014,0.067
0.016,0.028
0.28,0.073
0.48,0.48
0.141,0.034
0.067,0.03
0.035,0.056
0.034,0.031
0.258,0.135
0.034,0.029
0.018,0.052
0.067,0.031
0.125,0.023
0.148,0.483
0.009,0.077
0.003,0.061
0.004,0.062
0.032,0.066
0.03,0.078
0.052,0.073
0.039,0.081
0.059,0.054
0.061,0.074
0.027,0.052
0.007,0.052
0.001,0.077
0.08,0.06
0.19,0.09
0.06,0.11
0.19,0.07
0.25,0.1
0.35,0.38
0.07,0.06
0.08,0.06
0.54,0.14
0.2,0.1
0.08,0.08
0.06,0.09
0.02,0.07
0.03,0.08
0.02,0.1
0.99,0.56
0.23,0.1
1.34,0.55
0,0.03
0.44,0.14
0.12,0.07
0.01,0.08
0.01,0.04
0,0.07
0.13,0.07
0.02,0.03
0.85,0.41
0.63,0.4
0.26,0.1
1.8,1.3
0.32,0.1
0.01,0.05
0.02,0.06
0,0.14
0.24,0.11
0.58,0.3
1.23,0.38
0.61,0.56
0,0.06
0.03,0.06
1.12,0.37
0.6,0.27
0.08,0.06
0.28,0.13
0.02,0.1
0.37,0.76
0.02,0.06
0.03,0.05
1.11,0.46
0.14,0.08
0.02,0.04
0.08,0.05
0.33,0.13
0.01,0.06
0.25,0.11
0.02,0.02
0.32,0.16
0.03,0.08
0,0.06
0,0.03
1.94,0.94
0.01,0.04
0.03,0.03
0.01,0.04
0.95,0.3
0.12,0.11
0.04,0.08
0.19,0.12
0.39,0.16
1.03,1.26
0.05,0.42
1.17,0.36
0.15,0.08
0.05,0.07
0.23,0.11
0.29,0.11
1,0.53
0.44,1.01
0.18,0.13
0.02,0.04
0.062,0.016
1.558,0.755
0.013,0.024
9.373,4.068
2.19,0.581
2.977,0.775
1.521,57.362
0.018,0.033
2.432,1.223
0.018,0.034
19.583,46.45
0.013,0.024
0.093,0.046
2.297,1.267
0.136,0.059
0.097,0.042
13.169,5.646
9.727,4.49
9.486,4.011
124.965,101.639
40.184,31.908
0.134,0.059
1.548,0.752
0.026,0.036
2.2,0.57
0.36,0.015
0.645,0.366
0.037,0.016
0.345,0.31
10.291,4.345
2.963,0.779
0.413,0.316
13.337,5.58
0.692,0.354
0.025,0.037
0.064,0.017
0.095,0.043
0.099,0.045
0.026,0.013
0.145,0.013
3016,3021
0.006,0.025
0.112,0.012
0.054,0.031
0.008,0.018
0.08,0.07
0.014,0.016
470,5742
0.03,0.022
0.05,0.07
0.066,0.026
0.176,0.016
1246,1832
1224,6399
0.12,0.013
0.002,0.022
0.107,0.029
0.099,0.026
0.096,0.023
0.013,0.03
0.069,0.024
3106,2858
0.007,0.008
0.006,0.013
0.008,0.014
0.03,0.029
0.041,0.06
540,1451
0.066,0.021
0.023,0.015
0.017,0.016
0.052,0.031
0.13,0.029
51,1091
0.113,0.015
0.004,0.008
0.057,0.04
0.046,0.012
0.181,0.016
0.026,0.031
0.06,0.09
0.005,0.016
0.028,0.031
0.023,0.019
0.108,0.017
7376,7312
0.027,0.018
0.052,0.028
0.008,0.018
2228,2754
3413,1047
0.22,0.1
0.11,0.08
12192,14243
0.008,0.013
0.093,0.015
0.005,0.009
2041,949
0.128,0.015
0.055,0.018
3998,7911
0.146,0.018
0.09,0.1
5967,869
8053,4798
0.009,0.013
602,2930
0.067,0.017
0.067,0.039
0.053,0.024
0.143,0.018
874,3377
0.007,0.017
0.004,0.008
0.015,0.014
0.01,0.03
12496,14029
0.051,0.016
0.047,0.016
0.014,0.023
0.008,0.057
0.02,0.018
0.163,0.03
1847,1669
3308,1678
242,3233
19,1747
0.007,0.036
0.017,0.019
0.13,0.014
0.018,0.015
0.003,0.016
0.011,0.019
0.026,0.035
5235,8010
0.048,0.018
114,1384
0.004,0.016
0.018,0.014
0.081,0.014
0.031,0.025
0.066,0.03
0.03,0.024
0.015,0.01
0.009,0.014
0.008,0.021
0.023,0.02
0.022,0.014
0.004,0.003
0.002,0.006
0.026,0.01
0.039,0.021
0.006,0.012
0.036,0.014
0.007,0.014
0.061,0.089
0.011,0.009
0.044,0.017
0.004,0.013
0.002,0.016
0.01,0.01
0.031,0.012
0.02,0.02
0.039,0.017
0.008,0.022
0.009,0.004
0,0.002
0.004,0.015
0.037,0.029
0.004,0.003
0,0.009
0.03,0.017
0.009,0.018
0.003,0.003
0.004,0.005
0.01,0.004
0.005,0.003
0.002,0.006
0.006,0.008
0,0.005
0.009,0.01
0.051,0.248
0.01,0.004
0.025,0.016
0.004,0.016
0.013,0.006
0.017,0.022
0.096,0.092
0.069,0.095
0.021,0.023
0.269,0.226
0.014,0.006
0.024,0.011
0.053,0.017
0.002,0.002
0.001,0.002
0.02,0.012
0.004,0.017
0.011,0.016
0.012,0.021
0.01,0.014
0.006,0.008
0.07,0.083
0.003,0.011
0.033,0.019
0.032,0.021
0.005,0.009
0.01,0.023
0.005,0.004
0.002,0.01
0.009,0.014
0.008,0.006
0.01,0.022
0.027,0.011
0.003,0.016
0.011,0.015
0.006,0.003
0.007,0.005
0.002,0.018
0.001,0.005
0.009,0.009
0.012,0.016
0.196,0.256
0.011,0.01
0,0.006
0.014,0.01
0,0.002
0.005,0.0121
0.002,0.002
0.023,0.013
0.017,0.021
0.01,0.091
0.043,0.08
0.016,0.012
0.029,0.021
0.011,0.01
0.02,0.089
0,0.001
0.03,0.015
0.008,0.016
0.001,0.001
0.002,0.003
0.009,0.029
0.002,0.008
0.001,0.004
0.007,0.011
0.001,0.008
0.001,0.015
0.015,0.015
0.011,0.004
0.001,0.01
0.003,0.005
0.004,0.009
0.025,0.03
0.002,0.006
0.02,0.014
0.001,0.003
0.002,0.007
0.004,0.006
0.039,0.016
0.001,0.004
0.002,0.003
0.017,0.015
0.004,0.006
0.002,0.004
0.002,0.002
0.014,0.007
0.009,0.007
0.003,0.008
0,0.001
0.021,0.008
0.006,0.002
0.023,0.016
0.206,0.091
0.005,0.005
0.002,0.006
0,0.008
0.006,0.097
0,0.005
0.004,0.005
0.006,0.013
0.004,0.017
0.002,0.006
0.001,0.006
0,0.014
0.008,0.004
0.005,0.004
566,186
570,196
253,169
404,172
563,186
62,33
341,426
56,19
265,294
224,223
3,1
5,3
0.5,1.1
39,12
0.029,0.015
4057,1721
63,44
0.015,0.01
0.015,0.003
6061,2167
0.004,0.006
3710,1942
1003,705
1448,658
171,233
3,3
0.09,0.01
44,36
482,192
679,262
1448,658
2,4
0.014,0.009
0.017,0.017
0.015,0.015
4682,1870
6,6
1050,478
476,1252
11934,5580
7,1.8
447,1342
795,103
1,4
0.363,0.011
1206,290
3,5
6.6,3
14,8
33,25
0.0074,0.003
3.1,3.1
180,89
46,47
7866,4122
28,11
2005,1210
1612,1132
2113,692
954,1267
93,94
112,169
5,4
0.006,0.004
5,15
5603,2452
1234,558
1.4,1.3
2005,1210
2.9,2.3
11,8
10171,3555
82,62
0.02,0.01
15,8
1033,1296
0.019,0.016
16,10
0,6
4057,1721
12,6
3,23
1,1
2,3
15774,4154
13,4
0.167,0.012
13,4
366,1734
0.004,0.008
6061,2167
0,0.017
647,2701
19800,7758
0.129,0.017
0.169,0.205
356,181
0.003,0.007
4,3
13,34
2005,1210
0.132,0.011
2,1.1
0.167,0.012
0.6,1.3
1013,1737
18,16
5,7
11,15
1263,1138
0.076,0.017
33,13
2453,795
0.0074,0.012
46,47
1050,478
6.2,1.6
4186,1334
3.16,0.37
0.094,0.035
2.3,0.37
0.35,0.56
2.54,0.55
0.44,0.76
0.022,0.045
2.14,0.5
0.054,0.066
0.004,0.033
2.28,0.36
2.29,0.54
0.002,0.035
0.078,0.047
0.105,0.033
0.49,0.04
0.03,0.0049
0.49,0.04
0.03,0.0049
0.205,0.107
0.027,0.085
0.122,0.071
0.123,0.149
0.103,0.13
0.214,0.185
0.08,0.073
0.01,0.142
0.363,0.398
0.113,0.091
0.216,0.138
0.02,0.205
0.103,0.075
0.151,0.22
0.06,0.218
0.745,0.323
0.345,0.091
0.165,0.177
0.276,0.183
0.292,0.181
0.093,0.073
0.163,0.078
0.093,0.182
0.155,0.181
0.248,0.283
0.078,0.08
0.043,0.118
0.138,0.152
0.022,0.148
0.064,0.191
0.527,0.153
0.037,0.186
0.28,0.128
0.18,0.218
0.459,0.192
0.175,0.159
0.16,0.133
0.805,0.364
0.065,0.362
0.269,0.169
0.165,0.162
0.062,0.216
0.148,0.087
0.032,0.193
0.001,0.088
0.516,0.407
0.192,0.192
0.047,0.07
0.194,0.221
0.13,0.152
0.219,0.13
0.119,0.127
0.123,0.126
0.045,0.216
0.239,0.14
0.003,0.216
0.182,0.141
0.149,0.112
0.07,0.165
0.101,0.074
1.276,0.611
0.044,0.123
0.138,0.09
0.096,0.171
0.175,0.145
0.128,0.144
0.254,0.177
2,12
18,20
16,21
2,20
6,12
3,22
28,24
8,11
14,23
17,22
14,23
10,13
8,22
16,21
3,22
9,14
10,13
2,20
18,21
18,23
17,22
13,21
34,18
10,13
21,23
25,16
35,18
15,11
18,29
33,19
19,17
22,28
18,27
13,22
0,22
13,13
4,12
13,21
3,12
9,12
0,20
33,18
32,25
10,14
25,29
7,20
36,28
33,19
30,24
31,26
10,21
39,27
9,14
10,14
33,28
38,27
27,16
33,27
35,26
35,18
11,10
23,16
29,15
21,16
32,17
19,29
5,20
26,27
18,21
10,13
28,25
34,18
15,22
2,21
14,23
2,20
32,18
34,18
36,27
1,22
34,18
4,22
32,18
12,14
1,6
0,3
3,5
503,519
663,649
535,30631
2,5
4,11
65,62
1059,1077
2,1
3,4
2434,1871
260,383
583,431
394,570
2,1
35,11
0,1
126,83
1769,343
9,4
3457,53
5624,1376
3223,5206
126,157
1951,4995
2,2
26,3
19,280
5006,1962
1,3
304,669
392,684
954,1042
1,3
39,1505
0,1
1,1
14,8
4188,1582
0.597,0.276
0.0148,0.0255
0.0808,0.0236
0.2,0.0595
0.111,0.0461
0.157,0.0581
0.021,0.0203
0.0522,0.027
0.297,0.0744
269,100.5
0.468,0.191
7137,2562
0.759,0.277
0.486,0.216
0.11,0.026
0.796,0.288
2186,1091
0.646,0.279
0.023,0.021
0.121,0.0356
0.296,0.111
0.073,0.0352
0.366,0.141
2689,2099
0.176,0.0582
0.0773,0.0372
0.163,0.0455
0.106,0.0357
0.02,0.027
0.0727,0.0197
0.291,0.107
0.16,0.044
0.469,0.14
0.373,0.215
0.0611,0.0349
0.0875,0.0361
0.045,0.0167
0.113,0.0351
0.0679,0.0372
8760,2604
11544,5302
0.0954,0.0454
0.4,0.172
160.1,42.29
0.105,0.0175
0.0866,0.0232
0.251,0.0571
0.061,0.061
0.17,0.038
0.023,0.011
0.001,0.004
0.2822,0.023
0.0631,0.049
0.667,0.81
15.1313,17.914
0.031,0.02
0.27,0.02
0,0.067
3.2151,7.634
0.0196,0.023
0.1189,0.124
0.884,0.94
0.003,0.036
0.627,0.306
0.355,0.095
0.02,0.009
34.748,17.199
0.016,0.07
0.029,0.07
0.007,0.033
0.0125,0.007
0.029,0.09
0.09,0.045
0.109,0.478
0.005,0.014
0.125,0.136
0.004,0.003
0.017,0.009
0.1575,0.331
0.026,0.07
4.129,6.802
0.016,0.131
0.004,0.015
0.024,0.01
0.0411,0.023
0.1977,0.039
0.074,0.136
0.31,0.025
0.005,0.013
0.0528,0.049
0.153,0.53
0.017,0.01
0.031,0.07
0.0078,0.016
0.004,0.006
0.003,0.021
0.845,7.515
0.07,0.046
0.061,0.315
0.6096,0.464
0.7671,0.571
14.092,19.129
0.0237,0.014
0.018,0.008
0.006,0.12
0.206,0.38
0.054,0.041
0.333,0.602
0.0215,0.011
0.015,0.006
0.105,0.127
0.292,0.024
0.0321,0.063
0.1553,0.102
0.159,0.041
0.019,0.054
1.507,7.509
0.0025,0.003
0.179,0.04
0.414,0.328
0.0544,0.055
0.004,0.00049
13.533,15.795
8.883,20.29
55.659,29.805
0.018,0.011
0.2002,0.098
0.006,0.041
0.263,0.11
0.032,0.16
0.084,0.058
0.522,0.8
0.118,0.11
0.046,0.048
17.183,21.937
12.688,17.384
8.529,27.623
0.253,0.124
0.009,0.021
0.443,0.59
0.001,0.04
11.762,16.434
0.711,0.92
19.111,46.985
1.041,0.717
0.012,0.006
0.047,0.29
0.156,0.14
3.793,7.2
11.9162,19.529
0.077,0.071
0.412,7.42
0.025,0.09
0.0845,0.037
0.384,0.61
0.037,0.067
0.003,0.04
0.0159,0.008
0.0103,0.021
0.0922,0.133
0.173,0.1
0.7,0.2
0.102,0.11
0.833,0.33
0.271,0.13
0.622,0.18
0.431,0.14
0.516,0.11
0.474,0.18
0.473,0.16
0.344,0.17
0.035,0.11
0.413,0.11
0.102,0.05
0.05,0.1
0.542,0.17
0.484,0.14
0.499,0.14
0.454,0.13
0.104,0.04
0.404,0.17
0.052,0.1
0.013,0.07
0.176,0.11
0.325,0.14
0.208,0.11
0.721,0.21
0.341,0.17
0.025,0.07
0.288,0.13
0.459,0.13
0.026,0.07
0.641,0.2
0.281,0.15
0.074,0.06
0.315,0.18
0.003,0.1
0.56,0.12
0.038,0.06
0.063,0.09
0.407,0.12
0.822,0.27
0.475,0.15
0.105,0.05
0.055,0.053
0.229,0.06
0.281,0.061
0.181,0.066
0,0.033
0.059,0.025
0.103,0.084
0.022,0.015
0.017,0.036
0.067,0.08
0.071,0.088
0.028,0.024
0.05,0.07
0.022,0.023
0.026,0.021
0.007,0.026
0.011,0.097
0.107,0.06
0.084,0.095
0.004,0.031
0.149,0.068
0.041,0.125
0.001,0.073
4.58,0.63
4.66,0.63
2.74,0.51
5.86,0.7
3.43,0.56
5.93,0.71
3.56,0.57
9.78,0.88
2.84,0.51
9.94,0.86
9.49,0.85
9.45,0.87
3,5
3,24
11,17
7,7
11,20
2,5
139,29
152,30
30,18
28,29
38,42
7,7
48,30
137,26
18,20
79,46
56,39
42,33
166,38
26,34
2,6
41,33
2,4
11,16
9,23
2,4
25,19
1,6
26,48
1,6
68,49
3,9
2,6
7,8
0.03,0.06
0.011,0.06
0.07,0.08
0.37,0.06
0.01,0.04
2.38,4.83
29.37,19.47
0.02,0.07
43.22,20.66
4.82,7.22
0.06,0.05
0.06,0.06
14.44,21.76
0.23,0.05
0.02,0.03
0.1,0.06
0.1,0.03
0.27,4.13
1.1,2.28
3.09,7.35
0.02,0.03
18.32,21.93
44.06,20.63
1.56,1.92
0.02,0.03
0.02,0.07
21.15,19.54
36.21,13.63
0.04,0.06
0,0.04
0.01,0.03
0.02,0.03
7.21,18.56
0.03,0.03
0.06,0.03
0.07,0.08
0.01,0.05
50.52,4.06
0.02,0.07
0.84,1.56
0.11,0.06
0.14,0.06
0.39,0.06
422,138
415,171
169,82
141,83
501,168
307,143
211,85
378,142
447,169
1.02,0.25
0.3,0.08
0.55,0.12
0.18,0.08
1.3,0.7
0.14,0.04
1.03,0.25
0.2,0.05
4.87,0.56
0.01,0.02
1.78,0.3
0.31,0.07
1.32,0.26
0.17,0.08
0.08,0.05
0.21,0.06
0.15,0.04
0.14,0.04
0.19,0.04
0.12,0.2
0.07,0.01
0.2,0.05
0.97,0.24
0.02,0.14
0.15,0.04
0.15,0.04
0.31,0.07
0.01,0.13
0.19,0.17
0.08,0.05
0.17,0.08
0.09,0.02
0.15,0.06
0.22,0.06
0.19,0.16
0.48,0.13
0.46,0.13
0.17,0.05
3.05,0.78
3.05,0.78
0.22,0.05
0.15,0.04
5.48,1.01
0.18,0.17
0.04,0.01
1.32,0.27
1.31,0.27
0.04,0.01
0.06,0.02
0.23,0.06
0.62,0.13
0.09,0.06
0.02,0.13
0.16,0.04
0.55,0.13
0.01,0.01
0.13,0.03
0.43,0.13
0,0.02
0.024,0.096
0.001,0.411
0.058,0.012
0.227,0.35
0.222,0.582
0.96,0.202
0.647,0.042
0.015,0.082
0.14,0.027
0.282,0.041
0.565,0.067
0.157,0.09
0.025,0.116
0.091,0.148
0.031,0.092
2.129,1.125
0.173,0.133
0.405,0.202
0.475,0.162
0.176,0.077
0.024,0.023
0.19,0.13
0.041,0.021
0.31,0.157
0.892,0.182
1.954,1.075
0.284,0.038
1.271,0.22
0.32,0.306
0.214,0.116
0.036,0.013
0.225,0.175
0.146,0.105
0.108,0.161
0.053,0.058
0.194,0.176
0.567,0.033
0.217,0.119
0.341,0.161
0.073,0.142
2.925,0.949
3.544,1.007
0.069,0.107
0.467,0.151
0.065,0.036
0.0043,0.552
0.037,0.055
0.142,0.112
0.227,0.597
0.115,0.094
0.026,0.089
0.189,0.076
0.073,0.15
0.121,0.072
0.287,0.168
0.103,0.077
0.202,0.336
0.389,0.193
0.147,0.162
0.339,0.021
0.471,0.178
0.046,0.116
0.095,0.077
1.212,0.208
0.186,0.096
0.294,0.136
0.285,0.161
0.043,0.063
0.112,0.069
0.228,0.047
0.09,0.146
0.1,0.127
0.046,0.055
0.044,0.301
0.031,0.117
0.023,0.048
0.008,0.0061
0.094,0.106
0.006,0.026
0.032,0.019
0.044,0.028
0.052,0.059
0.326,0.157
0.052,0.023
0.141,0.062
0.051,0.088
0.041,0.019
0.008,0.054
0.001,0.032
0,0.015
0.092,0.096
0.006,0.009
0.004,0.025
0.015,0.015
0.019,0.034
0.013,0.011
0.089,0.03
0.021,0.025
0.049,0.052
0.039,0.144
0.011,0.031
0.009,0.051
0.0278,0.015
0.044,0.0416
0.052,0.013
0.104,0.053
0.109,0.04
0.028,0.047
0.016,0.063
0.003,0.029
0.019,0.028
0.003,0.018
0.007,0.06
0.035,0.05
0.021,0.014
0.029,0.045
0.3015,0.016
0.006,0.013
0.043,0.133
0.061,0.049
0.046,0.019
0.028,0.043
0.032,0.018
0.024,0.027
0.01,0.013
0.002,0.018
0.018,0.023
0.014,0.049
0.033,0.022
0.023,0.015
0.029,0.026
0.013,0.016
0.095,0.039
0.018,0.049
0.004,0.05
0.0511,0.0259
0.357,0.014
0.102,0.0154
0.00558,0.0205
0.0526,0.0114
0.109,0.0259
0.137,0.0709
0.0405,0.0279
0.932,0.549
0.0381,0.0258
0.0278,0.0346
0.0885,0.0313
0.0783,0.0292
0.0469,0.0989
0.0152,0.0125
0.133,0.0638
0.0547,0.0311
0.00637,0.0272
0.0236,0.0688
0.0119,0.0289
0.187,0.0791
0.0502,0.0126
0.05,0.0119
0.117,0.0665
0.0325,0.0141
0.0292,0.0115
0.0397,0.3067
0.0582,0.0203
0.139,0.0616
0.313,0.097
0.0239,0.0209
0.323,0.0949
0.0244,0.0206
0.0648,0.0156
0.00239,0.0243
0.0421,0.0275
0.12,0.0128
0.119,0.013
0.176,0.0636
0.00257,0.0313
0.00428,0.0902
0.00168,0.0266
0.0325,0.0207
0.163,0.0614
0.041,0.0258
0.177,0.101
0.0602,0.0236
0.132,0.0339
0.0313,0.0208
0.00979,0.0211
0.0164,0.0205
0.153,0.0673
0.316,0.0263
0.0247,0.0206
0.0501,0.0244
0.104,0.0144
0.375,0.0264
0.247,0.023
0.341,0.027
0.169,0.029
0.341,0.027
0.165,0.029
0.408,0.022
0.242,0.023
0.12,0.014
0.246,0.023
0.006,0.013
0.242,0.023
0.028,0.016
0.341,0.027
0.111,0.019
0.344,0.027
0.203,0.023
0.167,0.029
0.165,0.029
0.548,0.228
0.654,0.248
0.626,0.239
0.466,0.217
0.716,0.244
0.583,0.23
0.479,0.22
0.466,0.218
0.593,0.238
0.116,0.046
0.216,0.055
30.542,13.306
0.116,0.047
0.052,0.026
0.034,0.043
0.179,0.044
0.002,0.002
3.009,0.175
0.078,0.036
0.118,0.046
0.091,0.016
0.071,0.041
32.596,18.525
0.055,0.041
0.096,0.045
0.215,0.048
0.113,0.048
0.226,0.047
0.001,0.001
0.09,0.041
0.079,0.019
0.077,0.044
0.09,0.03
0.084,0.048
0.082,0.028
0.021,0.046
0.085,0.031
1.275,0.107
32.518,19.087
0.237,0.047
0.091,0.052
0.085,0.031
0.07,0.043
25.746,12.587
0.025,0.025
1.161,0.106
0.099,0.036
0.001,0.011
0.094,0.046
0.058,0.027
2.742,0.172
0.159,0.05
0.037,0.017
0.067,0.037
0.098,0.049
0.091,0.054
0.061,0.031
0.211,0.051
0.104,0.047
2.178,0.119
0.24,0.052
0.081,0.038
0.002,0.009
0.042,0.032
0.099,0.049
2.4,0.122
0.24,0.391
19.183,3.963
7.695,3.969
4.152,1.531
2.524,2.625
18.307,6.854
2.74,1.987
0.114,6.762
8.725,9.998
4.675,2.05
11.172,2.265
1.248,0.38
4.548,0.953
1.274,0.56
2.6,0.997
0.274,1.745
14.008,2.909
1.109,3.154
36.754,13.054
20.589,3.26
0.406,0.4
20.589,3.286
9.221,3.841
0.379,0.587
4.942,1.489
1.161,2.275
0.366,0.584
27.35,8.276
22.033,6.195
1.644,1.58
1.274,1.664
11.172,2.268
7.695,4.01
1.267,2.487
4.756,1.715
14.008,2.92
0.08,0.04
0.14,0.12
0.12,0.06
0.3,0.1
0.11,0.05
0.09,0.15
0.01,0.05
0.02,0.02
0.15,0.05
0.18,0.06
0.038,0.06
0.14,0.06
0.04,0.15
0.09,0.04
0.53,0.08
0.04,0.02
0.04,0.02
0.06,0.02
0.07,0.02
0.04,0.04
0.25,0.12
0.04,0.02
0.17,0.15
0.15,0.02
0.12,0.04
0.68,0.07
0.95,0.13
0.03,0.11
0.06,0.02
0.04,0.02
0.024,0.05
0.05,0.01
0.18,0.02
0.05,0.06
0.56,0.06
0.2,0.03
0.015,0.11
0.23,0.04
0.02,0.04
0,0.03
0.07,0.03
0.21,0.06
0.03,0.01
0.02,0.02
0.1,0.05
0.02,0.02
0.02,0.01
0.09,0.13
0.12,0.06
0.03,0.03
0.09,0.05
0.16,0.15
0.01,0.02
0.04,0.02
0.03,0.02
0.03,0.01
0.09,0.02
0.09,0.05
0.05,0.02
0.04,0.02
0.09,0.05
0,0.05
0.87,0.13
0.04,0.06
0.08,0.03
0.16,0.06
0.21,0.06
0.03,0.01
0.12,0.05
0.03,0.04
0.1,0.03
0.05,0.04
0.2,0.02
0.05,0.04
0.06,0.05
0.04,0.02
0.21,0.04
0.02,0.14
0.09,0.02
0.39,0.17
0.02,0.04
0.248,0.2
0.079,0.02
0.007,0.04
4.182,79.02
0.794,0.25
1.59,0.85
1.93,0.59
0.05,0.29
0.02,0.03
0.05,0.01
0.011,0.01
0.145,0.08
0.248,0.1
0.018,0.01
0.15,0.3
0.07,0.05
0.036,0.02
0.081,0.03
0.076,0.08
0.041,0.03
0.004,0.02
0.015,0.01
0.007,0.001
52,100
0.69,0.43
0.021,0.03
0.048,0.02
80.143,60.936
0.93,0.59
1,0.45
0.55,0.29
0.077,0.02
1.14,0.841
175.907,86.81
1.22,0.68
0.28,4.69
0.538,0.35
84.9,62.51
1.33,0.92
1.33,0.89
0.96,1.12
0.454,0.5
0.048,0.05
0.087,0.02
0.013,0.01
0.08,0.08
1.5,0.45
0.147,0.4
0.082,0.05
60,105
29.489,78.04
0.011,0.01
4.08,1.31
0.013,0.001
0.71,0.79
1.55,0.95
0.248,0.1
0.26,0.82
0.156,0.21
9.17,4.49
0.006,0.01
0.54,0.28
0.063,0.06
0.269,0.21
1.66,1.51
0.009,0.03
39,71
165,74
0.015,0.01
0.156,0.21
1.76,0.75
5.93,1.7
0.014,0.06
0.184,0.04
0.041,0.1
0.033,0.03
65,69
1.36,0.57
0.008,0.12
0.11,0.02
0.054,0.09
0.54,0.55
114.93,63.76
0.29,0.28
6.84,2.15
0.026,0.04
0.013,0.01
0.095,0.08
0.001,0.04
0.87,0.86
0.37,0.29
0.31,0.31
78,65
3.63,1.74
0.555,0.16
0.058,0.1
1.26,0.62
0.06,0.73
0.017,0.04
0.015,0.03
0.46,0.42
49,80
0.4,0.14
1.225,0.42
0.372,0.08
0.083,0.02
0.147,0.4
0.009,0.001
0.1,0.04
1.77,0.416
1.21,0.93
0.091,0.1
0.003,0.04
2.4,1.96
144,73
2.88,4.76
0.083,0.22
0.01,0.03
0.33,0.3
0.132,0.08
2.99,2.27
0.35,1.03
0,0.1
0.434,0.23
0.029,0.09
0.98,0.92
0.098,0.06
0.034,0.29
2.27,1.1
0.72,0.94
133,70
0.017,0.03
1.53,0.32
0.78,0.33
0.01,0.001
0.008,0.001
0.345,0.16
0,0.02
0.39,0.084
0.016,0.001
0.345,0.16
1.12,0.67
0.021,0.04
0.125,0.08
0.025,0.02
0.057,0.03
0.08,1.37
0.006,0.001
0.41,0.91
0.165,0.15
1.225,0.42
0.11,0.06
0.042,0.06
1.25,1.04
0.012,0.09
0.157,0.08
22,69
1.26,0.22
0.28,0.86
0.006,0.04
0.015,0.04
2.94,0.75
0.012,0.01
0.102,0.05
39,71
0.146,0.08
0.06,0.02
0.081,0.03
0.018,0.01
1.43,0.64
0.048,0.04
0.068,0.02
0.005,0.14
0.19,0.67
0.007,0.001
0.87,0.86
1.9,0.44
0.205,0.14
0.794,0.25
0.44,0.31
78,65
1.225,0.42
7.43,4.39
0.794,0.25
0.23,0.7
0.093,0.02
0.074,0.02
0.02,0.02
1.26,1.35
0.79,0.56
148.9836,85.01
0.06,0.02
0.048,0.02
1.28,0.88
56.5,61.21
0.108,0.022
0.038,0.018
0.009,0.016
0.038,0.021
0.013,0.012
0.027,0.022
0.025,0.016
0.06,0.022
0.003,0.015
0.056,0.021
0.045,0.05
0.032,0.006
0.015,0.028
0.034,0.006
0.037,0.018
0.034,0.006
0.034,0.026
0.047,0.029
0.031,0.006
0.045,0.025
0.031,0.023
0.003,0.019
0.112,0.023
0.102,0.021
0.069,0.032
0.041,0.025
0.017,0.021
0.035,0.019
0.031,0.006
0.002,0.01
0.032,0.006
0.25,0.098
0.13,0.082
0.006,0.00372671
1,0.38314176
1,2.9411765
1,0.95238095
0.006,0.01395349
1,0.30487805
1,0.63011972
1,3.2258065
0.17,0.055
2.76,0.46
0,0.6
0.26,0.46
4,1.9
3.05,0.51
0.2,0.3
0.86,0.54
6.2,2.7
0.5,0.49
0.5,1.2
0,0.3
2.97,0.51
3.2,2.8
3.2,3.7
0.007,0.015
1.4,0.65
0.4,1.1
0.2,1.1
1.75,0.85
7.7,3
1.6,0.9
0.024,0.023
0.3,0.8
1.65,0.75
5.66,1.6
0.56,0.45
0.045,0.026
0.002,0.001
0.275,0.023
0.094,0.036
0.075,0.024
0.002,0.001
0.189,0.021
0.265,0.023
0.128,0.035
0.27,0.023
0.097,0.036
0.233,0.073
0.178,0.021
0.002,0.003
0.211,0.081
0.2,0.081
0.068,0.041
0.155,0.029
0.19,0.021
0.172,0.019
0.296,0.021
0.097,0.036
0.064,0.028
0.002,0.003
0.225,0.073
0.063,0.041
0.111,0.033
0.186,0.021
0.002,0.003
0.072,0.04
0.002,0.001
0.171,0.029
0.002,0.003
0.178,0.021
0.0963,0.036
0.135,0.029
0.088,0.039
0.55,0.237
0.122,0.089
0.255,0.108
0.634,0.502
0.379,0.067
1.806,0.365
0.002,0.097
0.409,0.106
0.161,0.074
0.011,0.067
0.188,0.084
0.022,0.05
0.109,0.044
0.178,0.064
0.612,0.234
0.39,0.072
0.38,0.072
0.103,0.053
0.088,0.088
0.887,0.667
0.135,0.054
0.9,0.211
0.014,0.05
0.842,0.212
1.69,0.471
0.16,0.11
0.143,0.059
0.11,0.044
0.088,0.055
1.759,0.682
0.161,0.074
0.03,0.061
0.409,0.106
0.127,0.106
0.542,0.167
0.17,0.051
0.02,0.045
0.24,0.086
1.49,0.612
0.45,0.48
1.811,0.428
0.818,0.542
0.288,0.34
0.014,0.061
0.286,0.092
1.782,0.444
0.286,0.091
0.095,0.054
0.288,0.34
0.127,0.054
0.055,0.089
0.029,0.061
0.3143,0.059
0.036,0.086
0.711,0.464
0.397,0.197
0.031,0.061
1.782,0.445
0.072,0.044
0.199,0.109
0.014,0.061
0.129,0.092
0.133,0.053
0.883,0.539
0.121,0.055
0.797,0.53
0.443,0.099
0.443,0.099
0.217,0.115
1.84,0.427
0.347,0.412
1.759,0.679
0.3742,0.072
1.862,0.625
0.308,0.09
0.033,0.063
0.133,0.11
0.176,0.051
0.309,0.091
0.395,0.059
0.428,0.193
0.147,0.052
0.178,0.064
0.395,0.059
0.4,0.603
0.242,0.045
0.135,0.054
0.216,0.106
0.016,0.057
0.069,0.044
0.023,0.059
0.881,0.581
0.243,0.045
0.099,0.102
1.806,0.365
0.102,0.055
0.011,0.067
1.235,0.651
0.183,0.089
0.023,0.059
0.3672,0.072
1.047,0.486
1.877,0.628
0.579,0.238
0.347,0.412
0.379,0.067
1.69,0.471
0.252,0.094
0.064,0.049
0.068,0.044
0.042,0.023
0.1,0.037
0.043,0.027
0.015,0.046
0.091,0.11
0.014,0.011
0.0017,0.038
0.059,0.032
0.0043,0.0043
0.13,0.05
0.108,0.08
0.02,0.052
0.067,0.034
0.009,0.15
0.075,0.033
0.051,0.088
0.068,0.039
0.085,0.04
0.07,0.037
0.078,0.037
0.076,0.041
0.061,0.028
0.032,0.053
0.0096,0.051
0.033,0.051
0.054,0.029
0.046,0.051
0.11,0.029
0.017,0.033
0.097,0.042
0.088,0.041
0.11,0.049
0.07,0.018
0.069,0.037
0.015,0.045
1076,391
420,506
327,95
1098,895
5,815
802,940
2400,1266
122,252
1064,393
1512,361
315,1185
208,19
93,106
607,270
183,652
329,109
1029,710
218,115
921,2257
33,238
20,84
96,54
372,85
7192,2637
2144,917
416,776
1690,1379
448,1117
441,470
1219,460
492,507
381,476
643,4600
212,112
1312,530
174,66
941,3865
149,66
9361,5215
1481,890
100,55
1257,739
86,100
268,663
6952,4280
290,1987
388,2411
265,1164
27,238
481,278
10,1023
5,78
6,171
136,235
1334,1334
896,834
1113,201
5851,2482
1450,374
322,187
367,2437
1856,968
424,196
347,80
14,155
181,83
325.31,359.48
229.65,434.84
200.73,264.41
4.78,1.72
1.4,1.26
138.98,134.86
205.47,331.53
446.8,185.73
196.39,142.56
4.68,1.75
2.45,4.96
2.02,2.78
974.85,306.94
446.18,182.1
122.79,203.13
4.68,1.75
1.53,2.85
380.87,162.46
1.24,1.28
3.75,1.57
48.95,276.77
6,5.17
4.96,2.7
338.59,165.68
222.72,145.43
446.8,185.73
7,3.37
5.8,3.47
122.79,203.13
146.94,138.89
146.94,138.89
478.15,228.7
4.22,1.66
4.56,3.24
5.47,3
0.36,0.245
446.8,185.73
4.68,1.75
446.18,182.1
2.29,1.45
0.28,2.49
1.89,1.86
369.74,321.11
7.62,3.13
3.85,3.3
195.75,198.68
1.24,1.28
4.01,1.69
335.56,172
6.38,3.37
378.69,312.67
2.11,1.85
309.76,369
138.98,134.86
17.17,284.24
1.4,1.26
438.56,169.17
3.86,1.56
1.89,1.86
399.17,166.71
4.78,1.72
14,4.82
117.18,326.34
2.19,1.47
190.84,272.83
5.54,3.06
79.63,282.03
450.82,244.12
0.004,0.006
0.006,0.007
0.13,0.007
0.014,0.005
0.003,0.007
0.003,0.006
0.023,0.12
0.016,0.005
0.014,0.006
0.015,0.008
0.009,0.007
0.15,0.008
0.0037,0.0018
330,141
0.0025,0.0016
245,96
0.0067,0.0029
400,146
95,143
605,275
0.0024,0.0047
6e-04,0.0054
0.0051,0.0022
0.001,0.0014
0.0012,0.0046
0.0012,6e-04
265,109
264,123
20.81,210.16
124.51,144.9
50.22,208.94
371.83,133.02
915.59,336.22
312.58,275.37
266.06,203.36
994.68,279.15
34.84,264.57
150.85,210.19
95.44,428.95
17.05,203.32
321.06,272.72
35.86,289.39
141.01,330.48
193.72,200.9
4,25
1534,598
9,11
574,101
197,199
0,0.004
55,64
0.115,0.009
16,7
0.004,0.009
49,27
0.003,0.01
0.011,0.002
7,6
6,3
79,30
6,7
0.082,0.008
14,17
19,28
9,6
5,10
12,8
0.069,0.009
30,128
10,4
0.051,0.011
1157,456
46,24
3,24
58,64
0.002,0.01
629,74
80,60
8,3
11,25
0,39
4,15
0.011,0.04
22,33
4,11
3,3
19,7
119,47
121,52
1,7
0.002,0.005
17,24
7,5
3,10
89,258
1,2
47,22
11,9
277,174
0.083,0.024
0.021,0.01
0.01,0.04
0.016,0.03
0.4,0.07
0.01,0.03
0.173,0.022
0.089,0.034
0.08,0.03
0.08,0.04
0.182,0.024
0.015,0.028
0.03,0.03
0.185,0.027
0.16,0.028
0.083,0.03
0,0.05
0.164,0.023
0.198,0.027
0.174,0.028
0.09,0.04
0.205,0.035
0.168,0.031
0.03,0.03
0.031,0.014
0.008,0.029
0.008,0.005
0.08,0.06
0.01,0.01
0,0.06
0.13,0.05
0.17,0.029
0.163,0.024
0.036,0.017
0.168,0.023
0.154,0.029
0.173,0.022
0.03,0.05
0.184,0.023
0.167,0.021
0.03,0.04
0.151,0.022
0.01,0.03
0.13,0.08
0.01,0.02
0.003,0.029
0.059,0.015
0.01,0.04
0.12,0.03
0.003,0.028
0.033,0.029
0.161,0.028
0.005,0.029
0.084,0.025
0.023,0.034
0.033,0.025
0.01,0.015
0.008,0.015
0.167,0.021
0.011,0.026
0.031,0.014
0.017,0.029
0.01,0.03
0.032,0.02
0.09,0.03
0.032,0.02
0.032,0.02
0.008,0.012
0.189,0.024
0.011,0.031
0.16,0.028
0.15,0.05
0.127,0.031
0.031,0.014
1.4,0.12
0.29,0.12
0.11,0.26
0.17,0.04
2.03,1.11
0.4,0.25
0.45,0.11
1.43,0.26
0.11,0.11
1.17,0.22
0.6,1.64
0.16,0.21
0.64,1.62
1326,316
0.53,0.09
1.44,0.24
1.42,0.1
0.34,1.59
1114,2804
2.41,1.14
4.28,1.54
0.28,0.1
3.83,1.52
0.03,0.04
0.28,1.51
0.1,0.04
0.28,1.55
1.33,0.21
3.92,1.5
1.51,0.25
0.14,1.67
1.11,1.67
0.3,0.22
1.51,0.23
262,666
0.44,0.2
1.48,0.27
1.61,0.26
1840,6082
4.14,1.52
0.26,1.64
0.14,0.2
383,687
0.1,0.03
0.12,0.19
0.19,0.23
835,6243
0.03,0.02
0.81,0.06
0.02,0.02
0,0.01
0.07,0.09
0.07,0.08
0.03,0.09
0.041,0.02
0.02,0.02
0.01,0.02
0.09,0.03
0.03,0.02
0.02,0.02
0,0.01
0.1,0.03
0.4,0.03
18.2,4.93
0.05,0.04
3.78,2.06
0.02,0.1
0.01,0.02
3.23,3.67
0.03,0.03
0.04,0.02
1.36,2.19
0.01,0.03
0.011,0.02
0.01,0.01
0.04,0.02
0.05,0.01
0.05,0.02
0.02,0.05
0.33,0.02
0.06,0.04
0.05,0.03
0.04,0.03
0.02,0.07
0,0.02
0.05,0.09
0.0191,0.13
6e-04,0.02
46.5,26.21
0.0469,0.06
0.0209,0.01
0.0486,0.15
0.178,0.07
0.115,0.05
0.0883,0.03
0.0411,0.13
0.0039,0.04
0.0324,0.05
0.0924,0.04
0.0378,0.05
0.0903,0.04
0.0668,0.04
0.1383,0.05
0.0082,0.04
0.0836,0.04
0.0619,0.04
23.52,24.83
0.0978,0.05
0.169,0.05
0.125,0.11
0.064,0.056
0.14,0.064
0.14,0.091
0.003,0.132
0.178,0.069
0.402,0.162
0.003,0.093
0.14,0.084
0.036,0.109
0.063,0.057
0.14,0.118
0.012,0.019
0.034,0.031
0.019,0.019
0.065,0.028
0.034,0.085
0.018,0.082
0.07,0.027
0.018,0.018
0.039,0.03
0.071,0.027
0.17,0.09
0.17,0.09
1024,126
517,196
403,155
1604,161
1494,180
48,70
782,137
1565,169
1564,154
289,232
0.02,0.007
0,0.002
0.004,0.003
0.013,0.006
0.011,0.005
0.001,0.001
0.02,0.007
0.003,0.002
0.017,0.007
0.003,0.002
0.016,0.006
0.017,0.006
0.016,0.006
0,0.001
0.017,0.006
0.003,0.002
0.017,0.063
0.04,0.062
0.026,0.051
0.016,0.044
0.097,0.051
0.009,0.08
0.073,0.069
0.022,0.06
0.012,0.048
0.026,0.085
0.009,0.035
0.032,0.035
0.109,0.086
0.046,0.088
0.105,0.093
0.041,0.069
0.064,0.075
0.015,0.075
0.063,0.061
0.042,0.083
0.133,0.072
0.01,0.072
0.09,0.056
0.087,0.057
0.014,0.066
0.083,0.063
0.101,0.091
0.086,0.074
0.064,0.072
0.029,0.048
0.032,0.083
0.002,0.069
0.014,0.018
0.215,0.017
0.004,0.026
0.112,0.042
0.014,0.038
0.05,0.026
0.072,0.034
0.079,0.042
0.009,0.039
0.018,0.026
0.182,0.084
0.107,0.043
0.038,0.03
0.167,0.046
0.081,0.039
0.02,0.017
0.04,0.052
0.187,0.038
0.187,0.081
0.013,0.022
0.01,0.018
0.096,0.036
0.111,0.053
0.216,0.023
0.222,0.031
0.01,0.007
27.99,22.508
0.032,0.02
0,0.071
16.23,21.476
0.013,0.01
0.011,0.021
10.73,13.014
0.01,0.006
0.05,0.071
9.7,7.581
8.48,12.978
0,0.006
0.008,0.01
4.07,7.43
0.015,0.007
0.362,0.408
0.744,0.144
0.575,0.097
0.0018,0.006
0.223,0.399
0.647,0.045
0.664,0.172
0.009,0.004
0.297,0.221
0.189,0.235
0.006,0.006
0.009,0.004
0.022,0.009
0.018,0.006
0.561,0.092
0.026,0.005
0.78,0.377
0.009,0.004
0.006,0.006
0.44,0.239
0.587,0.082
0.901,0.386
0.614,0.043
0.009,0.004
0.689,0.198
0.431,0.269
0.333,0.221
0.576,0.064
0.023,0.007
0.647,0.14
0.722,0.137
0.541,0.265
0.026,0.005
0.013,0.319
1.712,0.313
1.397,0.372
0.094,0.32
1.254,0.198
0.122,0.541
0.823,0.657
1.076,0.657
1.438,0.417
0.864,0.618
1.64,0.174
1.921,0.586
0.397,0.625
0.24,0.429
1.206,0.533
1.718,0.314
0.18,0.323
0.604,0.638
0.807,0.514
1.55,0.767
0.968,0.467
0.087,0.56
1.642,0.174
0.16,0.316
0.264,0.433
1.39,0.638
0.061,0.007
0.036,0.007
0.042,0.01
0.007,0.01
0.077,0.007
0.013,0.008
0.004,0.004
0.007,0.004
0.04,0.005
0.473,0.133
0.141,0.053
4.888,0.517
0.03,0.039
0.108,0.128
5.3,0.604
0.457,0.13
0.443,1.368
0.448,0.163
2.164,1.151
4.7,0.629
0.02,0.03449029
0.414,0.11131975
0.003,0.00080666
0.474,0.17872833
0.01,0.00268888
0.128,0.0750274
0.004,0.00234461
0.005,0.00230405
0.036,0.09277832
0.483,0.21398863
11.7,3.145993
0.073,0.2519328
0.12,0.06527331
10.46,7.3731877
0.003,0.00080666
0.076,0.04808706
0.076,0.04538221
0.073,0.45308242
16.85,5.8544312
5.47,3.631507
8.12,4.6992527
0.057,2.5264201
5.96,8.3619693
0.004,0.0023298
0.436,0.1172353
0.053,0.27287992
6.24,8.9157683
0.01,0.00268888
7.79,3.8677501
4.35,7.0289053
12.11,5.3652222
0.033,0.19855663
16.53,4.4447235
0.004,0.00188673
0.034,0.24583489
3.47,9.069001
8.686,9.587
0.023,6.623
23.872,7.865
7.658,7.664
42.795,6.681
7.006,6.678
33.069,6.081
31.773,8.613
16.039,6.625
5.888,6.089
12.337,8.736
16.283,8.32
484,436
0.016,0.015
0.005,0.03
0.038,0.023
0.037,0.02
0.068,0.094
104,57
0.024,0.026
0.052,0.058
0.211,0.258
122,122
46,47
15,95
0.029,0.058
12,25
52,44
2,20
35,100
0.136,0.133
37,22
29.196,19.1
0.059,0.064
5,44
0.246,0.137
69,39
0.046,0.062
184,73
18.862,20.248
0.048,0.026
69,24
102,33
4,101
0.023,0.03
0.047,0.193
89,73
26,35
0.038,0.026
0.014,0.025
43,29
45,44
0.018,0.017
82,148
0.026,0.025
0.516,0.247
0.128,0.137
1169,15672
85,39
0.075,0.068
0.043,0.037
0,1
0.038,0.022
44,47
0.058,0.083
5,210
6.141,9.256
0.214,0.135
64,52
0.093,0.052
0.022,0.058
2,98
0.088,0.046
74,53
30,36
81,77
0.423,0.293
31,17
17,187
0.024,0.134
3,34
31,49
34,30
0.154,0.27
0.251,0.129
56,91
0.08,0.069
60,107
730,393
372,223
570,155
402,226
1040,316
9,4
437,226
86,118
379,367
787,466
146,159
11,5
14,7
271,183
439,196
493,217
160,198
250,187
4,60
1,4
7,7
396,195
239,178
122,102
318,155
13,5
16,6
89,1
234,94
25,102
131,169
3,6
73,62
628,318
295,148
369,186
965,228
522,114
249,115
587,427
194,248
0.003,0.002
0.03,0.03
0.03,0.04
0.003,0.02
0.16,0.04
0.51,0.21
0.07,0.32
0.08,0.04
0.004,0.002
0.12,0.04
0.07,0.03
0.86,0.52
1.57,0.73
0.07,0.03
0.02,0.01
1.72,0.75
0.06,0.03
0.43,0.51
0.68,0.83
0.37,0.64
4022,2223
55.6,74.95
0.1,0.05
0.66,1.95
0.04,0.05
0.02,0.04
0.04,0.03
1.47,2.04
0.05,0.09
0.045,0.116
0.04,0.03
0.01,0.03
41.008,17.356
0.01,0.04
0.02,0.04
0.04,0.05
67.92,84.38
0.03,0.02
0.01,0.03
0.07,0.05
0.06,0.02
2.98,6.02
0.01,0.03
0,0.04
58.21,70.8
0.01,0.03
0.05,0.03
0.174,0.098
0,0.08
0.12,0.05
0.01,0.04
46.055,25.791
0.01,0.03
8.255,19.304
2.93,10.66
0.06,0.04
0.08,0.05
0.09,0.04
0.015,0.068
0.04,0.03
47.24,49.62
0.03,0.03
0.072,0.059
0,0.05
0.01,0.03
0.16,0.1
1.65,0.99
0.03,0.05
0.07,0.05
1717,1934
0.21,0.11
0.127,0.084
28.25,11.61
12.43,16.4
0.129,0.067
0.01,0.04
4022,2718
0.05,0.08
0.01,0.02
0.02,0.17
0.965,13.209
0.03,0.04
0.05,0.03
0.148,0.067
0.03,0.03
0.04,0.04
0.01,0.02
0.02,0.04
0.1,0.04
25.84,23.588
27.164,29.451
0,0.05
2.9,9.01
0.01,0.04
0.07,0.03
0.02,0.01
0.106,0.097
20.43,8.84
0.02,0.02
0.224,0.105
96.17,29.18
0.28,0.14
0.31,0.08
0.12,0.1
0.14,0.12
0.09,0.04
0.04,0.04
17.09,7.32
10.21,7.75
0.21,14.22
0.01,0.03
0.19,0.16
92.71,50.59
0.08,0.05
0.01,0.04
0.02,0.03
0.01,0.04
185,95.76
0.03,0.02
0.06,0.03
0.01,0.04
7.11,34.77
0.04,0.04
0.04,0.04
0.03,0.03
0.006,0.077
0.05,0.12
0.05,0.07
0.14,0.15
0.01,0.03
96.52,64.45
0.121,0.061
0.16,0.17
0.02,0.02
0.047,0.196
0.305,0.094
643.63,455.407
0.117,0.135
0.099,0.277
59,31
0.283,0.286
0.028,0.04
0.035,0.177
0.025,0.016
0.204,0.034
2,61
0.516,0.436
0.07,0.279
28.978,15.166
0.102,0.198
47,31
0.122,0.199
0.004,0.051
0.045,0.193
142.479,101.002
0.238,0.031
83.989,94.661
0.354,0.114
35.94,52.405
0.639,0.212
0.047,0.254
0.204,0.221
0.282,0.198
88,86
30.12,27.596
10.659,18.778
382.002,271.23
86.995,109.439
45.426,102.511
0.239,0.293
0.15,0.212
9.358,19.391
0.322,0.21
0.634,0.207
15,25
0.001,0.195
0.113,0.11
0.266,0.433
0.15,0.032
5.365,37.339
9.584,16.446
0.141,0.03
0.122,0.18
0.044,0.193
0.232,0.101
2,32
0.057,0.047
0.326,0.206
70.062,45.054
5.802,8.338
5.036,29.416
20.18,16.061
0.255,0.207
0.281,0.089
406.34,468.693
0.056,0.19
0.143,0.195
0.114,0.076
0.012,0.051
0.387,0.108
0.096,0.22
36.302,27.427
0.511,0.146
0.054,0.256
0.478,0.161
79.77,68.482
0.08,0.202
0.114,0.066
18.1325,24.477
25.354,110.911
0.173,0.362
0.125,0.031
281.555,132.572
0.121,0.11
0.091,0.01497
24.166,105.03
1.988,102.701
0.221,0.034
0.212,0.218
0.006,0.018
0.572,0.171
0.768,0.293
0.11,0.193
0.135,0.032
155.526,403.44
193.7495,242.484
0.074,0.275
0.231,0.109
0.006,0.178
181.102,305.878
0.463,0.316
8.904,33
1,31
0.626,0.214
0.003,0.041
187.826,106.129
0.234,0.033
188.496,94.733
21.121,16.27
32.533,17.131
0.125,0.206
0.137,0.2
0.131,0.223
38.339,101.573
0.331,0.261
55.237,27.98
0.186,0.14
14,36
607.436,342.681
9.074,6.92
0.014,0.041
296.574,126.38
147.983,119.543
0.009,0.044
0.022,0.134
0.018,0.017
19.996,100.273
0.34,0.253
0.184,0.092
0.275,0.207
0.079,0.039
0.172,0.203
0.119,0.201
0.02,0.042
0.705,0.215
0.366,0.302
12.693,106.513
10,53
6.996,8.159
0.497,0.302
0.206,0.192
113.018,126.26
0.119,0.072
11.237,19.3
2.078,33.161
0.013,0.018
27.516,20.963
0.475,0.221
0.326,0.298
0.058,0.192
12,38
0.027,0.042
0.445,0.197
0.162,0.088
0.066,0.232
15,57
0.355,0.231
0.227,0.36
0.084,0.179
0.711,0.387
0.581,0.436
122.822,297.461
0.006,0.04
84.552,127.252
31.648,20.923
450.125,356.568
0.091,0.197
0.0336,0.0488
0.189,0.096
0.09,0.017
1.2214,0.7023
0.0829,0.0309
0.0718,0.0497
0.005,0.007
0,0.008
0.083,0.027
0.083,0.027
0.0801,0.0434
0.053,0.012
1.2318,0.689
0.061,0.011
0.0728,0.0349
0.0823,0.031
0.0719,0.0349
0.096,0.018
0.0319,0.0469
0.0805,0.043
0.068,0.0489
0.206,0.097
161.1,447.7
225.9,303.5
27.4,56.1
67.3,55.7
479,444.8
14.4,12.8
318.2,169.8
172.1,319.5
22.9,46.5
227.7,78.9
267.3,45.2
15.2,67.8
170.1,38.9
61.8,130
21.4,72.3
473.1,50
177.5,311.8
306.6,67.8
457,150
312.2,70.1
49.8,32.7
27,84.9
113.7,92.8
386.8,210.5
26.4,66.1
307.9,77.3
462.7,94.1
259,45.2
364.8,30.9
959.5,438.2
1.7,20.7
0,1
21946,10226
11155,7103
3422,650
1.53,0.28
1871,384
7407,3405
8717,3551
504,714
1085,1939
2923,1068
3569,1464
19077,10390
339,184
0.84,0.16
7826,2830
4050,1888
125,1149
0.27,0.09
4172,1518
306,2801
4826,3566
5655,3642
24887,13756
0.12,0.2
1197,444
6009,1336
2177,1373
14183,5363
0.65,0.22
7810,4241
25936,9636
255,370
5317,3339
550,992
8985,4156
1635,1386
14312,5041
732,1540
6015,2776
0.06,0.1
2281,856
827,444
669,573
2446,1810
14693,6743
3286,772
371,787
12615,6964
0.141,0.107
0.027,0.013
0.213,0.078
0.982,0.448
0.084,0.113
0.154,0.042
0.507,0.099
0.196,0.098
0.215,0.083
0.249,0.129
0.816,2.172
0.039,0.018
0.14,0.106
0.26,0.115
0.355,0.184
0.195,0.098
0.441,0.209
0.304,0.143
0.22,0.097
0.214,0.078
0.206,0.046
0.093,0.026
0.231,0.089
0.192,0.11
2.095,1.179
0.154,0.102
0.166,0.102
0.021,0.012
0.204,0.097
0.031,0.017
2.32,2.17
0.1,0.1
32.71,10.7
0.67,3.63
0.026,0.017
14.09,2.99
215,70
18.9,5.22
4.41,3.14
0.058,0.019
4.84,1.99
374,112
4.24,2.04
84,69
0,0.1
156,69
3.2,1.63
3.82,2.74
8.26,5.54
1.73,5.75
1.28,8.3
176,119
9.33,4.93
0.69,1.09
483,148
6.32,1.49
8.93,3.78
15.15,3.99
0.05,1.62
10.15,3.91
0.037,0.016
539,95
140,63
4.67,2.34
0.278,1.51
2.24,2.34
14.31,4.71
21.58,4.55
0.96,3.79
73,69
13.54,3.6
1071,239
120,59
25.49,6.81
428,94
0.042,0.022
482,126
4.369,2.48
2.39,1.28
4.6,2.17
417,113
33.33,9.16
5.91,3.79
11.82,3.57
3.82,4.93
4.65,5.72
11.93,6.9
26.17,7.96
0.87,2.28
3.38,1.87
0.023,0.017
0.047,0.017
0.16,0.01
32.88,7.59
3.4,6
0.019,0.012
150,69
35,86
0.077,0.013
7.45,2.11
332,123
3.33,1.7
69,74
17.19,3.02
0.053,0.013
0.543,0.736
0.024,0.016
0.325,0.78
0.12,0.636
0.578,0.619
0.001,0.006
0.082,0.703
0.012,0.014
0.275,0.631
0.003,0.006
0.574,0.89
0.003,0.013
0.662,0.705
0.009,0.015
0.003,0.007
1.023,0.803
0.01,0.666
0.279,0.859
0.874,0.821
0.414,0.636
0.939,0.652
0.001,0.006
0.399,0.694
1.914,0.662
2.083,0.726
0.014,0.006
0.033,0.795
1.061,0.74
0.728,0.84
0.123,0.766
0.006,0.016
0.01,0.006
0.796,0.668
0.002,0.014
1.132,0.837
1.515,0.693
0.001,0.011
0.024,0.031
0.006,0.031
0.02,0.03
0,0.011
0.038,0.019
0.001,0.03
0.017,0.031
0.073,0.024
0.022,0.026
0.056,0.023
0.002,0.011
0.038,0.019
0.055,0.016
0.03,0.016
0.019,0.031
0.0298,0.0332
0.121,0.05
0.0256,0.0331
0.224,0.0144
0.14,0.0259
0.291,0.082
0.414,0.0797
0.0531,0.0315
0.0916,0.0735
0.353,0.112
0.075,0.0708
0.0404,0.0192
0.231,0.0331
0.125,0.0489
0.141,0.026
0.0936,0.0419
0.25,0.02
0.19,0.143
0.329,0.161
0.14,0.0159
0.19,0.022
0.178,0.237
0.0318,0.0362
0.073,0.0167
0.29,0.0488
0.111,0.0818
0.315,0.012
0.151,0.0191
0.0809,0.0397
0.278,0.0845
0.173,0.229
0.108,0.0933
0.123,0.016
0.197,0.0225
0.4,0.173
0.444,0.109
0.0314,0.0936
0.1995,1.367
4.653,8.248
2.569,1.185
0.4319,0.9774
1.236,1.161
7.174,5.575
0.1836,1.17
2.253,0.7918
4.137,1.871
5e-04,1.221
4.79,1.602
1.487,1.29
0.7068,8.036
0.0491,0.7914
2.697,4.789
3.34,1.805
3.552,1.421
1.855,2.192
0.7967,0.786
0.003,0.9224
15.52,2.417
3.247,0.765
1.839,0.6283
1.74,0.5855
3.289,1.095
0.908,1.324
0.058,0.034
0.117,0.066
0.158,0.169
0.087,0.029
0.00179,0.00836
0.037,0.029
0.103,0.037
0.1,0.036
0.028,0.045
0.001,0.044
0.185,0.109
0.034,0.072
0.063,0.042
0.174,0.055
0.042,0.076
0.074,0.098
0.035,0.027
0.00716,0.0668
0.179,0.057
0.049,0.034
0.093,0.039
0.169,0.103
0.086,0.031
0.14,0.047
0.091,0.038
0.021,0.053
0.197,0.549
0.016,0.038
0.012,0.027
0.345,0.183
0.501,0.283
0.021,0.033
0.143,0.152
0.016,0.038
0.024,0.043
0.116,0.424
0.111,0.057
0.021,0.037
0.431,0.207
0.022,0.037
0.024,0.043
0.039,0.05
0.003,0.038
0.429,0.247
0.037,0.05
0.269,0.167
0.075,0.506
0.462,0.472
4.935,1.88
4.92,1.93
0.431,0.207
4.876,1.927
0.019,0.033
0.02,0.053
0.008,0.024
4.897,1.874
0.132,0.423
0.002,0.038
0.063,0.041
0.073,0.505
0.27,0.175
6.525,2.094
0.143,0.575
0.04,0.044
0.136,0.117
0.063,0.041
0.469,0.471
0.111,0.057
0.012,0.026
0.163,0.549
6.659,2.107
0.358,0.182
0.267,0.168
0.581,0.607
0.272,0.174
0.596,0.607
0.143,0.575
0.042,0.045
0.009,0.024
0.082,0.127
0.006,0.021
0.026,0.014
0.137,0.041
0.003,0.062
0.015,0.033
0.011,0.051
0.117,0.05
0.111,0.05
0.049,0.053
0.838,0.72
0.036,0.054
0.059,0.014
0.024,0.052
0.023,0.078
1.778,0.612
0.583,0.241
0.137,0.042
0.037,0.063
0.01,0.073
0.08,0.025
0.123,0.024
0.483,0.264
0.113,0.064
0.071,0.0127
0.008,0.031
0.024,0.052
0.02,0.078
0.031,0.055
0.124,0.065
0.022,0.052
0.072,0.74
0.061,0.807
0.203,0.016
0.11,0.085
0.031,0.059
0.062,0.042
0.016,0.02
0.161,0.036
0.043,0.056
0.1,0.046
0.218,0.133
0.062,0.042
0.055,0.037
0.037,0.054
0.161,0.036
0.061,0.042
0.193,0.093
0.062,0.042
0.027,0.02
0.014,0.032
0.14,0.042
0.123,0.026
0.023,0.078
0.027,0.059
0.014,0.034
0.019,0.156
0.161,0.036
0.493,0.202
0.053,0.06
0.254,0.16
0.163,0.036
0.05,0.053
0.001,0.074
0.096,0.046
0.084,0.16
0.137,0.042
0.104,0.024
0.033,0.148
0.084,0.009
0.065,0.181
0.055,0.037
0.024,0.078
0.162,0.038
0.051,0.03
0.055,0.037
0.05,0.06
0.055,0.037
0.008,0.029
0.216,0.262
0.049,0.056
0.023,0.031
0.022,0.052
0.323,0.152
0.163,0.036
0.161,0.036
0.197,0.153
0.036,0.028
0.216,0.211
0.049,0.028
0.694,0.355
0.137,0.041
0.024,0.052
0.037,0.063
0.046,0.063
0.102,0.064
0.076,0.029
0.137,0.041
0.049,0.06
0.051,0.053
0.029,0.03
0.091,0.033
0.222,0.153
0.1,0.046
0.043,0.028
0.008,0.013
0,0.074
0.008,0.021
0.195,0.183
0.112,0.05
0.163,0.036
0.033,0.034
0.044,0.056
0.473,0.202
0.137,0.041
0.024,0.052
0.007,0.074
0.041,0.037
0.139,0.042
0.117,0.064
0.026,0.059
0.098,0.063
0.022,0.052
0.094,0.063
0.31,0.9
5.51,1.47
5.23,1.64
0.96,1.28
0.27,0.94
0.672,0.09
0.7,0.05
0.712,0.024
0.69,0.047
0.792,0.034
0.683,0.027
0.156,0.108
0.017,0.051
197.22,19.79
0.104,0.128
160.94,8.63
0.031,0.052
0.083,0.06
0.079,0.055
12.18,10.58
3.26,5.56
0.116,0.07
215.77,6.41
0.185,0.079
65.96,9.84
209.4,14.46
0.133,0.045
0.262,0.089
0.036,0.048
61.37,16.2
0.164,0.118
0.061,0.102
100.94,9.44
46.19,6.8
0.016,0.061
0.071,0.095
0.032,0.12
0.033,0.1
87.17,9.69
0.229,0.138
0.364,0.156
203.81,7
0.545,0.068
0.053,0.065
1.074,0.134
0.02,0.03
0.22,0.04
0.29,0.03
0.25,0.03
0.29,0.03
0.2,0.03
0.13,0.05
0.29,0.03
0.25,0.03
0.2,0.03
25.59,2.21
0.2,0.03
25.46,2.2
0.2,0.03
0.29,0.03
0.25,0.06
0.13,0.05
0.22,0.04
0.2,0.03
0.25,0.05
0.0088,0.0176
0.0108,0.0045
0.0076,0.008
0.0059,0.006
0.0012,0.0063
0.5471,0.0097
0.0369,0.019
0.0064,0.0071
0.0068,0.0152
0.0145,0.0193
0.5039,0.0081
61,30
0.5016,1.3479
0.0035,0.0058
0.4824,0.0087
3.1948,0.9911
0.5255,0.0083
0.0014,0.0018
9.1904,11.6729
0.0011,0.0155
0.4692,0.0084
0.4964,0.01
0.0896,0.3026
161,98
0.4645,0.0084
0.0025,0.0018
0.5088,0.01056
0.5759,0.0098
0.0187,0.0137
0.0025,0.0056
0.491,0.0064
6e-04,0.0019
0.0018,0.0062
0.0374,0.0248
0.0074,0.0045
0.2469,0.0789
0.5284,0.0083
0.4971,0.0101
0.48,0.0087
0.0041,0.0072
0.015,0.0094
0.5036,0.0081
0.0056,0.0057
0.0039,0.0055
0.0067,0.0082
0.5432,0.0062
9e-04,0.0018
0.0168,0.0143
0.0012,0.0084
0.5199,0.006
0.0101,0.0094
0.5693,0.0101
0.0085,0.0169
0.4774,0.0062
0.0117,0.0168
0.1358,0.6984
0.2053,0.0827
0.0158,0.0078
0.0177,0.0096
0.5515,0.0095
0.509,0.0103
0,1e-04
0.0019,0.0183
0.004,0.002
0.154,0.045
0.075,0.064
0.231,0.037
0.006,0.002
0.047,0.062
0.008,0.014
0.088,0.045
0.005,0.003
0.001,0.003
0.101,0.038
0.299,0.04
0.039,0.044
3e-05,1e-05
0.107,0.072
0.078,0.052
0.001,0.002
2e-05,1e-05
0.367,0.035
0.063,0.061
0.289,0.032
0.152,0.046
0.03,0.045
0.071,0.068
0.03,0.045
0.058,0.081
0.108,0.038
0.009,0.014
0.101,0.038
0.108,0.058
0.001,0.003
0.001,0.013
3e-05,1e-05
3e-04,1e-05
0.087,0.035
0.259,0.033
0.001,0.013
0.005,0.002
0.05,0.041
0.128,0.052
0.0332,0.028
0.115,0.026
0.0375,0.1
0.125,0.12
0.111,0.033
0.181,0.037
0.0413,0.03
0.0518,0.103
0.159,0.061
0.014,0.028
0.395,0.161
20.49,5.532
0.363,0.12
0.445,0.147
0.026,0.037
0.277,0.128
1.082,0.11
0.358,0.133
0.0289,0.024
0.153,0.031
0.0241,0.085
9.376,3.487
0.146,0.168
0.116,0.032
0.0342,0.094
0.133,0.029
0.241,0.172
0.0437,0.12
0.0961,0.051
0.311,0.11
0.117,0.025
0.587,0.183
0.448,0.163
0.0735,0.026
0.134,0.045
0.119,0.047
0.236,0.124
25.72,6.923
0.016,0.025
0.379,0.16
0.384,0.131
0.349,0.169
1.105,0.311
0.149,0.042
0.163,0.17
0.05,0.032
0.111,0.047
0.167,0.039
0.292,0.111
0.292,0.173
0.242,0.097
0.134,0.092
0.383,0.159
0.0996,0.046
0.292,0.111
1.467,0.532
0.173,0.085
0.0345,0.1
0.0797,0.027
1.48,0.532
0.241,0.177
0.273,0.125
0.127,0.07
0.429,0.154
0.273,0.122
0.0483,0.107
0.0893,0.094
0.0143,0.091
18.89,8.068
0.286,0.142
0.021,0.011
0.13,0.1
0.025,0.048
1.67,0.2
0.0366,0.0213
0.0288,0.0258
0.21,0.032
0.187,0.08749
0.0021,0.013
0.042,0.033
0.077,0.027
0.0365,0.0353
1.5,0.094
0.00974,0.0224
0.71,0.11
0.105,0.0839
0.013,0.014
0.838,0.499
0.22,0.031
0.38,0.1
0.213,0.0344
0.221,0.453
2.12,0.026
0.2,0.037
0.071,0.02
0.0042,0.017
1.71,0.11
4839,1764
24,29
0.06,0.03
18,32
0.1,0.02
0.83,0.31
0.74,0.27
0.03,0.01
623,1347
0.25,0.05
0.01,0.02
0.02,0.01
0,0.07
0.03,0.03
0.04,0.02
0.3,0.02
0.09,0.03
0.03,0.03
0.13,0.05
46,30
0,0.03
0.14,0.28
0.07,0.04
861,1555
0.02,0.26
0.07,0.03
62,28
664,1514
0.08,0.03
0.01,0.04
0.81,0.36
0,0.02
43,34
4827,2031
0.02,0.07
9666,1703
764,1293
0.01,0.02
0.06,0.02
0.08,0.03
0.04,0.01
0.02,0.26
0.18,0.03
6802,2017
0,0.02
0.03,0.02
1.17,0.36
0.07,0.03
7470,1974.78
140,1419
0.12,0.02
0.03,0.03
385,917.57
0.12,0.02
35,24
27,30
4538,1503.03
0.71,0.27
1.25,0.24
0.02,0.02
0.14,0.02
19,30
0.03,0.03
0.15,0.02
0.12,0.24
0.08,0.03
0.31,0.03
526,1035
0.24,0.06
58,28
683,2669.3
0.1,0.25
0.08,0.03
0.06,0.03
1.25,0.35
0.06,0.02
0.09,0.02
0.1,0.02
0.01,0.02
0.12,0.28
0.13,0.48
16,34.47
0.01,0.01
45,18.62
1.64,0.3
121,1201.6
0.05,0.02
197,1436
0.07,0.02
0.06,0.03
0.02,0.07
0.55,0.35
0.04,0.24
0.03,0.01
6,29
57,18
0.07,0.19
0.06,0.03
0.05,0.05
0.01,0.02
49,35
0.09,0.03
88,26.38
7455,1328
0.18,0.06
0.02,0.01
0.14,0.05
23,33.75
0.03,0.01
20,30.41
0.01,0.03
0.12,0.05
0.01,0.02
0.11,0.05
4398,1439.84
0.08,0.17
43,28
0.02,0.03
0.25,0.03
81,26
23,23.17
0.62,0.35
0.1,0.02
0.08,0.03
0.04,0.02
3200,1935
3602,1974
0.106,0.049
0.0221,0.0365
0.00945,0.0439
0.038,0.051
0.032,0.03
0.0953,0.0429
0.1,0.043
0.061,0.037
0.0391,0.0383
0.126,0.043
0.087,0.053
0.0309,0.0427
0.109,0.043
0.00329,0.0278
0.0288,0.0299
0.049,0.055
1.083,0.559
0.1,0.07
1.49,0.881
1.76,0.731
0.008,0.101
0.221,0.112
3.6,1.7
2.844,1.126
0.042,0.105
5.558,2.935
10.663,4.613
11.108,7.085
1.76,0.731
2.309,1.901
0.4941,0.813
0.04,0.019
9.038,5.261
1.083,0.559
3.148,3.88
0.984,0.847
0.004,0.025
5.988,5.112
0.736,1.224
0.052,0.028
0.019,0.014
1.9,1.5
0.007,0.018
0.001,0.011
1.97,0.816
0.2,0.11
10.663,4.613
5.558,2.935
17.254,7.025
0.994,1.024
0.291,0.167
7.414,4.179
11.784,5.073
0.099,0.078
5.237,7.611
0.072,0.057
1.794,1.832
0.425,0.847
4.765,2.786
9.144,3.165
0.475,0.851
3.877,3.686
10.637,3.116
1.579,2.091
1.173,1.651
4.379,1.896
1.061,1.95
4.755,2.843
5.66,4.529
5.647,4.008
1.893,0.733
3.174,1.826
3.393,1.875
6.247,2.428
1.303,1.658
1.681,1.815
9.106,3.199
1.863,0.789
3.347,1.869
4.068,3.404
0.482,0.774
4.351,1.893
1.887,0.728
4.39,1.934
3.979,3.665
5.671,4.568
0.759,0.372
32.57,14.778
0.056,0.032
5.59,0.688
39.81,15.568
4.478,0.472
19.363,18.449
1.144,8.336
6.59,12.975
119.2,26.12
0.148,0.038
13.43,11.475
55.23,13.4724
10.38,12.235
42.97,27.74
0.007,20.016
7.43,1.583
0.058,0.013
12.89,34.98
0.068,0.059
0.181,0.028
2.61,1.804
67.06,17.267
4.37,1.417
0.116,0.031
0.127,0.064
40.81,14.95
0.459,0.075
0.005,0.037
0.039,0.014
0.026,0.016
0.09,0.029
16.97,34.98
0.145,0.073
0.016,0.029
0.05,0.026
0.073,0.031
33.35,13.46
11.99,28.37
7.603,17.71
0.448,0.064
7.756,21.46
0.022,0.062
0.552,0.083
0.252,0.039
3.2,1.544
1.453,0.544
0.026,0.034
0.018,0.019
71.8,16.92
60.9,20.52
47.23,20.259
11.86,14.036
0.07,0.029
6.03,13.271
0.488,0.055
0.126,0.109
0.27,0.141
0.055,0.121
0.223,0.139
0.056,0.044
8.219,4.606
0.562,0.953
0.005,0.174
8.328,5.734
0.049,0.177
8.384,4.536
0.072,0.104
0.08,0.054
0.022,0.054
0.074,0.071
0.516,1.152
0.05,0.144
6.108,5.016
0.14,0.105
0.098,0.064
0.111,0.156
0.485,0.911
0.092,0.147
0.158,0.157
0.09,0.108
0.013,0.104
43.157,113.758
0.525,8.465
0.07,0.07
0.17,0.173
0.045,0.034
5.108,15.452
0.129,0.055
0.017,0.103
0.03,0.045
0.07,0.052
0.126,0.088
0.02,0.046
0.105,0.06
0.006,0.175
0.114,0.06
0.06,0.175
0.048,0.143
0.29,8.75
10.226,8.283
0.064,0.121
0.061,0.146
0.068,0.029
0.117,0.092
0.195,0.117
0.062,0.152
0.115,0.082
5.426,10.93
0.242,0.127
0.07,0.041
0.204,0.123
0.064,0.046
0.027,0.032
0.062,0.053
0.516,1.26
0.025,0.092
0.24,0.14
0.03,0.098
0.075,0.0132
2.664,7.497
0.024,0.035
0.261,0.137
5330,5705
0.13,0.103
0.043,0.05
0.208,0.138
0.033,0.077
5.525,14.694
0.015,0.057
0.074,0.112
0.085,0.05
0.153,0.107
5802,5831
0.128,0.102
0.128,0.085
0.112,0.06
2.146,8.616
0.25,0.13
0.061,0.139
0.087,0.064
0.08,0.04
0.033,0.045
0.237,0.14
0.046,0.053
0.113,0.091
11.886,10.876
0.006,0.037
0.076,0.03
0.026,0.032
0.024,0.031
8.117,5.661
0.106,0.157
5.657,14.551
0.055,0.176
0.047,0.051
0.035,0.077
1.271,1.332
0.114,0.107
0.048,0.055
1.475,1.421
9.918,4.91
8.472,4.358
0.025,0.042
9.779,4.711
3.147,3.187
0.041,0.047
0.03,0.043
0.068,0.047
3.994,3.587
0.026,0.027
0.078,0.043
0.044,0.028
0.081,0.036
5.444,4.407
7.057,4.225
7.309,4.946
0.0798,0.0288
16,15
0.00203,0.016
0.127,0.317
0.0582,0.028
0.0185,0.021
1.157,0.583
322.9,569.7
0.041,0.0261
0.533,0.227
1384,981
2427,1333
74.5,614.9
0.0556,0.0166
4.103,5.8214
0.0892,0.054
18,366
0.429,0.065
0.105,0.269
0.0718,0.0281
647,327
0.427,0.358
3.759,2.996
0.193,0.0258
674,541
4.26,2.494
0.0602,0.0293
85,79
0.0602,0.0293
0.439,0.0289
422,174
4.26,14.59
167.3,78.93
601,592
1.761,135.2
0.287,1.307
0.0231,0.0263
0.501,3.52
414,5390
0.0513,0.02
199,156
0.408,0.078
0.019,0.039
0.5,0.66
0.08,0.13
0.047,0.038
458,120
0.043,0.03
63,219
0.1,0.68
0.357,0.093
1,196
0.009,0.034
2.6,1.52
0.9,1.17
0.006,0.022
0.252,0.064
0.014,0.59
389,90
0.6,1.71
0.081,0.025
0.068,0.072
49,84
573,414
134,32
198,243
77,38
0.038,0.032
0.006,0.043
0.252,0.058
0.38,0.085
1,1.03
0.018,0.013
1.7,1.53
3.6,8.5
712,479
11,17
0.025,0.046
206,258
0.07,0.046
5,13
0.026,0.03
1.1,1.04
0.52,0.26
0.024,0.032
513,431
1.1,1.43
0.015,0.034
0.071,0.034
0.753,0.009
526,403
0.083,0.048
368,84
28,19
10,9
1,0.54
0.6,54
0.7,1.42
0.753,0.009
0.018,0.016
47,129
21,29
154,75
0.109,0.061
252,185
0.222,0.385
0.003,0.003
0.009,0.008
0.818,0.517
2.074,3.525
0.073,0.017
0.031,0.035
701,619
29.292,249
0.021,0.031
0.025,0.027
0.213,0.363
0.004,0.038
0.144,0.069
7.852,4.23
1.909,3.023
0.014,0.018
0.416,0.06
365932,44233
0.071,0.026
2.584,1.065
10714,6317
74130,79611
2410,3807
0.019,0.044
0.008,0.047
0.085,0.038
0.077,0.033
0.071,0.093
0.021,0.036
2.485,3.274
0.029,0.038
6.135,2.469
1.487,0.75
1.059,0.629
0.508,0.051
0.007,0.038
361034,43585
5.65,3.905
0.011,0.01
0.135,0.044
0.001,0.003
4.789,5.302
1.6,35
0.013,0.032
0.179,0.124
1.875,2.956
0.119,0.03
0.015,0.019
0.808,0.688
0.194,0.05
0.02,0.072
0.278,0.609
0.2577,0.041
5.675,3.008
4.8,5.3
0.137,0.077
354,314
0.023,0.014
0.44,0.948
542,372
12,15
0.712,1.488
2.71,1.474
391,213
0.991,1.176
0.007,0.011
0.06,0.026
0.005,0.006
2.033,2.741
0.0143,0.005
1.238,1.544
1069,2520
158,2940
0.007,0.023
0.009,0.006
94,336
0.002,0.008
542,372
0,0.01
354,314
0.739,2.245
0.015,0.011
0.084,0.027
0.023,0.023
799,669
0.0114,0.0261
2554,6156
0.005,0.09
1.713,2.162
0.021,0.027
0.0083,0.0215
0.063,0.019
0.0357,0.0188
0.039,0.026
0.012,0.011
2.076,1.046
0.008,0.009
5013,4049
0.002,0.029
839,945
0.0501,0.0459
0.052,0.021
1682,1412
0.084,0.041
14.16,8.09
255,1056
979,287
343,1263
12.11,12.06
0.106,0.0291
530,547
6.5,31.81
5266,3720
526,358
0.045,0.04
0.12,0.099
1.703,1.583
2644,1491
2105,1100
10.24,37.22
48,51
706,1324
75,2163
0.613,0.743
22,17
8.785,4.92
1.387,1.521
2.951,2.49
1620,3257
0.002,0.018
1181,1086
3548,3813
0.0815,0.0445
1334,230
0.0064,0.0179
0.028,0.202
0,0.01
0.007,0.021
0.0055,0.013
0.011,0.021
0.03,0.012
10,6
0.531,0.269
0.05,0.08
1119,698
0.466,1.418
948,588
45,46
19.73,11.35
11,17
1286,439
217,628
2.061,9.865
3.7,11.51
0.085,0.067
0.007,0.0263
0.051,0.057
0.012,0.024
0.0288,0.0253
2.466,2.361
0,0.01
0.016,0.013
0.037,0.024
3.176,1.421
0.127,0.02
0.0151,0.0186
1261,530
6,4
0.007,0.028
8167,7314
0.001,0.009
879,2201
0.026,2.065
0.018,0.038
0.021,0.024
0.195,0.112
598,384
898,1063
0.092,0.133
0.42,10
2856,4548
134,207
0,0.006
141,212
0.09,0.04
0.0852,0.156
6.991,2.57
0.0937,0.041
6.523,2.59
0.129,0.117
0.0229,0.009
0.109,0.048
3.207,15.8
0.0621,0.123
0.0112,0.016
0.019,0.144
0.0168,0.103
0.003377,0.008
6.3477,2.95
0.253,0.11
0.00115,0.016
0.0805,0.168
8.038,3.09
0.0762,0.04
0.00416,0.014
0.0481,0.022
0.0732,0.048
0.0607,0.036
0.164,0.085
0.0203,0.017
0.0901,0.045
0.0617,0.021
0.333,0.1
0.0146,0.023
0.0707,0.031
0.00962,0.006
0.0314,0.014
2.409,14.94
0.0273,0.013
0.00239,0.005
0.135,0.048
0.074,0.254
0.0104,0.496
0.0208,0.022
0.0696,0.037
5.756,3.41
16.68,9.697
0.0986,0.07
8.196,4.19
0.174,0.185
0.0975,0.048
0.103,0.049
5.796,2.94
0.247,0.117
0.0043,0.0061
0.1408,0.0101
0.0533,0.0084
0.0139,0.0085
0.0066,0.0086
0.0531,0.0089
0.0536,0.0096
0.0242,0.0086
0.14,0.01
0.0202,0.0084
0.0067,0.0086
0.0545,0.0097
0.0223,0.0131
0.0767,0.0091
0.0044,0.0061
0.025,0.0086
0.0086,0.0086
0.031,0.0088
0.1273,0.0146
0.0066,0.0086
0.0247,0.0078
0.0043,0.0061
0.0164,0.0128
0.1402,0.01
0.1145,0.0089
0.033,0.0094
0.0088,0.0086
0.0309,0.0088
0.056,0.0099
0.0267,0.0079
0.1154,0.0085
0.0258,0.0117
0.0337,0.0096
0.1235,0.0128
0.0558,0.0097
0.075,0.0081
0.0127,0.0117
0.1145,0.0089
0.031,0.0088
0.1217,0.0132
0.0144,0.0085
0.0086,0.0086
0.0738,0.0093
0.0185,0.0129
0.0146,0.0131
0.0256,0.0086
0.0047,0.0083
0.0041,0.0061
0.007,0.0086
0.0159,0.0113
0.0032,0.0083
0.0083,0.0129
0.056,0.0097
0.0054,0.0078
0.025,0.0111
0.0066,0.0086
0.1275,0.0146
0.0139,0.0085
0.0313,0.0088
0.0045,0.0061
0.0201,0.0084
0.004,0.0086
0.1297,0.0152
0.1211,0.0133
0.0519,0.0088
0.021,0.0085
0.0739,0.0084
0.0243,0.0086
0.0032,0.0086
0.0148,0.0085
0.0156,0.0119
0.0084,0.0086
0.14,0.0096
0.0296,0.0083
0.1401,0.01
0.1168,0.0138
0.0532,0.0084
0.1303,0.0153
0.0536,0.0096
0.0244,0.0085
0.0048,0.0077
0.1239,0.0151
0.0164,0.0128
0.0769,0.0091
0.1296,0.0152
0.0338,0.0137
0.0032,0.0083
0.034,0.0141
0.0273,0.0085
0.0184,0.0129
0.0286,0.0118
0.0086,0.0086
0.011,0.0112
0.0316,0.0088
0.0137,0.0085
0.0213,0.0122
0.116,0.0089
0.0038,0.0086
0.004,0.0086
0.0116,0.0132
0.1155,0.0089
0.0336,0.0137
0.0333,0.0094
0.0039,0.0086
0.0081,0.0129
0.071,0.144
0.025,0.029
0.01,0.03
0.089,0.026
0.297,0.08
0.05,0.042
0.156,0.082
0.116,0.058
0.039,0.039
0.303,0.071
0.349,0.06
0.225,0.112
0.029,0.036
0.24,0.027
0.054,0.174
0.608,0.144
0.16,0.125
0.174,0.046
0.244,0.128
0.084,0.041
0.003,0.028
0.194,0.161
0.326,0.154
0.139,0.106
0.222,0.078
0.233,0.115
0.163,0.05
0.11,0.094
0.139,0.048
0.05,0.02
0.148,0.122
0.301,0.041
0.025,0.044
0.022,0.027
0.00039,0.00091
0,0.00095
0.01516,0.00254
6e-05,9e-04
0.00192,0.00081
0.00021,0.00095
0.00184,0.001
0.00131,0.00076
0.01114,0.00398
6e-05,0.00091
0.00186,0.00074
0.00269,0.00195
0.0941,0.106
0.539,0.529
0.6,0.387
0.183,0.147
0.231,0.093
0.162,0.359
0.318,0.386
0.704,0.3
0.027,0.026
0.022,0.106
0.16,0.101
0.647,0.273
0.031,0.038
0.033,0.034
0.055,0.048
0.059,0.014
0.057,0.03
0.194,0.073
0.122,0.046
0.089,0.051
0.106,0.038
0.1,0.042
0.09,0.065
0.122,0.046
0.109,0.047
0.089,0.051
0.106,0.038
0.0329,0.018
0.529,0.685
0.03,0.01
0.35,0.21
0.362,0.00963
0.13,0.07
0.153,0.239
0.58,0.16
0.66,0.37
0.14,0.26
0.04,0.02
0.92,0.224
0.03,0.01
0.125,0.0543
0.74,0.83
0.97,0.25
0.84,0.26
0.635,0.107
0.237,0.092
0.1,0.159
0.003,0.032
0.004,0.033
0.675,0.033
0.167,0.11
0.128,0.079
0.68,0.033
0.686,0.032
0.293,0.109
0.589,0.078
0.132,0.079
0.233,0.089
0.673,0.028
0.015,0.033
0.071,0.156
0.694,0.032
0.603,0.077
0.635,0.105
0.286,0.107
0.177,0.111
0.013,0.033
0.157,0.078
0.159,0.088
0,0.024
0.067,0.084
0.258,0.088
0.559,0.367
0.004,0.003
0.003,0.002
0.018,0.033
0.733,0.353
0.658,0.254
0.072,0.038
0.089,0.212
0.22,0.07
0.005,0.002
0.113,0.08
0.003,0.002
0.01,0.043
0.032,0.029
0.004,0.001
0.004,0.024
0.001,0.003
0.039,0.041
0.015,0.056
0.034,0.027
0.001,0.002
0.008,0.002
0.037,0.099
0.21,0.104
0.062,0.036
0.066,0.042
0.059,0.046
0.106,0.05
0.125,0.07
0.094,0.065
0.014,0.026
0.056,0.029
0.027,0.083
0.005,0.003
0.004,0.002
0.088,0.069
0.002,0.001
0.095,0.04
0.072,0.034
0.028,0.026
0.006,0.002
0.259,0.064
0.337,0.043
0.281,0.098
0.051,0.035
0.332,0.056
0.367,0.065
0.357,0.066
0.09,0.071
0.081,0.04
0.011,0.009
0.037,0.013
0.336,0.043
0.021,0.014
0.108,0.034
0.141,0.038
0.056,0.03
0.176,0.071
0.38,0.077
0.384,0.241
0.045,0.012
0.275,0.061
0.075,0.043
0.813,0.518
0.036,0.011
0.111,0.045
0.035,0.014
74,16
17,7
5.96,8.41
157,99
105,56
18.07,3.82
121,41
16.14,7.64
31.77,12.95
7,1
91,13
82,2
91,59
54,47
16,32
69,22
6,10
69,15
35,15
9,10
56.5,11.69
13.37,8.99
1,11
55.54,16.43
21,10
112,39
154,23
81,52
66,15
66,19
90.48,16.6
7,10
137,72
130,69
51,10
79,32
21,4
36,5
12,12
67,14
82,73
83,22
9.14,8.09
22,40
72,48
82,20
11,8
167,51
76,12
112,34
35,68
145,53
0.0059,0.0051
0.0127,0.0048
0.1192,0.8913
0.1426,0.806
7e-04,0.0028
0.0137,0.0049
0.0049,0.0635
0.1884,0.0635
0.007,0.0048
0.0055,0.0044
0.0147,0.0629
0.1607,0.0522
0.0854,0.064
0.8686,1.103
0.0089,0.0042
0.3401,0.7896
0.0069,0.0049
1.0555,0.4701
1.0554,0.4701
0.0042,0.0011
0.005,0.0042
4e-04,0.0029
0.9562,0.7029
0.7385,0.6262
4e-04,0.0029
0.1954,1.1058
0.118,0.0627
8e-04,0.0049
0.2083,0.0632
0.0869,0.0365
7e-04,0.0028
0.032,0.9344
0.3382,0.8108
0.0869,0.0365
0.0029,0.0049
0.0053,0.004
0.0167,0.0049
0.032,0.9344
0.7989,0.8397
0.0883,0.0634
0.0067,0.0051
0.1206,0.8204
1.0909,0.8195
0.1321,0.0553
0.0018,0.0013
0.9562,0.7029
0.7383,0.6262
0.1321,0.0553
0.0124,0.004
0.7063,1.0724
0.0024,0.0051
0.0089,0.0042
0.7427,0.6718
0.0055,0.0044
0.8953,0.7969
0.0458,0.04
0.736,0.0703
0.192,0.077
0.0359,0.0584
0.174,0.0911
0.31,0.0858
0.445,0.127
0.265,0.0688
0.0619,0.0756
0.152,0.33
0.0151,0.307
0.00114,0.156
0.271,0.157
0.342,0.144
0.211,0.0729
0.273,0.196
0.725,0.059
0.153,0.0434
0.511,0.208
0.144,0.0837
0.408,0.152
0.0943,0.124
0.156,0.0798
0.375,0.145
0.743,0.175
0.00242,0.016
0.0552,0.0262
0.702,0.0795
0.0356,0.0942
0.171,0.0972
0.623,0.222
0.354,0.105
0.198,0.253
0.165,0.108
0.0948,0.202
0.0976,0.0811
0.15,0.128
0.581,0.072
0.427,0.17
0.167,0.172
0.577,0.06511
0.217,0.34
0.273,0.104
0.278,0.0977
0.0756,0.198
0.338,0.229
0.0318,0.0876
0.483,0.731
0.341,0.102
0.199,0.18
0.526,0.088
0.744,0.35
0.0427,0.0385
0.284,0.1
0.738,0.0729
0.295,0.142
0.153,0.0428
0.317,0.217
0.26,0.131
0.0124,0.07
0.536,0.263
0.297,0.126
0.00433,0.379
0.582,0.318
0.083,0.19
0.131,0.181
0.0942,0.239
0.678,0.446
0.579,0.317
0.18,0.0608
0.298,0.178
0.00643,0.0158
0.153,0.0839
0.0671,0.161
0.13,0.196
0.166,0.0878
0.5,0.179
0.00982,0.0703
0.0249,0.147
0.54,0.19
0.277,0.122
0.799,0.35
0.326,0.289
0.203,0.113
0.167,0.312
0.228,0.387
0.698,0.096
0.387,0.138
0.0921,0.141
0.12,0.0717
0.375,0.129
0.0568,0.0262
0.1,0.06
0.202,0.06
0.334,0.062
0.441,0.063
0.314,0.062
0.114,0.061
0.434,0.061
0.521,0.063
0.018,0.06
1.77,0.26
2244.3,656.96
2.38,0.21
2996.73,1335
0.61,0.48
0.08,0.06
2.22,0.46
0.44,0.05
0.1,0.03
2052.39,1567.93
0.29,0.05
0.07,0.06
0.4,0.03
2426.4,750.24
0.47,0.04
0.16,0.06
0.0011,0.0015
1e-04,0.0014
3e-04,5e-04
0.5652,0.0137
0.0017,0.0012
8e-04,0.0014
0.0043,0.0016
5e-04,0.0015
0.0011,0.0015
0.0014,0.0027
0.0042,0.0018
0.5245,0.0172
0.5247,0.0172
0.0048,0.0028
0.0044,0.0018
8e-04,0.001
0.0025,0.0024
0.0022,0.0017
0.0037,0.0021
0.524,0.0172
0.0043,0.0016
2e-04,0.0015
0.0046,0.0018
0.0053,0.0019
0.0016,0.0016
0.0044,0.0018
0.0035,0.0015
0.0032,0.0016
0.0037,0.0021
0.0094,0.0026
0.5241,0.0173
1e-04,0.0016
0.0011,0.0017
7e-04,0.001
8e-04,0.0014
6e-04,0.0018
0.0049,0.0017
0.0031,0.0019
0.5238,0.0172
0.063,0.0023
0.0056,0.0024
2e-04,0.0014
0,4e-04
8e-04,0.0015
0.0011,0.0015
0.005,0.0019
0.5233,0.0173
0.0046,0.0018
0.0024,0.0022
0.0073,0.0024
28,38
15,20
9,38
6,23
64,48
23,19
72,73
23,32
33,18
168,443
7,13
119,66
20,21
43,25
3,31
55,25
82,49
388,263
48,51
154,68
4,20
683,336
74,34
5,28
79,34
37,37
12,14
32,32
17,75
42,21
14,59
8,11
12,33
11,15
13,24
34,15
56,26
72,29
12,37
0.03,0.039
0.069,0.036
0.082,0.045
0.004,0.075
0.006,0.022
0.03,0.26
0.034,0.015
0.041,0.041
0.036,0.015
0.111,0.026
0.11,0.026
0.005,0.033
0.031,0.038
0.107,0.05
0.036,0.012
0.034,0.012
0.002,0.014
0.045,0.079
0.096,0.048
0.067,0.043
0.014,0.038
0.09,0.039
0.044,0.027
0.035,0.012
0.11,0.026
0.028,0.043
0.025,0.014
0.124,0.084
0.097,0.04
0.245,0.194
0.051,0.031
0.117,0.029
0.124,0.049
0.016,0.028
0.1,0.047
0.086,0.045
0.065,0.054
0.034,0.042
0.111,0.23
0.046,0.038
0.104,0.026
0.057,0.042
0.096,0.047
0.112,0.049
0.11,0.026
0.145,0.009
725,82
11292,2670
0.098,0.016
0.201,0.011
0.053,0.014
0.13,0.015
0.274,0.016
0.076,0.013
0.159,0.033
0.958,0.038
356,88
2437,388
11703,410
0.124,0.016
0.137,0.018
0.182,0.024
0.233,0.012
0.006,0.015
0.077,0.015
0.002,0.008
0.03,0.015
0.05,0.015
0.12,0.018
0.153,0.017
0.106,0.015
0.124,0.014
0.179,0.013
0.007,0.003
681,93
56,386
0.167,0.024
0.078,0.008
0.079,0.016
0.026,0.01
1279,85
0.051,0.015
0.121,0.011
13676,4278
767,295
0.026,0.011
9090,401
0.105,0.016
0.078,0.016
26,48
0.131,0.008
1808,1630
0.079,0.008
0.009,0.003
0.027,0.029
0.092,0.015
0.273,0.016
0.08,0.017
0.006,0.003
0.242,0.016
0.05,0.015
1.036,0.031
10768,420
0.068,0.019
0.002,0.005
0.117,0.013
2093,513
0.006,0.006
98,37
0.034,0.007
148,42
0.129,0.014
0.817,0.031
0.21,0.017
1050,59
704,209
0.003,0.006
0.779,0.116
0.03,0.015
0.079,0.023
0.176,0.014
0.151,0.017
0.803,0.121
61,35
0.024,0.005
0.017,0.017
0.883,0.123
0.123,0.016
0.22,0.037
0.126,0.014
0.082,0.008
1511,192
153,40
942,148
0.031,0.009
0.009,0.015
0.069,0.008
0.046,0.009
4894,785
0.051,0.015
0.365,0.016
0.424,0.017
0.192,0.036
0.132,0.011
2460,2975
0.044,0.019
1055,137
343,65
0.004,0.003
1218,74
0,0.002
0.002,0.003
375,48
0.011,0.003
173,25
